cid1,cid2
85,206
85,271
85,444
85,772
85,853
85,937
85,942
85,1983
85,2162
85,2244
85,2250
85,2462
85,2524
85,2585
85,2771
85,2803
85,2806
85,3016
85,3043
85,3062
85,3075
85,3121
85,3348
85,3365
85,3405
85,3440
85,3446
85,3478
85,3696
85,3878
85,3883
85,3937
85,3957
85,3958
85,4168
85,4171
85,4510
85,4543
85,4583
85,4594
85,4634
85,4679
85,4740
85,4829
85,4894
85,5038
85,5039
85,5073
85,5076
85,5090
85,5267
85,5408
85,5514
85,5732
85,6691
85,8953
85,27661
85,54454
85,59708
85,62924
85,87177
85,150311
85,156419
85,3085017
85,3468412
85,5281104
85,6398525
119,772
119,1117
119,1972
119,1983
119,2022
119,2083
119,2162
119,2244
119,2250
119,2265
119,2274
119,2622
119,2650
119,2656
119,2764
119,2771
119,2907
119,2909
119,3325
119,3365
119,3367
119,3405
119,3440
119,3454
119,3467
119,3640
119,3883
119,3929
119,3958
119,4159
119,4173
119,4253
119,4594
119,4595
119,4679
119,4873
119,4894
119,4900
119,4943
119,5039
119,5372
119,5645
119,5651
119,6691
119,8953
119,39765
119,83786
143,206
143,444
143,450
143,453
143,581
143,596
143,598
143,772
143,853
143,937
143,942
143,1117
143,1302
143,1690
143,1775
143,1971
143,1972
143,1978
143,1983
143,1986
143,2019
143,2022
143,2083
143,2088
143,2118
143,2142
143,2153
143,2156
143,2160
143,2162
143,2171
143,2173
143,2187
143,2244
143,2249
143,2250
143,2269
143,2284
143,2311
143,2369
143,2405
143,2471
143,2477
143,2478
143,2520
143,2524
143,2541
143,2550
143,2554
143,2576
143,2578
143,2585
143,2617
143,2622
143,2650
143,2656
143,2658
143,2662
143,2666
143,2678
143,2713
143,2756
143,2764
143,2771
143,2786
143,2802
143,2803
143,2806
143,2812
143,2891
143,2895
143,2907
143,2909
143,2955
143,2978
143,3003
143,3016
143,3032
143,3043
143,3062
143,3075
143,3108
143,3121
143,3143
143,3148
143,3152
143,3154
143,3157
143,3161
143,3203
143,3222
143,3249
143,3305
143,3310
143,3325
143,3333
143,3339
143,3345
143,3348
143,3350
143,3355
143,3365
143,3367
143,3385
143,3386
143,3403
143,3405
143,3440
143,3446
143,3454
143,3461
143,3463
143,3467
143,3476
143,3478
143,3488
143,3510
143,3516
143,3559
143,3639
143,3640
143,3648
143,3652
143,3661
143,3672
143,3676
143,3690
143,3702
143,3715
143,3746
143,3749
143,3750
143,3780
143,3793
143,3825
143,3877
143,3883
143,3890
143,3899
143,3929
143,3937
143,3954
143,3957
143,3958
143,3961
143,3962
143,4052
143,4075
143,4091
143,4107
143,4112
143,4158
143,4159
143,4168
143,4170
143,4171
143,4173
143,4205
143,4212
143,4253
143,4409
143,4463
143,4485
143,4509
143,4510
143,4539
143,4583
143,4585
143,4594
143,4595
143,4609
143,4616
143,4634
143,4635
143,4666
143,4674
143,4679
143,4691
143,4812
143,4829
143,4856
143,4873
143,4889
143,4894
143,4900
143,4917
143,4927
143,4943
143,4946
143,4993
143,5002
143,5005
143,5029
143,5035
143,5038
143,5039
143,5073
143,5076
143,5090
143,5095
143,5152
143,5155
143,5184
143,5203
143,5212
143,5215
143,5234
143,5245
143,5253
143,5267
143,5291
143,5372
143,5391
143,5394
143,5401
143,5408
143,5412
143,5426
143,5496
143,5512
143,5523
143,5544
143,5556
143,5645
143,5647
143,5650
143,5651
143,5656
143,5672
143,5732
143,5746
143,5978
143,6691
143,8953
143,10631
143,19090
143,24486
143,27661
143,28112
143,38904
143,41774
143,54374
143,54454
143,54688
143,59708
143,60147
143,60184
143,60198
143,60831
143,60835
143,60843
143,60852
143,60953
143,62924
143,65999
143,68740
143,71616
143,77999
143,83786
143,87177
143,93860
143,119607
143,123631
143,125889
143,130881
143,147912
143,148192
143,148211
143,150311
143,151165
143,152945
143,176870
143,213039
143,216326
143,443871
143,667490
143,3062316
143,3468412
143,4183806
143,4475485
143,5311039
143,5311048
143,5311297
143,5329102
143,5353980
143,5481350
143,6398525
143,6447131
158,1983
158,5732
158,5771
158,4183806
159,772
159,853
159,1983
159,2083
159,2088
159,2118
159,2156
159,2160
159,2162
159,2244
159,2249
159,2250
159,2265
159,2462
159,2471
159,2550
159,2617
159,2656
159,2666
159,2678
159,2764
159,2771
159,2803
159,2806
159,2909
159,3003
159,3016
159,3062
159,3075
159,3108
159,3222
159,3325
159,3345
159,3348
159,3365
159,3382
159,3386
159,3405
159,3440
159,3446
159,3463
159,3476
159,3488
159,3516
159,3559
159,3639
159,3652
159,3672
159,3746
159,3883
159,3937
159,3954
159,3957
159,3958
159,3961
159,4091
159,4168
159,4170
159,4171
159,4173
159,4178
159,4253
159,4411
159,4485
159,4583
159,4594
159,4595
159,4635
159,4679
159,4691
159,4812
159,4873
159,4894
159,4900
159,4917
159,4927
159,4943
159,4946
159,5029
159,5035
159,5039
159,5203
159,5212
159,5267
159,5391
159,5496
159,5523
159,5556
159,5651
159,5732
159,6691
159,27661
159,41781
159,54454
159,60831
159,62924
159,83786
159,87177
159,104865
159,125889
159,145068
159,152945
159,197712
159,5311181
159,5311297
191,772
191,838
191,853
191,937
191,1117
191,1983
191,2022
191,2083
191,2156
191,2162
191,2244
191,2249
191,2250
191,2520
191,2585
191,2617
191,2622
191,2656
191,2666
191,2771
191,2803
191,2806
191,2891
191,2909
191,3062
191,3075
191,3325
191,3345
191,3365
191,3367
191,3405
191,3440
191,3446
191,3478
191,3510
191,3639
191,3640
191,3672
191,3676
191,3746
191,3883
191,3937
191,3958
191,4053
191,4091
191,4112
191,4159
191,4168
191,4171
191,4173
191,4253
191,4485
191,4510
191,4583
191,4594
191,4635
191,4679
191,4829
191,4873
191,4889
191,4894
191,4943
191,5038
191,5039
191,5064
191,5090
191,5203
191,5234
191,5372
191,5394
191,5645
191,5647
191,5650
191,5651
191,5732
191,6691
191,8953
191,27661
191,54454
191,54688
191,60831
191,83786
191,125889
191,5311297
206,453
206,772
206,838
206,853
206,1117
206,1690
206,1775
206,1971
206,1983
206,2022
206,2083
206,2088
206,2118
206,2160
206,2162
206,2244
206,2249
206,2250
206,2269
206,2474
206,2520
206,2585
206,2622
206,2656
206,2764
206,2771
206,2803
206,2806
206,2891
206,3003
206,3016
206,3032
206,3062
206,3075
206,3121
206,3203
206,3222
206,3279
206,3325
206,3339
206,3345
206,3348
206,3365
206,3385
206,3405
206,3414
206,3440
206,3446
206,3454
206,3467
206,3488
206,3510
206,3559
206,3640
206,3648
206,3658
206,3661
206,3672
206,3676
206,3706
206,3746
206,3877
206,3883
206,3890
206,3929
206,3937
206,3954
206,3958
206,3961
206,4052
206,4091
206,4159
206,4168
206,4171
206,4173
206,4253
206,4510
206,4583
206,4594
206,4595
206,4609
206,4635
206,4666
206,4679
206,4691
206,4812
206,4873
206,4894
206,4900
206,4917
206,4927
206,4943
206,5002
206,5029
206,5038
206,5039
206,5073
206,5076
206,5090
206,5155
206,5203
206,5212
206,5234
206,5267
206,5391
206,5523
206,5645
206,5651
206,5726
206,5732
206,6691
206,8953
206,19090
206,24486
206,28112
206,38904
206,54374
206,54454
206,54688
206,65999
206,74989
206,83786
206,87177
206,148211
206,150311
206,3468412
206,5311048
206,5311297
206,5381226
206,6398525
214,444
214,772
214,853
214,1117
214,1302
214,1972
214,1983
214,2022
214,2083
214,2088
214,2160
214,2162
214,2244
214,2249
214,2250
214,2405
214,2520
214,2554
214,2585
214,2617
214,2764
214,2771
214,2802
214,2806
214,2891
214,2909
214,3003
214,3016
214,3032
214,3075
214,3157
214,3222
214,3308
214,3325
214,3333
214,3345
214,3348
214,3365
214,3386
214,3405
214,3414
214,3440
214,3446
214,3463
214,3478
214,3488
214,3639
214,3661
214,3672
214,3676
214,3702
214,3780
214,3793
214,3821
214,3877
214,3883
214,3911
214,3929
214,3937
214,3957
214,3961
214,4091
214,4112
214,4159
214,4171
214,4192
214,4253
214,4485
214,4506
214,4510
214,4583
214,4594
214,4675
214,4679
214,4740
214,4829
214,4873
214,4885
214,4889
214,4894
214,4900
214,4943
214,4946
214,5038
214,5039
214,5073
214,5206
214,5212
214,5234
214,5267
214,5372
214,5408
214,5556
214,5645
214,5650
214,5651
214,5656
214,5732
214,6691
214,8953
214,27661
214,39765
214,54454
214,60147
214,60612
214,62924
214,71616
214,77999
214,83786
214,110634
214,110635
214,150311
214,4475485
271,444
271,453
271,581
271,598
271,772
271,853
271,861
271,937
271,1065
271,1117
271,1302
271,1690
271,1775
271,1983
271,2019
271,2022
271,2083
271,2088
271,2118
271,2153
271,2156
271,2160
271,2162
271,2244
271,2249
271,2250
271,2265
271,2269
271,2405
271,2471
271,2520
271,2522
271,2524
271,2541
271,2550
271,2554
271,2585
271,2610
271,2617
271,2622
271,2650
271,2656
271,2658
271,2662
271,2666
271,2678
271,2764
271,2771
271,2786
271,2802
271,2803
271,2806
271,2812
271,2891
271,2895
271,2907
271,2909
271,2955
271,3003
271,3016
271,3062
271,3075
271,3121
271,3148
271,3157
271,3222
271,3249
271,3310
271,3325
271,3333
271,3339
271,3345
271,3348
271,3350
271,3365
271,3385
271,3386
271,3403
271,3405
271,3419
271,3440
271,3446
271,3454
271,3463
271,3467
271,3476
271,3478
271,3488
271,3559
271,3637
271,3639
271,3640
271,3648
271,3658
271,3672
271,3676
271,3690
271,3715
271,3736
271,3746
271,3749
271,3780
271,3784
271,3869
271,3883
271,3929
271,3937
271,3954
271,3957
271,3958
271,3961
271,3962
271,4034
271,4091
271,4112
271,4159
271,4168
271,4170
271,4171
271,4173
271,4195
271,4201
271,4205
271,4253
271,4259
271,4264
271,4411
271,4485
271,4510
271,4547
271,4583
271,4585
271,4594
271,4595
271,4603
271,4616
271,4634
271,4635
271,4674
271,4679
271,4691
271,4740
271,4829
271,4873
271,4885
271,4889
271,4894
271,4900
271,4917
271,4927
271,5002
271,5005
271,5029
271,5038
271,5039
271,5040
271,5064
271,5073
271,5090
271,5095
271,5152
271,5203
271,5212
271,5234
271,5245
271,5267
271,5358
271,5372
271,5376
271,5379
271,5391
271,5401
271,5408
271,5426
271,5512
271,5514
271,5523
271,5533
271,5544
271,5647
271,5650
271,5651
271,5656
271,5732
271,5978
271,6691
271,8953
271,19090
271,24486
271,27661
271,41781
271,54454
271,54688
271,60147
271,60754
271,60831
271,60835
271,62924
271,64147
271,68740
271,71616
271,74989
271,77999
271,83786
271,87177
271,93860
271,119607
271,125889
271,130881
271,150311
271,156419
271,176168
271,197712
271,216326
271,443871
271,444013
271,508230
271,3002190
271,3085017
271,3468412
271,4475485
271,5281104
271,5311297
271,5329102
271,5493444
271,6398525
298,1117
298,1690
298,1983
298,2022
298,2088
298,2162
298,2171
298,2244
298,2249
298,2269
298,2474
298,2550
298,2656
298,2658
298,2713
298,2764
298,2907
298,3003
298,3032
298,3062
298,3161
298,3255
298,3345
298,3365
298,3386
298,3405
298,3440
298,3446
298,3467
298,3640
298,3672
298,3676
298,3715
298,3883
298,3929
298,3937
298,3958
298,4112
298,4168
298,4171
298,4173
298,4583
298,4594
298,4595
298,4834
298,4894
298,4943
298,5038
298,5039
298,5391
298,5478
298,5578
298,5651
298,6691
298,54454
298,83786
298,87177
298,504578
298,3468412
444,450
444,581
444,596
444,772
444,838
444,853
444,861
444,937
444,942
444,1065
444,1117
444,1206
444,1302
444,1690
444,1775
444,1971
444,1978
444,1983
444,1986
444,2022
444,2083
444,2088
444,2092
444,2099
444,2118
444,2130
444,2141
444,2153
444,2156
444,2160
444,2162
444,2171
444,2187
444,2244
444,2249
444,2250
444,2265
444,2267
444,2269
444,2284
444,2308
444,2311
444,2369
444,2375
444,2405
444,2435
444,2462
444,2471
444,2474
444,2476
444,2477
444,2487
444,2512
444,2520
444,2522
444,2524
444,2541
444,2550
444,2554
444,2576
444,2585
444,2609
444,2610
444,2617
444,2646
444,2656
444,2658
444,2662
444,2666
444,2678
444,2726
444,2733
444,2749
444,2756
444,2764
444,2771
444,2786
444,2801
444,2802
444,2803
444,2806
444,2812
444,2818
444,2891
444,2895
444,2907
444,2909
444,2955
444,2978
444,3003
444,3007
444,3008
444,3016
444,3032
444,3042
444,3043
444,3059
444,3062
444,3075
444,3108
444,3121
444,3143
444,3148
444,3152
444,3154
444,3157
444,3158
444,3161
444,3203
444,3222
444,3249
444,3255
444,3279
444,3308
444,3310
444,3324
444,3325
444,3333
444,3339
444,3345
444,3348
444,3350
444,3365
444,3372
444,3382
444,3385
444,3386
444,3393
444,3394
444,3403
444,3404
444,3405
444,3410
444,3419
444,3440
444,3446
444,3449
444,3454
444,3461
444,3463
444,3467
444,3476
444,3478
444,3488
444,3494
444,3510
444,3516
444,3559
444,3639
444,3640
444,3648
444,3652
444,3657
444,3658
444,3672
444,3676
444,3696
444,3702
444,3715
444,3736
444,3746
444,3749
444,3750
444,3767
444,3780
444,3793
444,3823
444,3825
444,3826
444,3869
444,3877
444,3878
444,3883
444,3890
444,3899
444,3902
444,3911
444,3929
444,3937
444,3954
444,3957
444,3958
444,3961
444,3962
444,4034
444,4052
444,4054
444,4058
444,4075
444,4091
444,4095
444,4107
444,4112
444,4138
444,4158
444,4159
444,4168
444,4170
444,4171
444,4173
444,4178
444,4189
444,4195
444,4200
444,4205
444,4212
444,4236
444,4253
444,4259
444,4264
444,4409
444,4411
444,4428
444,4440
444,4449
444,4451
444,4463
444,4485
444,4506
444,4509
444,4510
444,4513
444,4536
444,4542
444,4543
444,4547
444,4583
444,4585
444,4594
444,4595
444,4599
444,4601
444,4603
444,4609
444,4614
444,4616
444,4634
444,4635
444,4666
444,4674
444,4679
444,4691
444,4740
444,4745
444,4748
444,4771
444,4819
444,4829
444,4845
444,4856
444,4873
444,4885
444,4889
444,4894
444,4900
444,4909
444,4917
444,4920
444,4927
444,4943
444,4946
444,4999
444,5002
444,5005
444,5029
444,5035
444,5038
444,5039
444,5064
444,5073
444,5076
444,5077
444,5078
444,5090
444,5095
444,5152
444,5155
444,5195
444,5203
444,5210
444,5212
444,5234
444,5245
444,5253
444,5267
444,5291
444,5352
444,5358
444,5372
444,5376
444,5379
444,5391
444,5394
444,5401
444,5402
444,5408
444,5412
444,5426
444,5454
444,5466
444,5472
444,5478
444,5487
444,5512
444,5514
444,5523
444,5530
444,5533
444,5538
444,5544
444,5556
444,5572
444,5584
444,5596
444,5645
444,5647
444,5650
444,5651
444,5656
444,5717
444,5719
444,5726
444,5731
444,5732
444,5734
444,5735
444,5878
444,6691
444,8953
444,10631
444,12536
444,16231
444,19090
444,24011
444,24486
444,27661
444,27686
444,28112
444,32797
444,34312
444,38904
444,41317
444,41774
444,41781
444,54374
444,54454
444,54688
444,54841
444,56339
444,57469
444,57537
444,59708
444,60147
444,60164
444,60184
444,60198
444,60754
444,60787
444,60795
444,60831
444,60835
444,60843
444,60852
444,60854
444,60865
444,60953
444,62924
444,64147
444,65999
444,68740
444,71158
444,71329
444,72054
444,74989
444,77993
444,77999
444,83786
444,87177
444,91270
444,93860
444,104741
444,104865
444,110634
444,110635
444,115237
444,119607
444,122316
444,123620
444,123631
444,124087
444,125017
444,125889
444,130881
444,131536
444,148192
444,148211
444,150310
444,150311
444,152945
444,154059
444,160051
444,163742
444,170361
444,176870
444,197712
444,213039
444,216239
444,216326
444,443871
444,504578
444,667490
444,1349907
444,3002190
444,3062316
444,3081884
444,3085017
444,3468412
444,4183806
444,4475485
444,4659568
444,5282226
444,5311048
444,5311181
444,5311297
444,5329102
444,5353980
444,5381226
444,5481350
444,5487301
444,6398525
444,6398970
444,6447131
450,581
450,596
450,772
450,838
450,853
450,861
450,937
450,942
450,1065
450,1071
450,1117
450,1302
450,1690
450,1775
450,1978
450,1983
450,2022
450,2083
450,2088
450,2099
450,2118
450,2153
450,2156
450,2160
450,2162
450,2171
450,2187
450,2244
450,2249
450,2250
450,2265
450,2267
450,2269
450,2284
450,2308
450,2311
450,2405
450,2435
450,2462
450,2471
450,2477
450,2487
450,2512
450,2520
450,2524
450,2541
450,2550
450,2554
450,2576
450,2585
450,2609
450,2617
450,2658
450,2662
450,2666
450,2678
450,2732
450,2733
450,2749
450,2756
450,2764
450,2771
450,2786
450,2802
450,2803
450,2806
450,2812
450,2891
450,2895
450,2907
450,2909
450,2955
450,3003
450,3007
450,3016
450,3032
450,3042
450,3062
450,3075
450,3108
450,3121
450,3143
450,3152
450,3154
450,3157
450,3158
450,3161
450,3222
450,3249
450,3255
450,3261
450,3305
450,3308
450,3324
450,3325
450,3333
450,3339
450,3345
450,3348
450,3350
450,3355
450,3365
450,3385
450,3386
450,3393
450,3403
450,3404
450,3405
450,3410
450,3419
450,3440
450,3446
450,3461
450,3463
450,3476
450,3478
450,3488
450,3494
450,3510
450,3516
450,3559
450,3639
450,3640
450,3648
450,3652
450,3658
450,3672
450,3675
450,3676
450,3696
450,3702
450,3715
450,3746
450,3749
450,3750
450,3823
450,3825
450,3826
450,3869
450,3878
450,3883
450,3890
450,3899
450,3902
450,3911
450,3937
450,3954
450,3957
450,3958
450,3961
450,3962
450,4034
450,4052
450,4054
450,4058
450,4064
450,4075
450,4091
450,4107
450,4112
450,4158
450,4159
450,4168
450,4170
450,4171
450,4173
450,4205
450,4236
450,4253
450,4259
450,4409
450,4411
450,4440
450,4449
450,4485
450,4509
450,4510
450,4513
450,4536
450,4542
450,4543
450,4583
450,4585
450,4594
450,4595
450,4599
450,4601
450,4603
450,4609
450,4614
450,4616
450,4634
450,4635
450,4666
450,4674
450,4679
450,4691
450,4740
450,4771
450,4819
450,4829
450,4845
450,4856
450,4873
450,4885
450,4889
450,4894
450,4900
450,4909
450,4917
450,4920
450,4927
450,4943
450,4946
450,4991
450,4999
450,5002
450,5005
450,5029
450,5035
450,5038
450,5039
450,5040
450,5064
450,5073
450,5077
450,5078
450,5090
450,5095
450,5152
450,5195
450,5203
450,5210
450,5212
450,5234
450,5245
450,5267
450,5291
450,5352
450,5358
450,5372
450,5376
450,5379
450,5391
450,5402
450,5408
450,5426
450,5478
450,5487
450,5496
450,5512
450,5514
450,5523
450,5530
450,5533
450,5538
450,5544
450,5556
450,5578
450,5647
450,5650
450,5651
450,5656
450,5717
450,5719
450,5731
450,5732
450,5734
450,5735
450,6691
450,10631
450,16231
450,19090
450,24486
450,27661
450,27991
450,28112
450,32797
450,34312
450,38904
450,41317
450,41781
450,54374
450,54454
450,54547
450,54688
450,54841
450,59708
450,60198
450,60696
450,60795
450,60831
450,60835
450,60852
450,60854
450,60865
450,60953
450,62924
450,65999
450,68740
450,71329
450,72054
450,77993
450,77999
450,83786
450,87177
450,91270
450,93860
450,104865
450,115237
450,119607
450,123606
450,123620
450,124087
450,125017
450,125889
450,130881
450,148211
450,150311
450,154059
450,160051
450,170361
450,197712
450,216326
450,443871
450,667490
450,3002190
450,3081884
450,3468412
450,4183806
450,4475485
450,5281104
450,5282226
450,5311027
450,5311048
450,5311181
450,5311297
450,5329102
450,5353980
450,5487301
450,6398525
450,6398970
450,6447131
453,564
453,581
453,596
453,598
453,772
453,838
453,853
453,1117
453,1690
453,1775
453,1972
453,1983
453,2022
453,2083
453,2088
453,2141
453,2142
453,2156
453,2162
453,2173
453,2244
453,2249
453,2250
453,2269
453,2471
453,2474
453,2478
453,2524
453,2550
453,2554
453,2578
453,2585
453,2617
453,2622
453,2656
453,2658
453,2662
453,2756
453,2764
453,2771
453,2802
453,2803
453,2806
453,2812
453,2907
453,2909
453,3003
453,3016
453,3032
453,3062
453,3075
453,3121
453,3143
453,3148
453,3255
453,3310
453,3325
453,3345
453,3365
453,3385
453,3403
453,3405
453,3440
453,3446
453,3454
453,3461
453,3467
453,3476
453,3478
453,3488
453,3510
453,3559
453,3640
453,3661
453,3672
453,3676
453,3690
453,3724
453,3746
453,3750
453,3763
453,3826
453,3869
453,3883
453,3929
453,3937
453,3954
453,3958
453,3961
453,4112
453,4159
453,4168
453,4170
453,4171
453,4173
453,4192
453,4212
453,4253
453,4411
453,4473
453,4485
453,4497
453,4510
453,4583
453,4585
453,4594
453,4595
453,4635
453,4666
453,4675
453,4679
453,4691
453,4834
453,4873
453,4894
453,4900
453,4917
453,4927
453,4943
453,4946
453,5002
453,5038
453,5039
453,5206
453,5234
453,5372
453,5391
453,5394
453,5496
453,5645
453,5651
453,5672
453,5719
453,5732
453,6691
453,8953
453,19090
453,24486
453,27661
453,38904
453,39765
453,54454
453,59708
453,60696
453,60843
453,64147
453,83786
453,87177
453,123631
453,148211
453,151165
453,156419
453,3085017
453,3468412
453,5281104
453,5311039
453,5311048
564,596
564,772
564,838
564,853
564,1117
564,1983
564,2022
564,2083
564,2156
564,2162
564,2244
564,2249
564,2250
564,2269
564,2617
564,2622
564,2764
564,2909
564,2955
564,3062
564,3075
564,3325
564,3345
564,3365
564,3386
564,3405
564,3440
564,3454
564,3463
564,3639
564,3640
564,3746
564,3883
564,3937
564,3957
564,3958
564,4112
564,4168
564,4171
564,4173
564,4253
564,4510
564,4583
564,4594
564,4595
564,4675
564,4873
564,4917
564,5039
564,5203
564,5372
564,5426
564,5647
564,5651
564,5732
564,6691
564,8953
564,27991
564,54374
564,54454
564,83786
564,150311
564,216326
564,3468412
564,4475485
564,5493381
581,596
581,772
581,838
581,853
581,937
581,1117
581,1302
581,1690
581,1775
581,1972
581,1983
581,2022
581,2083
581,2088
581,2118
581,2142
581,2153
581,2156
581,2160
581,2162
581,2171
581,2173
581,2244
581,2249
581,2250
581,2265
581,2269
581,2284
581,2308
581,2405
581,2462
581,2471
581,2520
581,2524
581,2541
581,2550
581,2554
581,2585
581,2617
581,2622
581,2650
581,2656
581,2658
581,2662
581,2666
581,2678
581,2713
581,2756
581,2764
581,2771
581,2786
581,2803
581,2806
581,2891
581,2907
581,2909
581,3003
581,3016
581,3032
581,3062
581,3075
581,3121
581,3143
581,3152
581,3157
581,3158
581,3161
581,3222
581,3255
581,3310
581,3325
581,3333
581,3339
581,3345
581,3350
581,3355
581,3365
581,3367
581,3373
581,3385
581,3386
581,3405
581,3410
581,3440
581,3446
581,3454
581,3461
581,3467
581,3476
581,3478
581,3488
581,3510
581,3516
581,3559
581,3639
581,3640
581,3648
581,3652
581,3658
581,3661
581,3672
581,3676
581,3715
581,3724
581,3736
581,3746
581,3749
581,3767
581,3780
581,3793
581,3825
581,3826
581,3877
581,3878
581,3883
581,3899
581,3929
581,3937
581,3954
581,3957
581,3958
581,3961
581,4058
581,4091
581,4112
581,4159
581,4168
581,4170
581,4171
581,4173
581,4192
581,4205
581,4211
581,4253
581,4259
581,4264
581,4473
581,4485
581,4510
581,4539
581,4583
581,4585
581,4594
581,4595
581,4607
581,4609
581,4616
581,4634
581,4635
581,4666
581,4674
581,4679
581,4691
581,4740
581,4812
581,4829
581,4834
581,4856
581,4873
581,4885
581,4889
581,4894
581,4900
581,4917
581,4927
581,4943
581,4946
581,5002
581,5005
581,5029
581,5038
581,5039
581,5040
581,5064
581,5073
581,5090
581,5152
581,5203
581,5212
581,5234
581,5245
581,5253
581,5267
581,5372
581,5379
581,5391
581,5394
581,5401
581,5496
581,5523
581,5544
581,5645
581,5647
581,5650
581,5651
581,5656
581,5672
581,5732
581,5978
581,6691
581,8953
581,9052
581,19090
581,24486
581,27661
581,27686
581,36339
581,38904
581,41693
581,41781
581,51263
581,54374
581,54454
581,54547
581,54688
581,59708
581,60147
581,60184
581,60696
581,60831
581,62924
581,64147
581,68740
581,71616
581,77999
581,83786
581,87177
581,93860
581,104865
581,119607
581,123620
581,123631
581,124087
581,125889
581,150311
581,163742
581,176870
581,3002190
581,3468412
581,4475485
581,5281104
581,5282044
581,5311039
581,5311048
581,5311082
581,5311297
581,5329102
581,5353980
581,6398525
596,598
596,772
596,838
596,853
596,942
596,1117
596,1546
596,1690
596,1775
596,1972
596,1983
596,1986
596,2019
596,2022
596,2083
596,2088
596,2118
596,2142
596,2156
596,2160
596,2162
596,2171
596,2244
596,2249
596,2250
596,2265
596,2269
596,2274
596,2283
596,2284
596,2405
596,2478
596,2550
596,2554
596,2578
596,2585
596,2617
596,2622
596,2650
596,2656
596,2658
596,2662
596,2678
596,2713
596,2720
596,2725
596,2764
596,2771
596,2786
596,2802
596,2803
596,2812
596,2891
596,2895
596,2907
596,2909
596,2955
596,2973
596,2978
596,3003
596,3016
596,3032
596,3062
596,3075
596,3108
596,3121
596,3148
596,3161
596,3198
596,3203
596,3222
596,3249
596,3255
596,3279
596,3310
596,3324
596,3325
596,3345
596,3348
596,3350
596,3365
596,3367
596,3386
596,3405
596,3419
596,3440
596,3446
596,3454
596,3461
596,3467
596,3476
596,3478
596,3488
596,3510
596,3516
596,3559
596,3639
596,3640
596,3648
596,3657
596,3658
596,3661
596,3672
596,3676
596,3690
596,3715
596,3746
596,3749
596,3767
596,3793
596,3823
596,3826
596,3877
596,3883
596,3929
596,3937
596,3954
596,3957
596,3958
596,3961
596,4053
596,4058
596,4091
596,4112
596,4159
596,4168
596,4171
596,4173
596,4189
596,4192
596,4200
596,4212
596,4253
596,4259
596,4485
596,4510
596,4513
596,4536
596,4583
596,4594
596,4595
596,4609
596,4635
596,4666
596,4679
596,4691
596,4812
596,4829
596,4834
596,4873
596,4889
596,4894
596,4900
596,4917
596,4927
596,4943
596,4946
596,5002
596,5029
596,5038
596,5039
596,5040
596,5064
596,5073
596,5076
596,5155
596,5203
596,5212
596,5234
596,5267
596,5291
596,5358
596,5372
596,5379
596,5391
596,5394
596,5426
596,5453
596,5496
596,5512
596,5515
596,5523
596,5538
596,5544
596,5578
596,5645
596,5647
596,5650
596,5651
596,5656
596,5672
596,5726
596,5732
596,5978
596,6691
596,8953
596,10631
596,13342
596,14888
596,19090
596,27661
596,36339
596,38904
596,41781
596,54374
596,54454
596,54547
596,54688
596,59708
596,60147
596,60184
596,60787
596,60835
596,62924
596,68740
596,71616
596,72467
596,83786
596,87177
596,93860
596,119182
596,125889
596,147912
596,151165
596,667490
596,3062316
596,3468412
596,5311039
596,5311048
596,5311297
596,5473385
596,6398525
598,772
598,853
598,1117
598,1690
598,1775
598,1972
598,1983
598,2019
598,2022
598,2088
598,2160
598,2162
598,2173
598,2244
598,2249
598,2250
598,2478
598,2524
598,2541
598,2550
598,2554
598,2578
598,2585
598,2622
598,2631
598,2650
598,2662
598,2666
598,2764
598,2771
598,2806
598,2907
598,2909
598,2955
598,3003
598,3016
598,3032
598,3062
598,3075
598,3121
598,3143
598,3148
598,3310
598,3325
598,3345
598,3365
598,3367
598,3385
598,3386
598,3405
598,3440
598,3446
598,3461
598,3467
598,3510
598,3559
598,3640
598,3672
598,3690
598,3746
598,3749
598,3877
598,3883
598,3937
598,3954
598,3958
598,4112
598,4159
598,4168
598,4171
598,4173
598,4205
598,4212
598,4253
598,4485
598,4583
598,4594
598,4595
598,4609
598,4635
598,4666
598,4674
598,4679
598,4691
598,4873
598,4894
598,4900
598,4917
598,4927
598,4943
598,5038
598,5039
598,5184
598,5234
598,5291
598,5372
598,5426
598,5453
598,5496
598,5514
598,5645
598,5647
598,5651
598,5656
598,5672
598,5732
598,5978
598,6691
598,8953
598,10631
598,13342
598,38904
598,41781
598,54454
598,60754
598,68740
598,71616
598,72467
598,83786
598,87177
598,93860
598,151165
598,444013
598,667490
598,3085017
598,5281007
598,5311039
598,5311048
772,838
772,853
772,861
772,937
772,942
772,1065
772,1071
772,1117
772,1302
772,1690
772,1775
772,1971
772,1972
772,1978
772,1983
772,1986
772,2022
772,2083
772,2088
772,2092
772,2118
772,2141
772,2142
772,2153
772,2156
772,2160
772,2162
772,2171
772,2173
772,2187
772,2232
772,2244
772,2249
772,2250
772,2265
772,2267
772,2269
772,2274
772,2283
772,2284
772,2308
772,2311
772,2349
772,2370
772,2375
772,2405
772,2435
772,2462
772,2471
772,2474
772,2476
772,2477
772,2478
772,2487
772,2512
772,2520
772,2524
772,2541
772,2550
772,2554
772,2576
772,2578
772,2585
772,2609
772,2610
772,2617
772,2622
772,2631
772,2637
772,2650
772,2656
772,2658
772,2662
772,2666
772,2678
772,2712
772,2713
772,2720
772,2725
772,2726
772,2732
772,2756
772,2764
772,2771
772,2786
772,2801
772,2802
772,2803
772,2806
772,2812
772,2818
772,2891
772,2895
772,2907
772,2909
772,2951
772,2955
772,2978
772,3003
772,3016
772,3032
772,3040
772,3042
772,3043
772,3062
772,3075
772,3108
772,3121
772,3143
772,3148
772,3152
772,3154
772,3157
772,3158
772,3161
772,3168
772,3198
772,3203
772,3222
772,3249
772,3255
772,3279
772,3308
772,3310
772,3324
772,3325
772,3333
772,3339
772,3345
772,3348
772,3350
772,3355
772,3365
772,3367
772,3373
772,3379
772,3385
772,3386
772,3393
772,3397
772,3403
772,3404
772,3405
772,3410
772,3419
772,3440
772,3446
772,3449
772,3454
772,3461
772,3463
772,3467
772,3476
772,3478
772,3488
772,3494
772,3510
772,3516
772,3559
772,3637
772,3639
772,3640
772,3648
772,3652
772,3657
772,3658
772,3661
772,3672
772,3676
772,3690
772,3696
772,3702
772,3715
772,3724
772,3730
772,3734
772,3736
772,3741
772,3746
772,3749
772,3750
772,3763
772,3780
772,3784
772,3793
772,3821
772,3823
772,3825
772,3826
772,3869
772,3877
772,3878
772,3883
772,3890
772,3899
772,3902
772,3911
772,3929
772,3937
772,3954
772,3957
772,3958
772,3961
772,3962
772,3964
772,4034
772,4052
772,4053
772,4054
772,4058
772,4064
772,4075
772,4091
772,4095
772,4107
772,4112
772,4138
772,4158
772,4159
772,4168
772,4170
772,4171
772,4173
772,4178
772,4189
772,4192
772,4200
772,4201
772,4205
772,4212
772,4236
772,4253
772,4259
772,4264
772,4409
772,4411
772,4419
772,4425
772,4449
772,4463
772,4473
772,4485
772,4497
772,4499
772,4506
772,4509
772,4510
772,4513
772,4536
772,4539
772,4542
772,4543
772,4547
772,4583
772,4585
772,4594
772,4595
772,4599
772,4603
772,4607
772,4609
772,4614
772,4616
772,4634
772,4635
772,4666
772,4674
772,4675
772,4679
772,4691
772,4730
772,4736
772,4740
772,4812
772,4829
772,4834
772,4845
772,4856
772,4873
772,4885
772,4889
772,4894
772,4900
772,4909
772,4911
772,4913
772,4917
772,4920
772,4927
772,4932
772,4943
772,4946
772,4991
772,5002
772,5005
772,5029
772,5035
772,5038
772,5039
772,5040
772,5064
772,5073
772,5076
772,5077
772,5078
772,5090
772,5095
772,5152
772,5155
772,5184
772,5203
772,5206
772,5212
772,5215
772,5234
772,5245
772,5253
772,5267
772,5291
772,5352
772,5358
772,5372
772,5376
772,5379
772,5391
772,5394
772,5401
772,5402
772,5408
772,5412
772,5426
772,5453
772,5466
772,5472
772,5478
772,5486
772,5487
772,5496
772,5512
772,5514
772,5523
772,5525
772,5533
772,5538
772,5544
772,5556
772,5572
772,5578
772,5645
772,5647
772,5650
772,5651
772,5656
772,5672
772,5719
772,5726
772,5731
772,5732
772,5734
772,5735
772,5771
772,5878
772,5978
772,6691
772,8953
772,9052
772,9433
772,10631
772,14888
772,16231
772,19090
772,24011
772,24486
772,27661
772,27686
772,27991
772,28112
772,32797
772,34312
772,36339
772,36811
772,38904
772,39765
772,41693
772,41774
772,41781
772,42113
772,47320
772,47725
772,51263
772,54374
772,54454
772,54547
772,54688
772,54786
772,56339
772,56959
772,59708
772,60147
772,60184
772,60198
772,60612
772,60696
772,60754
772,60795
772,60815
772,60831
772,60835
772,60843
772,60852
772,60854
772,60865
772,60953
772,62924
772,64147
772,65027
772,65999
772,68740
772,71273
772,71329
772,71616
772,72467
772,74989
772,77993
772,77999
772,82146
772,83786
772,87177
772,93860
772,104865
772,119607
772,123606
772,123620
772,123631
772,124087
772,125889
772,130881
772,145068
772,147912
772,148211
772,150311
772,150610
772,151165
772,152945
772,156419
772,160051
772,163742
772,170361
772,176168
772,176870
772,197712
772,213039
772,216239
772,216326
772,443871
772,504578
772,508230
772,667490
772,1349907
772,3002190
772,3062316
772,3081884
772,3085017
772,3468412
772,4183806
772,4475485
772,4479097
772,5281104
772,5282044
772,5282226
772,5311027
772,5311039
772,5311048
772,5311082
772,5311181
772,5311297
772,5329102
772,5353980
772,5381226
772,5481350
772,5487301
772,5493381
772,6398525
815,1046
815,3345
815,3440
815,4253
815,4506
815,4583
815,4943
815,5267
815,5556
815,5645
815,5651
815,60871
815,87177
838,853
838,1117
838,1302
838,1690
838,1775
838,1972
838,1983
838,2022
838,2083
838,2088
838,2118
838,2142
838,2153
838,2156
838,2160
838,2162
838,2171
838,2173
838,2244
838,2249
838,2250
838,2265
838,2267
838,2269
838,2284
838,2308
838,2405
838,2462
838,2471
838,2474
838,2477
838,2520
838,2550
838,2554
838,2576
838,2585
838,2617
838,2622
838,2631
838,2650
838,2656
838,2658
838,2662
838,2666
838,2678
838,2764
838,2771
838,2802
838,2803
838,2806
838,2812
838,2895
838,2907
838,2909
838,3003
838,3016
838,3032
838,3062
838,3075
838,3121
838,3157
838,3222
838,3255
838,3310
838,3325
838,3345
838,3348
838,3365
838,3385
838,3386
838,3403
838,3405
838,3440
838,3446
838,3463
838,3467
838,3476
838,3516
838,3559
838,3639
838,3640
838,3648
838,3658
838,3661
838,3672
838,3676
838,3715
838,3746
838,3749
838,3763
838,3780
838,3826
838,3878
838,3883
838,3929
838,3937
838,3954
838,3957
838,3958
838,3961
838,3962
838,3964
838,4052
838,4091
838,4112
838,4158
838,4159
838,4168
838,4171
838,4173
838,4192
838,4205
838,4236
838,4253
838,4259
838,4409
838,4411
838,4485
838,4510
838,4583
838,4594
838,4595
838,4607
838,4609
838,4635
838,4666
838,4674
838,4675
838,4679
838,4691
838,4812
838,4845
838,4873
838,4885
838,4889
838,4894
838,4900
838,4917
838,4927
838,4943
838,4946
838,5002
838,5029
838,5035
838,5038
838,5039
838,5078
838,5090
838,5152
838,5203
838,5206
838,5212
838,5234
838,5245
838,5267
838,5358
838,5372
838,5379
838,5391
838,5478
838,5487
838,5496
838,5514
838,5523
838,5544
838,5650
838,5651
838,5656
838,5717
838,5719
838,5731
838,5732
838,5735
838,6691
838,8953
838,24486
838,27661
838,27686
838,36339
838,36811
838,39765
838,41693
838,41781
838,47320
838,54454
838,54688
838,56339
838,59708
838,60696
838,60795
838,60831
838,60835
838,60865
838,62924
838,68740
838,71273
838,77993
838,83786
838,87177
838,123620
838,124087
838,125889
838,145068
838,150311
838,170361
838,504578
838,3468412
838,4475485
838,5311039
838,5311048
838,5311297
838,5487301
838,6398525
853,861
853,937
853,942
853,1046
853,1065
853,1071
853,1117
853,1206
853,1302
853,1690
853,1775
853,1971
853,1972
853,1978
853,1983
853,1986
853,2022
853,2083
853,2088
853,2092
853,2099
853,2118
853,2130
853,2141
853,2142
853,2153
853,2156
853,2160
853,2162
853,2171
853,2173
853,2182
853,2187
853,2215
853,2232
853,2244
853,2249
853,2250
853,2265
853,2266
853,2267
853,2269
853,2274
853,2283
853,2284
853,2308
853,2311
853,2349
853,2369
853,2370
853,2375
853,2405
853,2435
853,2462
853,2471
853,2474
853,2476
853,2477
853,2487
853,2512
853,2520
853,2522
853,2524
853,2541
853,2550
853,2551
853,2554
853,2576
853,2578
853,2585
853,2609
853,2610
853,2617
853,2622
853,2631
853,2646
853,2650
853,2656
853,2658
853,2662
853,2666
853,2676
853,2678
853,2708
853,2712
853,2713
853,2719
853,2720
853,2725
853,2726
853,2727
853,2732
853,2733
853,2749
853,2756
853,2764
853,2771
853,2786
853,2800
853,2801
853,2802
853,2803
853,2806
853,2812
853,2818
853,2891
853,2895
853,2907
853,2909
853,2949
853,2951
853,2955
853,2973
853,2978
853,3003
853,3007
853,3008
853,3016
853,3032
853,3040
853,3042
853,3043
853,3059
853,3062
853,3066
853,3075
853,3108
853,3121
853,3143
853,3148
853,3152
853,3154
853,3157
853,3158
853,3161
853,3168
853,3198
853,3222
853,3249
853,3255
853,3261
853,3278
853,3279
853,3305
853,3308
853,3310
853,3324
853,3325
853,3333
853,3339
853,3345
853,3348
853,3350
853,3355
853,3365
853,3367
853,3372
853,3379
853,3381
853,3382
853,3385
853,3386
853,3393
853,3394
853,3397
853,3403
853,3404
853,3405
853,3410
853,3419
853,3440
853,3446
853,3449
853,3454
853,3461
853,3463
853,3467
853,3476
853,3478
853,3488
853,3494
853,3510
853,3516
853,3559
853,3637
853,3639
853,3640
853,3648
853,3652
853,3657
853,3658
853,3661
853,3672
853,3675
853,3676
853,3690
853,3696
853,3702
853,3715
853,3724
853,3736
853,3741
853,3746
853,3749
853,3750
853,3763
853,3767
853,3780
853,3784
853,3793
853,3823
853,3825
853,3826
853,3827
853,3869
853,3877
853,3878
853,3883
853,3890
853,3899
853,3902
853,3911
853,3914
853,3929
853,3937
853,3954
853,3957
853,3958
853,3961
853,3962
853,4034
853,4044
853,4052
853,4053
853,4054
853,4058
853,4064
853,4075
853,4091
853,4095
853,4107
853,4112
853,4138
853,4158
853,4159
853,4168
853,4170
853,4171
853,4173
853,4178
853,4189
853,4192
853,4195
853,4200
853,4201
853,4205
853,4211
853,4212
853,4236
853,4253
853,4259
853,4264
853,4409
853,4411
853,4419
853,4425
853,4428
853,4440
853,4449
853,4463
853,4473
853,4485
853,4497
853,4499
853,4506
853,4509
853,4510
853,4513
853,4536
853,4539
853,4542
853,4543
853,4547
853,4583
853,4585
853,4594
853,4595
853,4599
853,4601
853,4603
853,4607
853,4609
853,4614
853,4616
853,4634
853,4635
853,4666
853,4674
853,4679
853,4691
853,4723
853,4730
853,4736
853,4740
853,4745
853,4748
853,4771
853,4812
853,4819
853,4828
853,4829
853,4834
853,4845
853,4856
853,4873
853,4885
853,4889
853,4893
853,4894
853,4900
853,4909
853,4911
853,4917
853,4920
853,4927
853,4932
853,4943
853,4946
853,4991
853,5002
853,5005
853,5029
853,5035
853,5038
853,5039
853,5040
853,5064
853,5073
853,5076
853,5077
853,5078
853,5090
853,5095
853,5152
853,5155
853,5184
853,5195
853,5203
853,5206
853,5210
853,5212
853,5234
853,5245
853,5253
853,5267
853,5291
853,5352
853,5358
853,5372
853,5376
853,5379
853,5381
853,5391
853,5394
853,5401
853,5402
853,5408
853,5412
853,5426
853,5453
853,5454
853,5466
853,5472
853,5478
853,5486
853,5487
853,5496
853,5505
853,5512
853,5514
853,5515
853,5523
853,5525
853,5530
853,5533
853,5538
853,5544
853,5556
853,5572
853,5578
853,5584
853,5596
853,5645
853,5647
853,5650
853,5651
853,5656
853,5672
853,5717
853,5719
853,5731
853,5732
853,5734
853,5735
853,5746
853,5771
853,5878
853,5978
853,6691
853,8953
853,9052
853,9433
853,10631
853,12536
853,12620
853,13342
853,14888
853,16231
853,19090
853,24011
853,24486
853,27661
853,27686
853,27991
853,28112
853,32797
853,34312
853,36339
853,38904
853,39765
853,40976
853,41317
853,41693
853,41774
853,41781
853,47320
853,47725
853,48175
853,54374
853,54454
853,54547
853,54688
853,54786
853,54808
853,54841
853,56339
853,56959
853,57469
853,57537
853,59708
853,60147
853,60164
853,60184
853,60198
853,60696
853,60754
853,60787
853,60795
853,60831
853,60835
853,60843
853,60852
853,60854
853,60865
853,60871
853,60953
853,62924
853,64147
853,65999
853,68740
853,68844
853,71158
853,71329
853,71616
853,72054
853,72938
853,74989
853,77992
853,77993
853,77999
853,82146
853,83786
853,87177
853,91270
853,93860
853,104741
853,104865
853,110634
853,110635
853,115237
853,119607
853,122316
853,123606
853,123620
853,123631
853,124087
853,125017
853,125889
853,130881
853,145068
853,147912
853,148192
853,148211
853,150310
853,150311
853,150610
853,151165
853,152945
853,154059
853,156419
853,160051
853,163742
853,170361
853,176168
853,176870
853,197712
853,213039
853,216239
853,216326
853,443871
853,444013
853,444033
853,508230
853,667490
853,1349907
853,3002190
853,3062316
853,3081884
853,3085017
853,3468412
853,4183806
853,4475485
853,4479097
853,4659568
853,5281007
853,5281104
853,5282044
853,5282226
853,5311027
853,5311039
853,5311048
853,5311082
853,5311181
853,5311297
853,5329102
853,5353980
853,5362070
853,5362420
853,5381226
853,5481350
853,5487301
853,5493381
853,5493444
853,6398525
853,6398970
853,6435110
853,6436173
853,6447131
853,6918453
861,942
861,1302
861,1983
861,2022
861,2083
861,2088
861,2118
861,2156
861,2162
861,2187
861,2244
861,2249
861,2250
861,2284
861,2311
861,2462
861,2477
861,2520
861,2554
861,2576
861,2585
861,2622
861,2662
861,2678
861,2764
861,2771
861,2786
861,2802
861,2806
861,2812
861,2891
861,2895
861,2955
861,3007
861,3016
861,3062
861,3075
861,3121
861,3222
861,3325
861,3339
861,3345
861,3348
861,3365
861,3386
861,3405
861,3410
861,3440
861,3446
861,3476
861,3478
861,3639
861,3640
861,3652
861,3672
861,3746
861,3878
861,3883
861,3902
861,3937
861,3957
861,3958
861,3961
861,4052
861,4054
861,4091
861,4107
861,4112
861,4158
861,4168
861,4170
861,4171
861,4205
861,4236
861,4253
861,4409
861,4411
861,4510
861,4542
861,4543
861,4583
861,4585
861,4594
861,4595
861,4599
861,4634
861,4635
861,4679
861,4691
861,4819
861,4829
861,4873
861,4885
861,4889
861,4900
861,4920
861,4927
861,4946
861,5002
861,5029
861,5035
861,5038
861,5039
861,5064
861,5073
861,5090
861,5095
861,5203
861,5245
861,5267
861,5358
861,5372
861,5391
861,5401
861,5408
861,5512
861,5514
861,5523
861,5530
861,5544
861,5650
861,5651
861,5656
861,5732
861,5734
861,5735
861,6691
861,10631
861,27661
861,28112
861,54454
861,54841
861,60147
861,60754
861,60795
861,60831
861,60835
861,60854
861,62924
861,68740
861,77999
861,119607
861,123620
861,124087
861,125889
861,150311
861,154059
861,170361
861,3002190
861,3085017
861,4475485
861,5311297
861,5353980
861,5487301
937,942
937,1065
937,1071
937,1117
937,1302
937,1690
937,1775
937,1971
937,1983
937,2022
937,2083
937,2088
937,2092
937,2118
937,2130
937,2153
937,2156
937,2160
937,2162
937,2171
937,2177
937,2187
937,2244
937,2249
937,2250
937,2265
937,2266
937,2267
937,2269
937,2284
937,2311
937,2369
937,2375
937,2405
937,2435
937,2462
937,2471
937,2477
937,2520
937,2524
937,2541
937,2550
937,2554
937,2576
937,2585
937,2610
937,2617
937,2622
937,2646
937,2656
937,2658
937,2662
937,2666
937,2676
937,2678
937,2749
937,2756
937,2764
937,2771
937,2786
937,2802
937,2803
937,2806
937,2812
937,2818
937,2891
937,2895
937,2909
937,2978
937,3003
937,3016
937,3032
937,3043
937,3062
937,3075
937,3121
937,3143
937,3152
937,3154
937,3157
937,3158
937,3161
937,3203
937,3222
937,3249
937,3255
937,3308
937,3325
937,3333
937,3339
937,3345
937,3348
937,3350
937,3355
937,3365
937,3367
937,3379
937,3385
937,3386
937,3403
937,3405
937,3410
937,3419
937,3440
937,3446
937,3454
937,3461
937,3463
937,3476
937,3478
937,3488
937,3516
937,3559
937,3639
937,3640
937,3648
937,3652
937,3658
937,3672
937,3676
937,3696
937,3702
937,3715
937,3746
937,3749
937,3780
937,3784
937,3793
937,3823
937,3826
937,3869
937,3877
937,3878
937,3883
937,3890
937,3899
937,3911
937,3928
937,3937
937,3954
937,3957
937,3958
937,3961
937,3962
937,4034
937,4052
937,4054
937,4058
937,4075
937,4091
937,4107
937,4112
937,4158
937,4168
937,4170
937,4171
937,4173
937,4201
937,4205
937,4236
937,4253
937,4259
937,4409
937,4411
937,4449
937,4485
937,4509
937,4510
937,4513
937,4539
937,4543
937,4547
937,4583
937,4585
937,4594
937,4595
937,4599
937,4609
937,4614
937,4616
937,4634
937,4635
937,4666
937,4674
937,4679
937,4691
937,4740
937,4819
937,4829
937,4856
937,4873
937,4885
937,4889
937,4894
937,4900
937,4909
937,4911
937,4917
937,4920
937,4927
937,4932
937,4943
937,4946
937,5002
937,5005
937,5029
937,5035
937,5038
937,5039
937,5040
937,5064
937,5073
937,5076
937,5077
937,5090
937,5095
937,5152
937,5184
937,5203
937,5212
937,5234
937,5245
937,5253
937,5267
937,5291
937,5352
937,5358
937,5372
937,5376
937,5379
937,5391
937,5401
937,5402
937,5408
937,5412
937,5426
937,5478
937,5487
937,5512
937,5514
937,5523
937,5525
937,5533
937,5538
937,5544
937,5556
937,5647
937,5650
937,5651
937,5656
937,5719
937,5732
937,5734
937,5735
937,6691
937,8953
937,10631
937,12536
937,19090
937,24011
937,24486
937,27661
937,28112
937,34312
937,38904
937,41774
937,41781
937,54454
937,54688
937,54841
937,56959
937,57469
937,59708
937,60147
937,60787
937,60795
937,60831
937,60835
937,60852
937,60854
937,60865
937,60953
937,62924
937,65027
937,65999
937,68740
937,71329
937,72054
937,72938
937,77999
937,83786
937,87177
937,93860
937,104865
937,110634
937,110635
937,119607
937,123620
937,124087
937,125017
937,125889
937,130881
937,131536
937,148192
937,150310
937,150311
937,152945
937,154059
937,156419
937,160051
937,170361
937,197712
937,213039
937,216239
937,216326
937,443871
937,3002190
937,3085017
937,3468412
937,4183806
937,4475485
937,5281104
937,5282226
937,5311027
937,5311048
937,5311082
937,5311297
937,5329102
937,5353980
937,5481350
937,5487301
937,5493444
937,6398525
937,6398970
937,6447131
942,1065
942,1117
942,1302
942,1775
942,1983
942,2022
942,2083
942,2088
942,2118
942,2153
942,2160
942,2162
942,2171
942,2244
942,2249
942,2250
942,2265
942,2269
942,2284
942,2308
942,2311
942,2405
942,2435
942,2462
942,2477
942,2519
942,2520
942,2541
942,2550
942,2554
942,2576
942,2585
942,2656
942,2662
942,2666
942,2678
942,2726
942,2764
942,2771
942,2786
942,2802
942,2803
942,2806
942,2812
942,2818
942,2895
942,2909
942,3003
942,3016
942,3032
942,3062
942,3075
942,3108
942,3121
942,3143
942,3157
942,3158
942,3161
942,3222
942,3255
942,3308
942,3325
942,3333
942,3339
942,3345
942,3348
942,3365
942,3379
942,3385
942,3386
942,3393
942,3403
942,3405
942,3410
942,3419
942,3440
942,3446
942,3461
942,3463
942,3467
942,3476
942,3478
942,3488
942,3494
942,3516
942,3559
942,3639
942,3640
942,3648
942,3652
942,3658
942,3672
942,3676
942,3746
942,3749
942,3780
942,3826
942,3878
942,3883
942,3890
942,3929
942,3937
942,3954
942,3957
942,3958
942,3961
942,3962
942,4052
942,4058
942,4064
942,4075
942,4091
942,4107
942,4112
942,4158
942,4168
942,4170
942,4171
942,4173
942,4205
942,4236
942,4253
942,4259
942,4409
942,4440
942,4485
942,4510
942,4536
942,4543
942,4583
942,4585
942,4594
942,4595
942,4599
942,4616
942,4634
942,4635
942,4666
942,4674
942,4679
942,4691
942,4748
942,4829
942,4873
942,4885
942,4889
942,4894
942,4900
942,4909
942,4917
942,4920
942,4927
942,4946
942,5002
942,5005
942,5029
942,5038
942,5039
942,5064
942,5073
942,5090
942,5095
942,5152
942,5203
942,5212
942,5234
942,5245
942,5267
942,5358
942,5372
942,5379
942,5391
942,5394
942,5401
942,5408
942,5454
942,5487
942,5512
942,5514
942,5523
942,5533
942,5544
942,5647
942,5650
942,5651
942,5656
942,5719
942,5732
942,5735
942,6691
942,8953
942,10631
942,19090
942,27661
942,28112
942,34312
942,38904
942,41693
942,54374
942,54454
942,54688
942,59708
942,60147
942,60795
942,60831
942,60835
942,60854
942,62924
942,77999
942,83786
942,87177
942,104741
942,115237
942,119607
942,123620
942,123631
942,125889
942,130881
942,150311
942,170361
942,3468412
942,4475485
942,5311048
942,5311297
942,5329102
942,5353980
1046,1971
1046,1972
1046,1983
1046,2022
1046,2142
1046,2162
1046,2171
1046,2244
1046,2249
1046,2250
1046,2265
1046,2269
1046,2656
1046,2662
1046,2764
1046,2771
1046,2802
1046,2806
1046,2907
1046,2909
1046,2955
1046,3003
1046,3043
1046,3157
1046,3203
1046,3222
1046,3279
1046,3325
1046,3365
1046,3405
1046,3440
1046,3446
1046,3488
1046,3639
1046,3672
1046,3767
1046,3877
1046,3883
1046,3929
1046,3937
1046,4075
1046,4112
1046,4159
1046,4168
1046,4171
1046,4173
1046,4253
1046,4259
1046,4463
1046,4583
1046,4594
1046,4679
1046,4856
1046,4873
1046,4894
1046,4900
1046,5029
1046,5038
1046,5039
1046,5076
1046,5090
1046,5155
1046,5267
1046,5297
1046,5372
1046,5426
1046,5466
1046,5523
1046,5651
1046,5726
1046,6691
1046,54688
1046,60787
1046,83786
1046,5353980
1046,5381226
1046,5481350
1065,1117
1065,1302
1065,1775
1065,1983
1065,2022
1065,2083
1065,2088
1065,2118
1065,2153
1065,2156
1065,2160
1065,2162
1065,2171
1065,2173
1065,2187
1065,2244
1065,2249
1065,2250
1065,2265
1065,2267
1065,2269
1065,2284
1065,2308
1065,2311
1065,2369
1065,2405
1065,2435
1065,2462
1065,2471
1065,2477
1065,2512
1065,2520
1065,2522
1065,2524
1065,2541
1065,2554
1065,2576
1065,2585
1065,2610
1065,2617
1065,2656
1065,2658
1065,2662
1065,2666
1065,2678
1065,2732
1065,2756
1065,2764
1065,2771
1065,2786
1065,2802
1065,2803
1065,2806
1065,2812
1065,2891
1065,2895
1065,2909
1065,2978
1065,3003
1065,3016
1065,3032
1065,3062
1065,3075
1065,3108
1065,3121
1065,3143
1065,3152
1065,3154
1065,3157
1065,3158
1065,3161
1065,3222
1065,3255
1065,3308
1065,3325
1065,3333
1065,3339
1065,3345
1065,3348
1065,3350
1065,3365
1065,3379
1065,3382
1065,3386
1065,3403
1065,3404
1065,3405
1065,3410
1065,3419
1065,3440
1065,3446
1065,3461
1065,3463
1065,3476
1065,3478
1065,3488
1065,3510
1065,3516
1065,3559
1065,3639
1065,3640
1065,3648
1065,3652
1065,3658
1065,3672
1065,3676
1065,3702
1065,3715
1065,3736
1065,3746
1065,3749
1065,3780
1065,3823
1065,3869
1065,3878
1065,3883
1065,3890
1065,3899
1065,3902
1065,3937
1065,3954
1065,3957
1065,3958
1065,3961
1065,3962
1065,4034
1065,4052
1065,4054
1065,4058
1065,4091
1065,4107
1065,4112
1065,4158
1065,4159
1065,4168
1065,4170
1065,4171
1065,4173
1065,4192
1065,4205
1065,4236
1065,4253
1065,4259
1065,4264
1065,4409
1065,4485
1065,4506
1065,4509
1065,4510
1065,4513
1065,4543
1065,4583
1065,4585
1065,4594
1065,4595
1065,4599
1065,4601
1065,4609
1065,4614
1065,4616
1065,4634
1065,4635
1065,4666
1065,4674
1065,4675
1065,4679
1065,4691
1065,4740
1065,4829
1065,4845
1065,4873
1065,4885
1065,4889
1065,4894
1065,4900
1065,4909
1065,4911
1065,4917
1065,4927
1065,4943
1065,4946
1065,5002
1065,5005
1065,5029
1065,5035
1065,5038
1065,5039
1065,5040
1065,5064
1065,5073
1065,5076
1065,5090
1065,5095
1065,5152
1065,5203
1065,5212
1065,5245
1065,5253
1065,5267
1065,5358
1065,5372
1065,5376
1065,5379
1065,5391
1065,5394
1065,5401
1065,5402
1065,5408
1065,5426
1065,5478
1065,5487
1065,5512
1065,5514
1065,5523
1065,5533
1065,5544
1065,5556
1065,5578
1065,5645
1065,5647
1065,5650
1065,5651
1065,5656
1065,5717
1065,5732
1065,5735
1065,6691
1065,8953
1065,10631
1065,12536
1065,19090
1065,24486
1065,27661
1065,38904
1065,54454
1065,54688
1065,60147
1065,60184
1065,60795
1065,60831
1065,60835
1065,60852
1065,62924
1065,64147
1065,65999
1065,68740
1065,77999
1065,83786
1065,87177
1065,93860
1065,104865
1065,110634
1065,110635
1065,119607
1065,123620
1065,123631
1065,124087
1065,125889
1065,130881
1065,150311
1065,152945
1065,154059
1065,156419
1065,160051
1065,170361
1065,176168
1065,216326
1065,3085017
1065,3468412
1065,4475485
1065,4479097
1065,5281104
1065,5311181
1065,5311297
1065,5329102
1065,5353980
1065,5487301
1065,6398525
1071,1690
1071,1971
1071,1983
1071,2156
1071,2244
1071,2249
1071,2250
1071,2269
1071,2520
1071,2578
1071,2678
1071,2749
1071,2802
1071,3249
1071,3310
1071,3365
1071,3405
1071,3440
1071,3715
1071,3877
1071,3883
1071,3937
1071,3954
1071,4091
1071,4112
1071,4583
1071,4594
1071,4595
1071,4873
1071,4900
1071,5039
1071,5155
1071,5544
1071,5650
1071,5732
1071,27686
1071,32797
1071,54454
1071,83786
1071,125889
1071,170361
1071,3002190
1117,1302
1117,1690
1117,1775
1117,1972
1117,1983
1117,1986
1117,2022
1117,2083
1117,2088
1117,2118
1117,2141
1117,2142
1117,2153
1117,2156
1117,2160
1117,2162
1117,2173
1117,2187
1117,2244
1117,2249
1117,2250
1117,2265
1117,2269
1117,2274
1117,2283
1117,2284
1117,2308
1117,2311
1117,2405
1117,2462
1117,2471
1117,2474
1117,2477
1117,2478
1117,2520
1117,2524
1117,2541
1117,2550
1117,2554
1117,2576
1117,2585
1117,2617
1117,2622
1117,2631
1117,2650
1117,2656
1117,2658
1117,2662
1117,2666
1117,2678
1117,2713
1117,2720
1117,2756
1117,2764
1117,2771
1117,2786
1117,2802
1117,2803
1117,2806
1117,2812
1117,2818
1117,2891
1117,2895
1117,2907
1117,2909
1117,2955
1117,3003
1117,3016
1117,3032
1117,3042
1117,3062
1117,3075
1117,3121
1117,3143
1117,3148
1117,3152
1117,3157
1117,3161
1117,3222
1117,3249
1117,3255
1117,3310
1117,3324
1117,3325
1117,3333
1117,3339
1117,3345
1117,3348
1117,3350
1117,3365
1117,3367
1117,3385
1117,3386
1117,3393
1117,3403
1117,3405
1117,3410
1117,3414
1117,3419
1117,3440
1117,3446
1117,3454
1117,3461
1117,3463
1117,3467
1117,3476
1117,3478
1117,3488
1117,3494
1117,3510
1117,3516
1117,3559
1117,3639
1117,3640
1117,3648
1117,3652
1117,3657
1117,3658
1117,3661
1117,3672
1117,3676
1117,3702
1117,3715
1117,3746
1117,3749
1117,3750
1117,3767
1117,3780
1117,3793
1117,3826
1117,3869
1117,3877
1117,3878
1117,3883
1117,3890
1117,3902
1117,3929
1117,3937
1117,3954
1117,3957
1117,3958
1117,3961
1117,3962
1117,4034
1117,4052
1117,4058
1117,4091
1117,4112
1117,4138
1117,4158
1117,4159
1117,4168
1117,4170
1117,4171
1117,4173
1117,4189
1117,4192
1117,4205
1117,4236
1117,4253
1117,4259
1117,4264
1117,4409
1117,4411
1117,4425
1117,4473
1117,4485
1117,4509
1117,4510
1117,4513
1117,4543
1117,4583
1117,4585
1117,4594
1117,4595
1117,4609
1117,4616
1117,4634
1117,4635
1117,4666
1117,4674
1117,4675
1117,4679
1117,4691
1117,4812
1117,4819
1117,4829
1117,4834
1117,4856
1117,4873
1117,4885
1117,4889
1117,4894
1117,4900
1117,4917
1117,4920
1117,4927
1117,4943
1117,4946
1117,5002
1117,5005
1117,5029
1117,5035
1117,5038
1117,5039
1117,5040
1117,5064
1117,5073
1117,5076
1117,5090
1117,5095
1117,5152
1117,5184
1117,5203
1117,5206
1117,5212
1117,5234
1117,5245
1117,5253
1117,5267
1117,5358
1117,5372
1117,5379
1117,5391
1117,5402
1117,5408
1117,5426
1117,5478
1117,5496
1117,5512
1117,5514
1117,5523
1117,5544
1117,5556
1117,5645
1117,5647
1117,5650
1117,5651
1117,5656
1117,5719
1117,5732
1117,5735
1117,5771
1117,5978
1117,6691
1117,8953
1117,9433
1117,10631
1117,14888
1117,19090
1117,24011
1117,24486
1117,27661
1117,28112
1117,34312
1117,36339
1117,36811
1117,38904
1117,39765
1117,41781
1117,47320
1117,51263
1117,54374
1117,54454
1117,54547
1117,54688
1117,59708
1117,60147
1117,60612
1117,60696
1117,60754
1117,60795
1117,60831
1117,60835
1117,60852
1117,60865
1117,60953
1117,62924
1117,64147
1117,65999
1117,68740
1117,71329
1117,71616
1117,74989
1117,77993
1117,77999
1117,83786
1117,87177
1117,93860
1117,119182
1117,123620
1117,123631
1117,125889
1117,130881
1117,147912
1117,148211
1117,150310
1117,150311
1117,151165
1117,152945
1117,154059
1117,163742
1117,170361
1117,197712
1117,216239
1117,216326
1117,443871
1117,444013
1117,504578
1117,508230
1117,667490
1117,3062316
1117,3085017
1117,3468412
1117,4183806
1117,4475485
1117,5311039
1117,5311048
1117,5311082
1117,5311297
1117,5329102
1117,5353980
1117,5381226
1117,5487301
1117,6398525
1134,3877
1134,153941
1206,1983
1206,2771
1206,2802
1206,3016
1206,3121
1206,3345
1206,3446
1206,3658
1206,3676
1206,3958
1206,4158
1206,4205
1206,4236
1206,4253
1206,4594
1206,4635
1206,5002
1206,5073
1206,5203
1206,5538
1206,5732
1302,1690
1302,1775
1302,1971
1302,1972
1302,1978
1302,1983
1302,2022
1302,2083
1302,2088
1302,2092
1302,2118
1302,2130
1302,2153
1302,2156
1302,2160
1302,2162
1302,2170
1302,2171
1302,2173
1302,2187
1302,2215
1302,2244
1302,2249
1302,2250
1302,2265
1302,2267
1302,2269
1302,2284
1302,2308
1302,2311
1302,2349
1302,2369
1302,2375
1302,2405
1302,2435
1302,2462
1302,2471
1302,2474
1302,2476
1302,2477
1302,2487
1302,2519
1302,2520
1302,2522
1302,2524
1302,2541
1302,2550
1302,2554
1302,2576
1302,2585
1302,2609
1302,2610
1302,2617
1302,2622
1302,2646
1302,2650
1302,2656
1302,2658
1302,2662
1302,2666
1302,2676
1302,2678
1302,2712
1302,2713
1302,2720
1302,2726
1302,2732
1302,2733
1302,2749
1302,2756
1302,2764
1302,2771
1302,2786
1302,2801
1302,2802
1302,2803
1302,2806
1302,2812
1302,2818
1302,2891
1302,2895
1302,2907
1302,2909
1302,2951
1302,2955
1302,2978
1302,3003
1302,3016
1302,3032
1302,3040
1302,3042
1302,3043
1302,3062
1302,3075
1302,3108
1302,3121
1302,3143
1302,3148
1302,3152
1302,3154
1302,3157
1302,3158
1302,3161
1302,3203
1302,3222
1302,3249
1302,3255
1302,3261
1302,3279
1302,3308
1302,3310
1302,3324
1302,3325
1302,3333
1302,3339
1302,3345
1302,3348
1302,3350
1302,3355
1302,3365
1302,3367
1302,3379
1302,3382
1302,3385
1302,3386
1302,3393
1302,3397
1302,3403
1302,3404
1302,3405
1302,3410
1302,3419
1302,3440
1302,3446
1302,3449
1302,3461
1302,3463
1302,3467
1302,3476
1302,3478
1302,3488
1302,3494
1302,3510
1302,3516
1302,3559
1302,3639
1302,3640
1302,3648
1302,3652
1302,3658
1302,3661
1302,3672
1302,3676
1302,3696
1302,3702
1302,3715
1302,3736
1302,3746
1302,3749
1302,3767
1302,3780
1302,3784
1302,3793
1302,3823
1302,3825
1302,3826
1302,3869
1302,3877
1302,3878
1302,3883
1302,3890
1302,3899
1302,3902
1302,3911
1302,3928
1302,3929
1302,3937
1302,3954
1302,3957
1302,3958
1302,3961
1302,3962
1302,4034
1302,4044
1302,4046
1302,4052
1302,4054
1302,4058
1302,4075
1302,4091
1302,4095
1302,4107
1302,4112
1302,4138
1302,4158
1302,4159
1302,4168
1302,4170
1302,4171
1302,4173
1302,4178
1302,4189
1302,4200
1302,4201
1302,4205
1302,4212
1302,4236
1302,4253
1302,4259
1302,4264
1302,4409
1302,4411
1302,4440
1302,4449
1302,4485
1302,4499
1302,4509
1302,4510
1302,4513
1302,4536
1302,4539
1302,4542
1302,4543
1302,4547
1302,4583
1302,4585
1302,4594
1302,4595
1302,4599
1302,4601
1302,4603
1302,4609
1302,4614
1302,4616
1302,4634
1302,4635
1302,4666
1302,4674
1302,4679
1302,4691
1302,4727
1302,4740
1302,4745
1302,4748
1302,4771
1302,4819
1302,4829
1302,4845
1302,4856
1302,4873
1302,4885
1302,4889
1302,4893
1302,4894
1302,4900
1302,4909
1302,4911
1302,4917
1302,4920
1302,4927
1302,4943
1302,4946
1302,4991
1302,4999
1302,5002
1302,5005
1302,5029
1302,5035
1302,5038
1302,5039
1302,5040
1302,5064
1302,5073
1302,5076
1302,5077
1302,5078
1302,5090
1302,5095
1302,5152
1302,5155
1302,5184
1302,5203
1302,5206
1302,5210
1302,5212
1302,5234
1302,5245
1302,5253
1302,5267
1302,5291
1302,5352
1302,5358
1302,5372
1302,5376
1302,5379
1302,5391
1302,5394
1302,5401
1302,5402
1302,5408
1302,5412
1302,5426
1302,5454
1302,5466
1302,5472
1302,5478
1302,5487
1302,5496
1302,5512
1302,5514
1302,5523
1302,5533
1302,5538
1302,5544
1302,5556
1302,5572
1302,5578
1302,5645
1302,5647
1302,5650
1302,5651
1302,5656
1302,5672
1302,5717
1302,5719
1302,5726
1302,5731
1302,5732
1302,5734
1302,5735
1302,5978
1302,6691
1302,8953
1302,10631
1302,16231
1302,19090
1302,24011
1302,24486
1302,27661
1302,27686
1302,28112
1302,32797
1302,34312
1302,38904
1302,41774
1302,41781
1302,47725
1302,54374
1302,54454
1302,54688
1302,54786
1302,54841
1302,56959
1302,57469
1302,57537
1302,59708
1302,60147
1302,60164
1302,60184
1302,60198
1302,60787
1302,60795
1302,60831
1302,60835
1302,60843
1302,60852
1302,60854
1302,60865
1302,60953
1302,62924
1302,64147
1302,65999
1302,68740
1302,72054
1302,77993
1302,77999
1302,83786
1302,87177
1302,91270
1302,93860
1302,104741
1302,104865
1302,110634
1302,110635
1302,119607
1302,122316
1302,123620
1302,123631
1302,124087
1302,125889
1302,130881
1302,148192
1302,148211
1302,150311
1302,151165
1302,152945
1302,154059
1302,160051
1302,170361
1302,176870
1302,197712
1302,213039
1302,216239
1302,216326
1302,443871
1302,667490
1302,1349907
1302,3002190
1302,3062316
1302,3081884
1302,3085017
1302,3468412
1302,4183806
1302,4475485
1302,4659568
1302,5311027
1302,5311048
1302,5311297
1302,5329102
1302,5353980
1302,5381226
1302,5481350
1302,5487301
1302,5493381
1302,6398525
1302,6398970
1302,6447131
1302,6918453
1546,1775
1546,2022
1546,2244
1546,2622
1546,2909
1546,3003
1546,3310
1546,3367
1546,4112
1546,4212
1546,4894
1546,4900
1546,13342
1546,83786
1546,667490
1546,3081884
1690,1775
1690,1971
1690,1972
1690,1983
1690,2019
1690,2022
1690,2083
1690,2088
1690,2118
1690,2142
1690,2156
1690,2160
1690,2162
1690,2171
1690,2173
1690,2187
1690,2244
1690,2249
1690,2250
1690,2265
1690,2269
1690,2274
1690,2284
1690,2308
1690,2311
1690,2375
1690,2405
1690,2462
1690,2471
1690,2477
1690,2478
1690,2520
1690,2524
1690,2541
1690,2550
1690,2554
1690,2578
1690,2585
1690,2617
1690,2622
1690,2650
1690,2656
1690,2658
1690,2662
1690,2666
1690,2678
1690,2708
1690,2713
1690,2725
1690,2726
1690,2756
1690,2764
1690,2771
1690,2786
1690,2802
1690,2803
1690,2806
1690,2812
1690,2818
1690,2891
1690,2895
1690,2907
1690,2909
1690,2955
1690,2978
1690,3003
1690,3016
1690,3032
1690,3040
1690,3042
1690,3043
1690,3062
1690,3075
1690,3121
1690,3143
1690,3148
1690,3152
1690,3154
1690,3157
1690,3161
1690,3203
1690,3222
1690,3249
1690,3255
1690,3279
1690,3305
1690,3308
1690,3310
1690,3324
1690,3325
1690,3333
1690,3339
1690,3345
1690,3348
1690,3350
1690,3365
1690,3367
1690,3385
1690,3386
1690,3403
1690,3405
1690,3414
1690,3419
1690,3440
1690,3446
1690,3454
1690,3461
1690,3463
1690,3467
1690,3476
1690,3478
1690,3488
1690,3510
1690,3559
1690,3639
1690,3640
1690,3648
1690,3652
1690,3657
1690,3672
1690,3676
1690,3690
1690,3702
1690,3715
1690,3746
1690,3749
1690,3750
1690,3767
1690,3784
1690,3793
1690,3823
1690,3825
1690,3826
1690,3877
1690,3878
1690,3883
1690,3890
1690,3899
1690,3902
1690,3911
1690,3929
1690,3937
1690,3954
1690,3957
1690,3958
1690,3961
1690,3962
1690,4052
1690,4053
1690,4058
1690,4091
1690,4112
1690,4158
1690,4159
1690,4168
1690,4171
1690,4173
1690,4189
1690,4201
1690,4205
1690,4211
1690,4212
1690,4253
1690,4259
1690,4409
1690,4463
1690,4485
1690,4510
1690,4513
1690,4543
1690,4547
1690,4583
1690,4585
1690,4594
1690,4595
1690,4603
1690,4609
1690,4616
1690,4634
1690,4635
1690,4666
1690,4674
1690,4679
1690,4691
1690,4812
1690,4819
1690,4829
1690,4834
1690,4873
1690,4885
1690,4889
1690,4894
1690,4900
1690,4917
1690,4927
1690,4943
1690,4946
1690,5002
1690,5005
1690,5029
1690,5035
1690,5038
1690,5039
1690,5073
1690,5076
1690,5078
1690,5090
1690,5152
1690,5155
1690,5203
1690,5215
1690,5234
1690,5245
1690,5253
1690,5267
1690,5291
1690,5358
1690,5372
1690,5376
1690,5379
1690,5391
1690,5394
1690,5401
1690,5426
1690,5453
1690,5478
1690,5496
1690,5512
1690,5514
1690,5523
1690,5538
1690,5544
1690,5578
1690,5645
1690,5647
1690,5650
1690,5651
1690,5656
1690,5672
1690,5726
1690,5732
1690,5735
1690,5746
1690,5978
1690,6691
1690,8953
1690,10631
1690,13342
1690,14888
1690,19090
1690,24486
1690,27661
1690,27686
1690,28112
1690,32797
1690,38904
1690,41781
1690,47725
1690,54374
1690,54454
1690,54688
1690,59708
1690,60147
1690,60184
1690,60198
1690,60754
1690,60787
1690,60831
1690,60835
1690,60843
1690,60852
1690,60953
1690,62924
1690,65999
1690,68740
1690,71616
1690,72467
1690,74989
1690,77999
1690,83786
1690,87177
1690,93860
1690,104741
1690,119607
1690,123620
1690,123631
1690,124087
1690,125889
1690,130881
1690,131536
1690,147912
1690,148192
1690,148211
1690,150311
1690,151165
1690,152945
1690,163742
1690,170361
1690,216326
1690,443871
1690,444013
1690,667490
1690,3062316
1690,3085017
1690,3468412
1690,4183806
1690,4475485
1690,5281007
1690,5311027
1690,5311048
1690,5311297
1690,5353980
1690,5381226
1690,5473385
1690,5481350
1690,6398525
1775,1971
1775,1972
1775,1983
1775,1986
1775,2022
1775,2083
1775,2088
1775,2118
1775,2130
1775,2142
1775,2153
1775,2156
1775,2160
1775,2162
1775,2171
1775,2173
1775,2187
1775,2244
1775,2249
1775,2250
1775,2265
1775,2269
1775,2274
1775,2284
1775,2308
1775,2311
1775,2462
1775,2471
1775,2476
1775,2477
1775,2478
1775,2520
1775,2524
1775,2541
1775,2550
1775,2554
1775,2576
1775,2585
1775,2617
1775,2622
1775,2631
1775,2650
1775,2656
1775,2658
1775,2662
1775,2666
1775,2678
1775,2726
1775,2764
1775,2771
1775,2786
1775,2802
1775,2803
1775,2806
1775,2812
1775,2818
1775,2891
1775,2895
1775,2907
1775,2909
1775,2955
1775,2978
1775,3003
1775,3016
1775,3032
1775,3043
1775,3062
1775,3075
1775,3108
1775,3121
1775,3143
1775,3152
1775,3157
1775,3161
1775,3203
1775,3222
1775,3249
1775,3255
1775,3308
1775,3310
1775,3325
1775,3333
1775,3339
1775,3345
1775,3348
1775,3350
1775,3365
1775,3367
1775,3385
1775,3386
1775,3404
1775,3405
1775,3419
1775,3440
1775,3446
1775,3454
1775,3461
1775,3463
1775,3467
1775,3476
1775,3478
1775,3488
1775,3510
1775,3516
1775,3559
1775,3639
1775,3640
1775,3652
1775,3658
1775,3661
1775,3672
1775,3676
1775,3690
1775,3696
1775,3702
1775,3715
1775,3746
1775,3749
1775,3763
1775,3780
1775,3793
1775,3826
1775,3869
1775,3877
1775,3878
1775,3883
1775,3890
1775,3899
1775,3929
1775,3937
1775,3954
1775,3957
1775,3958
1775,3961
1775,3962
1775,4034
1775,4052
1775,4091
1775,4107
1775,4112
1775,4158
1775,4159
1775,4168
1775,4170
1775,4171
1775,4173
1775,4192
1775,4200
1775,4201
1775,4205
1775,4212
1775,4253
1775,4259
1775,4409
1775,4411
1775,4463
1775,4485
1775,4497
1775,4506
1775,4509
1775,4510
1775,4539
1775,4543
1775,4583
1775,4585
1775,4594
1775,4595
1775,4599
1775,4603
1775,4609
1775,4616
1775,4634
1775,4635
1775,4666
1775,4674
1775,4679
1775,4691
1775,4829
1775,4834
1775,4856
1775,4873
1775,4885
1775,4889
1775,4894
1775,4900
1775,4909
1775,4917
1775,4927
1775,4943
1775,4946
1775,5002
1775,5005
1775,5029
1775,5035
1775,5038
1775,5039
1775,5064
1775,5073
1775,5076
1775,5090
1775,5095
1775,5155
1775,5203
1775,5212
1775,5234
1775,5245
1775,5267
1775,5358
1775,5372
1775,5379
1775,5391
1775,5394
1775,5408
1775,5466
1775,5478
1775,5487
1775,5496
1775,5512
1775,5514
1775,5523
1775,5533
1775,5544
1775,5578
1775,5645
1775,5647
1775,5650
1775,5651
1775,5656
1775,5732
1775,5734
1775,5978
1775,6691
1775,8953
1775,10631
1775,19090
1775,24486
1775,27661
1775,27991
1775,28112
1775,34312
1775,38904
1775,39765
1775,41781
1775,54454
1775,54688
1775,56339
1775,59708
1775,60147
1775,60184
1775,60787
1775,60795
1775,60831
1775,60854
1775,60953
1775,62924
1775,65999
1775,71616
1775,77999
1775,83786
1775,87177
1775,110635
1775,119182
1775,119607
1775,123620
1775,123631
1775,124087
1775,125889
1775,150311
1775,152945
1775,154059
1775,156419
1775,170361
1775,176870
1775,3002190
1775,3085017
1775,3468412
1775,4183806
1775,4475485
1775,4659569
1775,5311048
1775,5311297
1775,5329102
1775,5353980
1775,5381226
1775,5487301
1775,6398525
1971,1972
1971,1978
1971,1983
1971,2022
1971,2083
1971,2088
1971,2118
1971,2160
1971,2162
1971,2171
1971,2177
1971,2244
1971,2249
1971,2250
1971,2269
1971,2308
1971,2462
1971,2476
1971,2512
1971,2541
1971,2554
1971,2585
1971,2662
1971,2666
1971,2678
1971,2764
1971,2771
1971,2786
1971,2802
1971,2806
1971,2895
1971,2909
1971,2955
1971,2978
1971,3003
1971,3016
1971,3032
1971,3043
1971,3062
1971,3075
1971,3121
1971,3158
1971,3203
1971,3222
1971,3261
1971,3279
1971,3325
1971,3339
1971,3345
1971,3348
1971,3365
1971,3386
1971,3405
1971,3414
1971,3440
1971,3446
1971,3454
1971,3463
1971,3467
1971,3476
1971,3478
1971,3488
1971,3559
1971,3639
1971,3640
1971,3657
1971,3658
1971,3672
1971,3706
1971,3715
1971,3746
1971,3767
1971,3793
1971,3827
1971,3877
1971,3878
1971,3883
1971,3937
1971,3954
1971,3957
1971,3958
1971,3961
1971,4044
1971,4052
1971,4091
1971,4158
1971,4168
1971,4171
1971,4173
1971,4205
1971,4253
1971,4259
1971,4428
1971,4451
1971,4463
1971,4485
1971,4506
1971,4510
1971,4539
1971,4543
1971,4583
1971,4585
1971,4594
1971,4595
1971,4634
1971,4635
1971,4679
1971,4691
1971,4829
1971,4873
1971,4889
1971,4894
1971,4900
1971,4911
1971,4917
1971,4927
1971,4946
1971,4993
1971,5002
1971,5005
1971,5029
1971,5038
1971,5039
1971,5064
1971,5073
1971,5076
1971,5090
1971,5155
1971,5203
1971,5212
1971,5215
1971,5234
1971,5267
1971,5372
1971,5391
1971,5408
1971,5556
1971,5578
1971,5645
1971,5647
1971,5650
1971,5651
1971,5656
1971,5726
1971,5732
1971,5734
1971,5878
1971,6691
1971,27686
1971,32797
1971,54688
1971,59708
1971,60147
1971,60787
1971,60835
1971,60871
1971,60877
1971,62924
1971,64147
1971,65027
1971,71616
1971,74989
1971,77999
1971,83786
1971,87177
1971,104865
1971,123620
1971,125889
1971,131536
1971,147912
1971,148192
1971,150311
1971,213039
1971,3085017
1971,3468412
1971,4183806
1971,4475485
1971,5311297
1971,5353980
1971,5381226
1971,5481350
1971,6398525
1972,1978
1972,1983
1972,1986
1972,2019
1972,2022
1972,2083
1972,2088
1972,2118
1972,2142
1972,2153
1972,2156
1972,2162
1972,2171
1972,2173
1972,2244
1972,2249
1972,2250
1972,2265
1972,2269
1972,2274
1972,2284
1972,2405
1972,2462
1972,2471
1972,2476
1972,2478
1972,2520
1972,2524
1972,2541
1972,2550
1972,2554
1972,2578
1972,2585
1972,2617
1972,2622
1972,2631
1972,2650
1972,2656
1972,2658
1972,2662
1972,2678
1972,2713
1972,2725
1972,2764
1972,2771
1972,2786
1972,2802
1972,2803
1972,2806
1972,2812
1972,2907
1972,2909
1972,2955
1972,2978
1972,3003
1972,3016
1972,3032
1972,3043
1972,3062
1972,3075
1972,3108
1972,3121
1972,3161
1972,3203
1972,3222
1972,3255
1972,3279
1972,3310
1972,3324
1972,3325
1972,3345
1972,3365
1972,3367
1972,3385
1972,3386
1972,3405
1972,3414
1972,3440
1972,3446
1972,3454
1972,3467
1972,3488
1972,3510
1972,3516
1972,3559
1972,3639
1972,3640
1972,3648
1972,3652
1972,3657
1972,3658
1972,3661
1972,3672
1972,3676
1972,3690
1972,3715
1972,3746
1972,3767
1972,3780
1972,3793
1972,3821
1972,3877
1972,3878
1972,3883
1972,3929
1972,3937
1972,3954
1972,3958
1972,3961
1972,4053
1972,4058
1972,4112
1972,4159
1972,4168
1972,4171
1972,4173
1972,4189
1972,4192
1972,4200
1972,4205
1972,4212
1972,4253
1972,4259
1972,4419
1972,4463
1972,4473
1972,4485
1972,4510
1972,4539
1972,4583
1972,4585
1972,4594
1972,4595
1972,4616
1972,4635
1972,4666
1972,4679
1972,4691
1972,4812
1972,4834
1972,4873
1972,4889
1972,4894
1972,4900
1972,4917
1972,4927
1972,4943
1972,4946
1972,5002
1972,5029
1972,5038
1972,5039
1972,5040
1972,5064
1972,5073
1972,5076
1972,5090
1972,5155
1972,5184
1972,5203
1972,5234
1972,5245
1972,5267
1972,5291
1972,5372
1972,5379
1972,5391
1972,5394
1972,5426
1972,5453
1972,5496
1972,5512
1972,5514
1972,5523
1972,5538
1972,5544
1972,5578
1972,5584
1972,5645
1972,5647
1972,5650
1972,5651
1972,5726
1972,5732
1972,5978
1972,6691
1972,8953
1972,9433
1972,10631
1972,14888
1972,16231
1972,19090
1972,24486
1972,38904
1972,39765
1972,41781
1972,54374
1972,54454
1972,54688
1972,59708
1972,60184
1972,60612
1972,60696
1972,60787
1972,62924
1972,65027
1972,71616
1972,74989
1972,83786
1972,87177
1972,93860
1972,119182
1972,145068
1972,147912
1972,148192
1972,151165
1972,667490
1972,3062316
1972,3468412
1972,5311039
1972,5311048
1972,5311297
1972,5381226
1972,5481350
1972,6398525
1978,1983
1978,2022
1978,2083
1978,2088
1978,2118
1978,2156
1978,2160
1978,2162
1978,2171
1978,2187
1978,2244
1978,2249
1978,2250
1978,2269
1978,2311
1978,2375
1978,2405
1978,2462
1978,2477
1978,2520
1978,2541
1978,2550
1978,2554
1978,2585
1978,2656
1978,2658
1978,2662
1978,2666
1978,2678
1978,2764
1978,2771
1978,2802
1978,2806
1978,2895
1978,2907
1978,2909
1978,3003
1978,3016
1978,3032
1978,3062
1978,3075
1978,3108
1978,3121
1978,3152
1978,3157
1978,3203
1978,3222
1978,3333
1978,3339
1978,3345
1978,3350
1978,3355
1978,3365
1978,3385
1978,3386
1978,3403
1978,3405
1978,3440
1978,3446
1978,3461
1978,3463
1978,3467
1978,3476
1978,3488
1978,3559
1978,3639
1978,3640
1978,3657
1978,3672
1978,3696
1978,3702
1978,3749
1978,3780
1978,3825
1978,3869
1978,3877
1978,3883
1978,3890
1978,3899
1978,3911
1978,3937
1978,3954
1978,3957
1978,3958
1978,3961
1978,4034
1978,4091
1978,4112
1978,4138
1978,4159
1978,4168
1978,4173
1978,4236
1978,4253
1978,4259
1978,4473
1978,4485
1978,4510
1978,4539
1978,4583
1978,4585
1978,4594
1978,4595
1978,4609
1978,4616
1978,4634
1978,4635
1978,4666
1978,4679
1978,4691
1978,4740
1978,4829
1978,4873
1978,4885
1978,4889
1978,4894
1978,4900
1978,4917
1978,4943
1978,5005
1978,5029
1978,5035
1978,5038
1978,5039
1978,5040
1978,5064
1978,5073
1978,5076
1978,5077
1978,5090
1978,5095
1978,5155
1978,5203
1978,5245
1978,5267
1978,5372
1978,5394
1978,5512
1978,5523
1978,5525
1978,5544
1978,5572
1978,5578
1978,5650
1978,5651
1978,5656
1978,5732
1978,6691
1978,9052
1978,9433
1978,19090
1978,27661
1978,38904
1978,41774
1978,54454
1978,54688
1978,60184
1978,60831
1978,60835
1978,60871
1978,62924
1978,65999
1978,68740
1978,74989
1978,77999
1978,83786
1978,123620
1978,124087
1978,125889
1978,130881
1978,150311
1978,152945
1978,160051
1978,163742
1978,170361
1978,3002190
1978,3085017
1978,4475485
1978,5311297
1978,5329102
1978,5353980
1978,5381226
1978,5481350
1978,5487301
1983,1986
1983,2019
1983,2022
1983,2083
1983,2088
1983,2092
1983,2099
1983,2118
1983,2130
1983,2141
1983,2142
1983,2153
1983,2156
1983,2160
1983,2162
1983,2171
1983,2173
1983,2187
1983,2232
1983,2244
1983,2249
1983,2250
1983,2265
1983,2267
1983,2269
1983,2274
1983,2283
1983,2284
1983,2308
1983,2311
1983,2349
1983,2369
1983,2375
1983,2405
1983,2435
1983,2462
1983,2471
1983,2474
1983,2476
1983,2477
1983,2478
1983,2487
1983,2512
1983,2519
1983,2520
1983,2522
1983,2524
1983,2541
1983,2550
1983,2554
1983,2576
1983,2578
1983,2585
1983,2609
1983,2610
1983,2617
1983,2622
1983,2631
1983,2637
1983,2646
1983,2650
1983,2656
1983,2658
1983,2662
1983,2666
1983,2673
1983,2675
1983,2676
1983,2678
1983,2712
1983,2713
1983,2719
1983,2720
1983,2725
1983,2726
1983,2732
1983,2733
1983,2749
1983,2756
1983,2764
1983,2771
1983,2786
1983,2801
1983,2802
1983,2803
1983,2806
1983,2812
1983,2818
1983,2891
1983,2895
1983,2907
1983,2909
1983,2949
1983,2951
1983,2955
1983,2973
1983,2978
1983,3003
1983,3007
1983,3016
1983,3032
1983,3040
1983,3042
1983,3043
1983,3059
1983,3062
1983,3066
1983,3075
1983,3108
1983,3114
1983,3121
1983,3143
1983,3148
1983,3152
1983,3154
1983,3157
1983,3158
1983,3161
1983,3168
1983,3198
1983,3203
1983,3222
1983,3249
1983,3255
1983,3261
1983,3279
1983,3305
1983,3308
1983,3310
1983,3324
1983,3325
1983,3333
1983,3339
1983,3345
1983,3348
1983,3350
1983,3355
1983,3365
1983,3367
1983,3373
1983,3379
1983,3381
1983,3382
1983,3384
1983,3385
1983,3386
1983,3393
1983,3394
1983,3397
1983,3403
1983,3404
1983,3405
1983,3410
1983,3414
1983,3419
1983,3440
1983,3446
1983,3449
1983,3454
1983,3461
1983,3463
1983,3467
1983,3476
1983,3478
1983,3488
1983,3494
1983,3510
1983,3516
1983,3559
1983,3637
1983,3639
1983,3640
1983,3642
1983,3648
1983,3652
1983,3657
1983,3658
1983,3661
1983,3672
1983,3676
1983,3690
1983,3696
1983,3702
1983,3715
1983,3724
1983,3734
1983,3736
1983,3746
1983,3749
1983,3750
1983,3763
1983,3767
1983,3780
1983,3784
1983,3793
1983,3821
1983,3823
1983,3825
1983,3826
1983,3827
1983,3869
1983,3877
1983,3878
1983,3883
1983,3890
1983,3899
1983,3902
1983,3911
1983,3914
1983,3929
1983,3937
1983,3954
1983,3957
1983,3958
1983,3961
1983,3962
1983,3964
1983,4034
1983,4044
1983,4046
1983,4052
1983,4053
1983,4054
1983,4058
1983,4064
1983,4075
1983,4091
1983,4095
1983,4107
1983,4112
1983,4138
1983,4158
1983,4159
1983,4168
1983,4170
1983,4171
1983,4173
1983,4178
1983,4189
1983,4192
1983,4195
1983,4200
1983,4201
1983,4205
1983,4212
1983,4236
1983,4253
1983,4259
1983,4264
1983,4409
1983,4411
1983,4419
1983,4425
1983,4428
1983,4440
1983,4449
1983,4451
1983,4463
1983,4473
1983,4485
1983,4497
1983,4499
1983,4506
1983,4509
1983,4510
1983,4513
1983,4536
1983,4539
1983,4542
1983,4543
1983,4547
1983,4583
1983,4585
1983,4594
1983,4595
1983,4599
1983,4601
1983,4607
1983,4609
1983,4614
1983,4616
1983,4634
1983,4635
1983,4666
1983,4674
1983,4675
1983,4679
1983,4691
1983,4727
1983,4730
1983,4739
1983,4740
1983,4748
1983,4771
1983,4812
1983,4819
1983,4828
1983,4829
1983,4834
1983,4845
1983,4856
1983,4873
1983,4885
1983,4889
1983,4893
1983,4894
1983,4900
1983,4909
1983,4911
1983,4917
1983,4920
1983,4927
1983,4932
1983,4943
1983,4946
1983,4991
1983,4999
1983,5002
1983,5005
1983,5029
1983,5035
1983,5038
1983,5039
1983,5040
1983,5064
1983,5073
1983,5076
1983,5077
1983,5078
1983,5090
1983,5095
1983,5152
1983,5155
1983,5184
1983,5195
1983,5203
1983,5206
1983,5210
1983,5212
1983,5215
1983,5234
1983,5245
1983,5253
1983,5267
1983,5291
1983,5352
1983,5358
1983,5372
1983,5376
1983,5379
1983,5391
1983,5394
1983,5401
1983,5402
1983,5408
1983,5412
1983,5426
1983,5466
1983,5472
1983,5478
1983,5486
1983,5487
1983,5496
1983,5505
1983,5512
1983,5514
1983,5523
1983,5525
1983,5533
1983,5538
1983,5544
1983,5556
1983,5572
1983,5578
1983,5584
1983,5596
1983,5645
1983,5647
1983,5650
1983,5651
1983,5656
1983,5672
1983,5717
1983,5719
1983,5721
1983,5726
1983,5731
1983,5732
1983,5734
1983,5735
1983,5746
1983,5771
1983,5978
1983,6691
1983,8953
1983,9052
1983,9433
1983,10631
1983,12536
1983,13342
1983,14888
1983,16231
1983,19090
1983,24011
1983,24486
1983,27661
1983,27686
1983,27991
1983,28112
1983,32797
1983,34312
1983,36339
1983,36811
1983,38904
1983,39765
1983,41317
1983,41693
1983,41774
1983,41781
1983,42113
1983,47320
1983,47725
1983,51263
1983,54374
1983,54454
1983,54547
1983,54688
1983,54786
1983,54808
1983,54841
1983,56339
1983,57469
1983,57537
1983,59708
1983,60147
1983,60164
1983,60184
1983,60198
1983,60696
1983,60754
1983,60795
1983,60815
1983,60831
1983,60835
1983,60843
1983,60852
1983,60854
1983,60865
1983,60877
1983,60953
1983,62924
1983,64147
1983,65999
1983,68740
1983,68844
1983,71273
1983,71329
1983,71616
1983,72054
1983,72467
1983,72938
1983,74989
1983,77993
1983,77999
1983,83786
1983,87177
1983,91270
1983,93860
1983,104741
1983,104865
1983,110634
1983,110635
1983,115237
1983,119182
1983,119607
1983,122316
1983,123606
1983,123620
1983,123631
1983,124087
1983,125017
1983,125889
1983,130881
1983,131536
1983,145068
1983,147912
1983,148192
1983,148211
1983,150310
1983,150311
1983,151165
1983,152945
1983,154059
1983,156419
1983,160051
1983,163742
1983,170361
1983,176168
1983,176870
1983,197712
1983,213039
1983,216239
1983,216326
1983,443871
1983,444013
1983,504578
1983,508230
1983,657298
1983,667490
1983,1349907
1983,3002190
1983,3062316
1983,3081884
1983,3085017
1983,3468412
1983,4183806
1983,4475485
1983,4479097
1983,4659568
1983,5281007
1983,5281104
1983,5282044
1983,5282226
1983,5311027
1983,5311039
1983,5311048
1983,5311082
1983,5311181
1983,5311297
1983,5329102
1983,5353980
1983,5362070
1983,5381226
1983,5481350
1983,5487301
1983,5493381
1983,5493444
1983,6398525
1983,6398970
1983,6435110
1983,6918453
1986,2022
1986,2083
1986,2142
1986,2156
1986,2162
1986,2244
1986,2249
1986,2250
1986,2269
1986,2284
1986,2435
1986,2520
1986,2554
1986,2650
1986,2662
1986,2666
1986,2678
1986,2764
1986,2771
1986,2802
1986,2806
1986,3003
1986,3016
1986,3062
1986,3121
1986,3154
1986,3161
1986,3310
1986,3325
1986,3345
1986,3348
1986,3365
1986,3367
1986,3385
1986,3405
1986,3440
1986,3446
1986,3454
1986,3467
1986,3478
1986,3488
1986,3559
1986,3639
1986,3640
1986,3658
1986,3676
1986,3878
1986,3883
1986,3890
1986,3929
1986,3937
1986,3958
1986,3962
1986,4091
1986,4112
1986,4159
1986,4168
1986,4171
1986,4173
1986,4253
1986,4259
1986,4536
1986,4583
1986,4594
1986,4679
1986,4691
1986,4812
1986,4819
1986,4834
1986,4873
1986,4885
1986,4894
1986,4900
1986,4909
1986,4917
1986,4943
1986,5039
1986,5073
1986,5090
1986,5203
1986,5267
1986,5478
1986,5496
1986,5514
1986,5651
1986,5732
1986,5734
1986,6691
1986,8953
1986,38904
1986,54454
1986,59708
1986,60831
1986,83786
1986,5311048
1986,6398525
2019,2162
2019,2524
2019,2550
2019,2554
2019,2907
2019,3003
2019,3062
2019,3121
2019,3143
2019,3310
2019,3405
2019,3446
2019,3461
2019,3510
2019,3690
2019,3958
2019,4112
2019,4168
2019,4595
2019,4666
2019,5039
2019,5514
2019,5647
2019,5978
2019,38904
2019,60754
2019,83786
2019,444013
2019,667490
2019,5311048
2022,2083
2022,2088
2022,2092
2022,2118
2022,2141
2022,2142
2022,2153
2022,2156
2022,2160
2022,2162
2022,2171
2022,2173
2022,2177
2022,2187
2022,2244
2022,2249
2022,2250
2022,2265
2022,2267
2022,2269
2022,2274
2022,2283
2022,2284
2022,2308
2022,2311
2022,2349
2022,2369
2022,2375
2022,2405
2022,2435
2022,2462
2022,2471
2022,2476
2022,2477
2022,2478
2022,2520
2022,2524
2022,2541
2022,2550
2022,2554
2022,2576
2022,2578
2022,2585
2022,2610
2022,2617
2022,2622
2022,2631
2022,2650
2022,2656
2022,2658
2022,2662
2022,2666
2022,2678
2022,2713
2022,2720
2022,2756
2022,2764
2022,2771
2022,2786
2022,2801
2022,2802
2022,2803
2022,2806
2022,2812
2022,2818
2022,2891
2022,2895
2022,2907
2022,2909
2022,2955
2022,2978
2022,3003
2022,3016
2022,3032
2022,3040
2022,3042
2022,3043
2022,3062
2022,3075
2022,3108
2022,3121
2022,3143
2022,3148
2022,3152
2022,3154
2022,3157
2022,3158
2022,3161
2022,3198
2022,3203
2022,3222
2022,3249
2022,3255
2022,3279
2022,3308
2022,3310
2022,3324
2022,3325
2022,3333
2022,3339
2022,3345
2022,3348
2022,3350
2022,3365
2022,3367
2022,3379
2022,3382
2022,3384
2022,3385
2022,3386
2022,3393
2022,3403
2022,3404
2022,3405
2022,3414
2022,3419
2022,3440
2022,3446
2022,3454
2022,3461
2022,3463
2022,3467
2022,3476
2022,3478
2022,3488
2022,3510
2022,3516
2022,3559
2022,3639
2022,3640
2022,3648
2022,3652
2022,3657
2022,3658
2022,3661
2022,3672
2022,3676
2022,3690
2022,3696
2022,3702
2022,3706
2022,3715
2022,3736
2022,3746
2022,3749
2022,3750
2022,3767
2022,3780
2022,3793
2022,3823
2022,3825
2022,3826
2022,3827
2022,3869
2022,3877
2022,3878
2022,3883
2022,3890
2022,3899
2022,3911
2022,3914
2022,3929
2022,3937
2022,3954
2022,3957
2022,3958
2022,3961
2022,3962
2022,4034
2022,4052
2022,4053
2022,4054
2022,4058
2022,4064
2022,4075
2022,4091
2022,4095
2022,4107
2022,4112
2022,4138
2022,4158
2022,4159
2022,4168
2022,4170
2022,4171
2022,4173
2022,4178
2022,4189
2022,4192
2022,4200
2022,4205
2022,4212
2022,4236
2022,4253
2022,4259
2022,4264
2022,4409
2022,4411
2022,4419
2022,4425
2022,4449
2022,4451
2022,4463
2022,4473
2022,4485
2022,4506
2022,4509
2022,4510
2022,4513
2022,4536
2022,4539
2022,4542
2022,4543
2022,4547
2022,4583
2022,4585
2022,4594
2022,4595
2022,4599
2022,4603
2022,4607
2022,4609
2022,4616
2022,4634
2022,4635
2022,4666
2022,4674
2022,4679
2022,4691
2022,4730
2022,4739
2022,4740
2022,4812
2022,4819
2022,4829
2022,4834
2022,4845
2022,4856
2022,4873
2022,4885
2022,4889
2022,4894
2022,4900
2022,4909
2022,4911
2022,4917
2022,4920
2022,4927
2022,4943
2022,4946
2022,4993
2022,5002
2022,5005
2022,5029
2022,5035
2022,5038
2022,5039
2022,5040
2022,5064
2022,5073
2022,5076
2022,5078
2022,5090
2022,5095
2022,5152
2022,5155
2022,5184
2022,5203
2022,5212
2022,5215
2022,5234
2022,5245
2022,5267
2022,5291
2022,5352
2022,5358
2022,5372
2022,5376
2022,5379
2022,5391
2022,5394
2022,5401
2022,5402
2022,5408
2022,5412
2022,5426
2022,5453
2022,5478
2022,5487
2022,5496
2022,5512
2022,5514
2022,5515
2022,5523
2022,5533
2022,5538
2022,5544
2022,5556
2022,5578
2022,5645
2022,5647
2022,5650
2022,5651
2022,5656
2022,5672
2022,5717
2022,5719
2022,5726
2022,5731
2022,5732
2022,5734
2022,5735
2022,5878
2022,5978
2022,6691
2022,8953
2022,9052
2022,10631
2022,12536
2022,14888
2022,16231
2022,19090
2022,24486
2022,27661
2022,28112
2022,32797
2022,34312
2022,36339
2022,38904
2022,39765
2022,41781
2022,47725
2022,51263
2022,54374
2022,54454
2022,54547
2022,54688
2022,54808
2022,54841
2022,56339
2022,57469
2022,59708
2022,60147
2022,60164
2022,60184
2022,60754
2022,60787
2022,60831
2022,60835
2022,60852
2022,60854
2022,60865
2022,60871
2022,60877
2022,60953
2022,62924
2022,64147
2022,65027
2022,65999
2022,68740
2022,71616
2022,72054
2022,72467
2022,74989
2022,77999
2022,83786
2022,87177
2022,93860
2022,104865
2022,110634
2022,110635
2022,119182
2022,119607
2022,122316
2022,123620
2022,123631
2022,124087
2022,125889
2022,130881
2022,131536
2022,147912
2022,148192
2022,150310
2022,150311
2022,150610
2022,151165
2022,152945
2022,156419
2022,163742
2022,170361
2022,197712
2022,213039
2022,216239
2022,216326
2022,504578
2022,508230
2022,667490
2022,3002190
2022,3062316
2022,3085017
2022,3468412
2022,4183806
2022,4475485
2022,5281104
2022,5282226
2022,5311027
2022,5311039
2022,5311048
2022,5311297
2022,5353980
2022,5381226
2022,5481350
2022,5487301
2022,5493381
2022,6398525
2083,2088
2083,2092
2083,2118
2083,2130
2083,2141
2083,2142
2083,2153
2083,2156
2083,2160
2083,2162
2083,2171
2083,2173
2083,2187
2083,2232
2083,2244
2083,2249
2083,2250
2083,2265
2083,2266
2083,2267
2083,2269
2083,2274
2083,2283
2083,2284
2083,2308
2083,2311
2083,2349
2083,2369
2083,2375
2083,2405
2083,2435
2083,2462
2083,2471
2083,2474
2083,2476
2083,2477
2083,2487
2083,2520
2083,2522
2083,2524
2083,2541
2083,2550
2083,2554
2083,2576
2083,2578
2083,2585
2083,2609
2083,2610
2083,2617
2083,2622
2083,2631
2083,2646
2083,2650
2083,2656
2083,2658
2083,2662
2083,2666
2083,2676
2083,2678
2083,2713
2083,2720
2083,2726
2083,2727
2083,2732
2083,2733
2083,2749
2083,2756
2083,2764
2083,2771
2083,2786
2083,2802
2083,2803
2083,2806
2083,2812
2083,2818
2083,2891
2083,2895
2083,2907
2083,2909
2083,2955
2083,2973
2083,2978
2083,3003
2083,3007
2083,3008
2083,3016
2083,3032
2083,3040
2083,3042
2083,3043
2083,3059
2083,3062
2083,3075
2083,3108
2083,3114
2083,3121
2083,3143
2083,3148
2083,3152
2083,3154
2083,3157
2083,3158
2083,3161
2083,3168
2083,3203
2083,3222
2083,3249
2083,3255
2083,3261
2083,3279
2083,3305
2083,3308
2083,3310
2083,3324
2083,3325
2083,3333
2083,3339
2083,3345
2083,3348
2083,3350
2083,3355
2083,3365
2083,3367
2083,3372
2083,3379
2083,3382
2083,3384
2083,3385
2083,3386
2083,3393
2083,3394
2083,3397
2083,3403
2083,3404
2083,3405
2083,3410
2083,3419
2083,3440
2083,3446
2083,3449
2083,3454
2083,3461
2083,3463
2083,3467
2083,3476
2083,3478
2083,3488
2083,3494
2083,3510
2083,3516
2083,3559
2083,3637
2083,3639
2083,3640
2083,3648
2083,3652
2083,3657
2083,3658
2083,3661
2083,3672
2083,3676
2083,3696
2083,3702
2083,3706
2083,3715
2083,3730
2083,3736
2083,3741
2083,3746
2083,3749
2083,3750
2083,3763
2083,3767
2083,3780
2083,3784
2083,3793
2083,3823
2083,3825
2083,3826
2083,3827
2083,3869
2083,3877
2083,3878
2083,3883
2083,3890
2083,3899
2083,3902
2083,3911
2083,3929
2083,3937
2083,3954
2083,3957
2083,3958
2083,3961
2083,3962
2083,3964
2083,4034
2083,4052
2083,4053
2083,4054
2083,4058
2083,4064
2083,4075
2083,4091
2083,4095
2083,4107
2083,4112
2083,4138
2083,4158
2083,4159
2083,4168
2083,4170
2083,4171
2083,4173
2083,4189
2083,4192
2083,4200
2083,4201
2083,4205
2083,4212
2083,4236
2083,4253
2083,4259
2083,4264
2083,4409
2083,4411
2083,4425
2083,4428
2083,4440
2083,4449
2083,4451
2083,4463
2083,4473
2083,4485
2083,4499
2083,4506
2083,4509
2083,4510
2083,4513
2083,4536
2083,4542
2083,4543
2083,4547
2083,4583
2083,4585
2083,4594
2083,4595
2083,4599
2083,4601
2083,4603
2083,4607
2083,4609
2083,4614
2083,4616
2083,4634
2083,4635
2083,4645
2083,4666
2083,4674
2083,4679
2083,4691
2083,4736
2083,4740
2083,4748
2083,4771
2083,4812
2083,4819
2083,4829
2083,4834
2083,4845
2083,4856
2083,4873
2083,4885
2083,4889
2083,4894
2083,4900
2083,4909
2083,4911
2083,4917
2083,4920
2083,4927
2083,4943
2083,4946
2083,4991
2083,4999
2083,5002
2083,5005
2083,5029
2083,5035
2083,5038
2083,5039
2083,5040
2083,5064
2083,5070
2083,5073
2083,5076
2083,5077
2083,5078
2083,5090
2083,5095
2083,5152
2083,5155
2083,5184
2083,5195
2083,5203
2083,5206
2083,5210
2083,5212
2083,5234
2083,5245
2083,5253
2083,5267
2083,5291
2083,5352
2083,5358
2083,5372
2083,5376
2083,5379
2083,5381
2083,5391
2083,5394
2083,5401
2083,5402
2083,5408
2083,5412
2083,5426
2083,5454
2083,5466
2083,5472
2083,5478
2083,5487
2083,5496
2083,5512
2083,5514
2083,5523
2083,5533
2083,5538
2083,5544
2083,5556
2083,5572
2083,5578
2083,5584
2083,5596
2083,5645
2083,5647
2083,5650
2083,5651
2083,5656
2083,5672
2083,5717
2083,5719
2083,5726
2083,5731
2083,5732
2083,5734
2083,5735
2083,5771
2083,5978
2083,6691
2083,8953
2083,9433
2083,10631
2083,12536
2083,14888
2083,16231
2083,19090
2083,24011
2083,24486
2083,27661
2083,27686
2083,28112
2083,32797
2083,34312
2083,36339
2083,38904
2083,39765
2083,41317
2083,41774
2083,41781
2083,47725
2083,54374
2083,54454
2083,54547
2083,54688
2083,54786
2083,54808
2083,54841
2083,56339
2083,56959
2083,57469
2083,57537
2083,59708
2083,60147
2083,60184
2083,60198
2083,60696
2083,60754
2083,60787
2083,60795
2083,60831
2083,60835
2083,60843
2083,60852
2083,60854
2083,60865
2083,60877
2083,60953
2083,62924
2083,64147
2083,65999
2083,68740
2083,68844
2083,71329
2083,71616
2083,72054
2083,72467
2083,72938
2083,74989
2083,77992
2083,77993
2083,77999
2083,83786
2083,87177
2083,91270
2083,93860
2083,104741
2083,104865
2083,110634
2083,110635
2083,115237
2083,119607
2083,123606
2083,123620
2083,123631
2083,124087
2083,125017
2083,125889
2083,130881
2083,131536
2083,145068
2083,147912
2083,148192
2083,148211
2083,150310
2083,150311
2083,151165
2083,152945
2083,154059
2083,156419
2083,160051
2083,163742
2083,170361
2083,176168
2083,176870
2083,197712
2083,213039
2083,216239
2083,216326
2083,443871
2083,444013
2083,444033
2083,504578
2083,657298
2083,667490
2083,1349907
2083,3002190
2083,3062316
2083,3081884
2083,3085017
2083,3468412
2083,4183806
2083,4475485
2083,4479097
2083,4659568
2083,5281104
2083,5282226
2083,5311027
2083,5311039
2083,5311048
2083,5311082
2083,5311181
2083,5311297
2083,5329102
2083,5353980
2083,5362420
2083,5381226
2083,5481350
2083,5487301
2083,5493381
2083,5493444
2083,6398525
2083,6398970
2083,6447131
2083,6918453
2083,9571074
2088,2099
2088,2118
2088,2130
2088,2153
2088,2156
2088,2160
2088,2162
2088,2171
2088,2182
2088,2187
2088,2244
2088,2249
2088,2250
2088,2265
2088,2267
2088,2269
2088,2274
2088,2283
2088,2284
2088,2308
2088,2311
2088,2369
2088,2375
2088,2405
2088,2435
2088,2462
2088,2471
2088,2476
2088,2477
2088,2512
2088,2520
2088,2522
2088,2524
2088,2541
2088,2550
2088,2554
2088,2576
2088,2578
2088,2585
2088,2609
2088,2610
2088,2617
2088,2622
2088,2646
2088,2650
2088,2656
2088,2658
2088,2662
2088,2666
2088,2673
2088,2676
2088,2678
2088,2712
2088,2713
2088,2719
2088,2725
2088,2726
2088,2727
2088,2732
2088,2749
2088,2756
2088,2764
2088,2771
2088,2786
2088,2801
2088,2802
2088,2803
2088,2806
2088,2812
2088,2818
2088,2891
2088,2895
2088,2907
2088,2909
2088,2949
2088,2951
2088,2955
2088,2973
2088,2978
2088,3003
2088,3016
2088,3032
2088,3042
2088,3043
2088,3059
2088,3062
2088,3075
2088,3108
2088,3121
2088,3143
2088,3148
2088,3152
2088,3154
2088,3157
2088,3158
2088,3161
2088,3203
2088,3222
2088,3249
2088,3255
2088,3261
2088,3279
2088,3305
2088,3308
2088,3310
2088,3324
2088,3325
2088,3333
2088,3339
2088,3345
2088,3348
2088,3350
2088,3355
2088,3365
2088,3367
2088,3379
2088,3381
2088,3382
2088,3384
2088,3385
2088,3386
2088,3393
2088,3394
2088,3397
2088,3403
2088,3404
2088,3405
2088,3410
2088,3419
2088,3440
2088,3446
2088,3449
2088,3454
2088,3461
2088,3463
2088,3467
2088,3476
2088,3478
2088,3488
2088,3494
2088,3510
2088,3516
2088,3559
2088,3639
2088,3640
2088,3642
2088,3648
2088,3652
2088,3657
2088,3658
2088,3661
2088,3672
2088,3675
2088,3676
2088,3696
2088,3702
2088,3715
2088,3736
2088,3746
2088,3749
2088,3750
2088,3767
2088,3780
2088,3784
2088,3793
2088,3823
2088,3825
2088,3826
2088,3827
2088,3869
2088,3877
2088,3878
2088,3883
2088,3890
2088,3899
2088,3902
2088,3911
2088,3929
2088,3937
2088,3954
2088,3957
2088,3958
2088,3961
2088,3962
2088,4034
2088,4052
2088,4053
2088,4054
2088,4058
2088,4064
2088,4075
2088,4091
2088,4095
2088,4107
2088,4112
2088,4138
2088,4158
2088,4159
2088,4168
2088,4170
2088,4171
2088,4173
2088,4178
2088,4189
2088,4192
2088,4200
2088,4201
2088,4205
2088,4212
2088,4236
2088,4253
2088,4259
2088,4264
2088,4409
2088,4411
2088,4440
2088,4449
2088,4473
2088,4485
2088,4499
2088,4506
2088,4509
2088,4510
2088,4513
2088,4539
2088,4543
2088,4547
2088,4583
2088,4585
2088,4594
2088,4595
2088,4599
2088,4601
2088,4609
2088,4614
2088,4616
2088,4634
2088,4635
2088,4666
2088,4674
2088,4679
2088,4691
2088,4727
2088,4730
2088,4740
2088,4745
2088,4748
2088,4812
2088,4819
2088,4828
2088,4829
2088,4845
2088,4856
2088,4873
2088,4885
2088,4889
2088,4893
2088,4894
2088,4900
2088,4909
2088,4917
2088,4920
2088,4927
2088,4932
2088,4943
2088,4946
2088,4991
2088,5002
2088,5005
2088,5029
2088,5035
2088,5038
2088,5039
2088,5040
2088,5064
2088,5073
2088,5076
2088,5077
2088,5078
2088,5090
2088,5095
2088,5152
2088,5155
2088,5184
2088,5195
2088,5203
2088,5210
2088,5212
2088,5234
2088,5245
2088,5253
2088,5267
2088,5291
2088,5352
2088,5358
2088,5372
2088,5376
2088,5379
2088,5391
2088,5394
2088,5401
2088,5402
2088,5408
2088,5412
2088,5426
2088,5466
2088,5472
2088,5478
2088,5487
2088,5496
2088,5512
2088,5514
2088,5523
2088,5525
2088,5530
2088,5533
2088,5538
2088,5544
2088,5556
2088,5572
2088,5578
2088,5584
2088,5596
2088,5645
2088,5647
2088,5650
2088,5651
2088,5656
2088,5672
2088,5717
2088,5719
2088,5731
2088,5732
2088,5734
2088,5735
2088,5978
2088,6691
2088,8953
2088,9052
2088,9433
2088,10631
2088,14888
2088,16231
2088,19090
2088,24011
2088,24486
2088,27661
2088,27686
2088,27991
2088,28112
2088,32797
2088,34312
2088,38904
2088,41774
2088,41781
2088,47725
2088,54374
2088,54454
2088,54688
2088,54786
2088,54808
2088,54841
2088,56959
2088,57469
2088,57537
2088,59708
2088,60147
2088,60164
2088,60184
2088,60198
2088,60696
2088,60795
2088,60831
2088,60835
2088,60843
2088,60852
2088,60854
2088,60865
2088,60871
2088,60953
2088,62924
2088,64147
2088,65999
2088,68740
2088,68844
2088,71158
2088,71329
2088,71616
2088,72054
2088,72938
2088,74989
2088,77993
2088,77999
2088,83786
2088,87177
2088,91270
2088,93860
2088,104741
2088,104865
2088,110634
2088,110635
2088,119607
2088,123620
2088,123631
2088,124087
2088,125017
2088,125889
2088,130881
2088,147912
2088,148192
2088,148211
2088,150310
2088,150311
2088,151165
2088,152945
2088,153941
2088,154059
2088,156419
2088,160051
2088,163742
2088,170361
2088,176870
2088,197712
2088,213039
2088,216239
2088,216326
2088,443871
2088,508230
2088,667490
2088,1349907
2088,3002190
2088,3062316
2088,3081884
2088,3085017
2088,3468412
2088,4183806
2088,4475485
2088,4479097
2088,4659568
2088,5281104
2088,5282226
2088,5311027
2088,5311048
2088,5311181
2088,5311297
2088,5329102
2088,5353980
2088,5362420
2088,5381226
2088,5481350
2088,5487301
2088,5493381
2088,5493444
2088,6398525
2088,6398970
2088,6447131
2088,6918453
2092,2118
2092,2156
2092,2162
2092,2244
2092,2249
2092,2250
2092,2284
2092,2311
2092,2375
2092,2405
2092,2462
2092,2520
2092,2541
2092,2550
2092,2585
2092,2662
2092,2666
2092,2678
2092,2732
2092,2764
2092,2771
2092,2802
2092,2806
2092,2891
2092,2895
2092,3003
2092,3016
2092,3032
2092,3062
2092,3075
2092,3121
2092,3143
2092,3152
2092,3157
2092,3161
2092,3222
2092,3325
2092,3333
2092,3339
2092,3345
2092,3348
2092,3350
2092,3386
2092,3405
2092,3419
2092,3440
2092,3446
2092,3463
2092,3476
2092,3478
2092,3488
2092,3516
2092,3639
2092,3672
2092,3749
2092,3883
2092,3890
2092,3911
2092,3937
2092,3954
2092,3958
2092,3961
2092,3962
2092,4034
2092,4052
2092,4054
2092,4091
2092,4168
2092,4171
2092,4253
2092,4485
2092,4510
2092,4583
2092,4594
2092,4634
2092,4635
2092,4679
2092,4691
2092,4829
2092,4873
2092,4889
2092,4900
2092,4946
2092,5002
2092,5005
2092,5029
2092,5038
2092,5039
2092,5090
2092,5095
2092,5203
2092,5212
2092,5253
2092,5267
2092,5358
2092,5408
2092,5478
2092,5512
2092,5523
2092,5647
2092,5650
2092,5656
2092,5732
2092,5735
2092,6691
2092,27661
2092,54454
2092,60147
2092,60184
2092,60831
2092,60835
2092,62924
2092,65999
2092,68740
2092,77999
2092,83786
2092,87177
2092,110634
2092,110635
2092,123620
2092,125889
2092,130881
2092,150311
2092,152945
2092,154059
2092,4475485
2092,5282226
2092,5311297
2099,2160
2099,2162
2099,2244
2099,2249
2099,2250
2099,2269
2099,2520
2099,2554
2099,2576
2099,2662
2099,2678
2099,2764
2099,2771
2099,2802
2099,3016
2099,3042
2099,3062
2099,3075
2099,3158
2099,3325
2099,3348
2099,3386
2099,3440
2099,3446
2099,3476
2099,3639
2099,3658
2099,3672
2099,3883
2099,3937
2099,3954
2099,3958
2099,3961
2099,4091
2099,4112
2099,4168
2099,4171
2099,4173
2099,4253
2099,4510
2099,4583
2099,4594
2099,4634
2099,4635
2099,4679
2099,4691
2099,4873
2099,4900
2099,4927
2099,4946
2099,5005
2099,5029
2099,5039
2099,5090
2099,5203
2099,5358
2099,5391
2099,5523
2099,5650
2099,5656
2099,5732
2099,54454
2099,60835
2099,65999
2099,130881
2099,5311297
2118,2130
2118,2142
2118,2153
2118,2156
2118,2160
2118,2162
2118,2170
2118,2171
2118,2173
2118,2187
2118,2244
2118,2249
2118,2250
2118,2265
2118,2267
2118,2269
2118,2274
2118,2283
2118,2284
2118,2308
2118,2311
2118,2369
2118,2375
2118,2405
2118,2435
2118,2462
2118,2471
2118,2474
2118,2476
2118,2477
2118,2512
2118,2520
2118,2524
2118,2541
2118,2550
2118,2554
2118,2576
2118,2585
2118,2609
2118,2617
2118,2622
2118,2631
2118,2656
2118,2658
2118,2662
2118,2666
2118,2678
2118,2712
2118,2713
2118,2720
2118,2726
2118,2732
2118,2733
2118,2749
2118,2756
2118,2764
2118,2771
2118,2786
2118,2801
2118,2802
2118,2803
2118,2806
2118,2812
2118,2818
2118,2891
2118,2895
2118,2907
2118,2909
2118,2949
2118,2951
2118,2978
2118,2995
2118,3003
2118,3007
2118,3016
2118,3032
2118,3040
2118,3042
2118,3043
2118,3062
2118,3066
2118,3075
2118,3108
2118,3121
2118,3143
2118,3148
2118,3152
2118,3154
2118,3157
2118,3158
2118,3161
2118,3222
2118,3249
2118,3255
2118,3261
2118,3278
2118,3308
2118,3310
2118,3324
2118,3325
2118,3333
2118,3339
2118,3345
2118,3348
2118,3350
2118,3355
2118,3365
2118,3367
2118,3372
2118,3379
2118,3382
2118,3385
2118,3386
2118,3393
2118,3403
2118,3404
2118,3405
2118,3410
2118,3414
2118,3419
2118,3440
2118,3446
2118,3449
2118,3461
2118,3463
2118,3467
2118,3476
2118,3478
2118,3488
2118,3510
2118,3516
2118,3559
2118,3639
2118,3640
2118,3648
2118,3652
2118,3657
2118,3658
2118,3661
2118,3672
2118,3675
2118,3676
2118,3690
2118,3696
2118,3702
2118,3715
2118,3746
2118,3749
2118,3750
2118,3767
2118,3780
2118,3784
2118,3793
2118,3823
2118,3825
2118,3826
2118,3869
2118,3877
2118,3878
2118,3883
2118,3890
2118,3899
2118,3902
2118,3911
2118,3929
2118,3937
2118,3954
2118,3957
2118,3958
2118,3961
2118,3962
2118,4034
2118,4044
2118,4052
2118,4054
2118,4058
2118,4064
2118,4075
2118,4091
2118,4095
2118,4107
2118,4112
2118,4158
2118,4159
2118,4168
2118,4170
2118,4171
2118,4173
2118,4178
2118,4189
2118,4192
2118,4201
2118,4205
2118,4212
2118,4236
2118,4253
2118,4259
2118,4264
2118,4409
2118,4411
2118,4419
2118,4449
2118,4463
2118,4473
2118,4485
2118,4497
2118,4499
2118,4506
2118,4509
2118,4510
2118,4513
2118,4536
2118,4539
2118,4542
2118,4543
2118,4547
2118,4583
2118,4585
2118,4594
2118,4595
2118,4599
2118,4601
2118,4609
2118,4614
2118,4616
2118,4634
2118,4635
2118,4666
2118,4674
2118,4679
2118,4691
2118,4740
2118,4745
2118,4748
2118,4771
2118,4812
2118,4819
2118,4829
2118,4845
2118,4856
2118,4873
2118,4885
2118,4889
2118,4894
2118,4900
2118,4909
2118,4911
2118,4917
2118,4920
2118,4927
2118,4943
2118,4946
2118,4999
2118,5002
2118,5005
2118,5029
2118,5035
2118,5038
2118,5039
2118,5040
2118,5064
2118,5073
2118,5076
2118,5077
2118,5078
2118,5090
2118,5095
2118,5152
2118,5155
2118,5195
2118,5203
2118,5210
2118,5212
2118,5215
2118,5234
2118,5245
2118,5253
2118,5267
2118,5291
2118,5352
2118,5358
2118,5372
2118,5376
2118,5379
2118,5391
2118,5401
2118,5402
2118,5408
2118,5412
2118,5426
2118,5454
2118,5466
2118,5472
2118,5478
2118,5487
2118,5496
2118,5512
2118,5514
2118,5523
2118,5530
2118,5533
2118,5538
2118,5544
2118,5556
2118,5572
2118,5584
2118,5645
2118,5647
2118,5650
2118,5651
2118,5656
2118,5672
2118,5717
2118,5719
2118,5726
2118,5731
2118,5732
2118,5734
2118,5735
2118,5978
2118,6691
2118,8953
2118,9052
2118,10631
2118,16231
2118,19090
2118,24486
2118,27661
2118,28112
2118,32797
2118,34312
2118,38904
2118,41774
2118,41781
2118,47725
2118,54374
2118,54454
2118,54688
2118,54808
2118,54841
2118,57537
2118,59708
2118,60147
2118,60184
2118,60198
2118,60754
2118,60795
2118,60831
2118,60835
2118,60852
2118,60854
2118,60865
2118,60953
2118,62924
2118,65999
2118,68740
2118,71158
2118,71329
2118,71616
2118,72054
2118,74989
2118,77993
2118,77999
2118,83786
2118,87177
2118,93860
2118,104865
2118,110634
2118,110635
2118,115237
2118,119607
2118,122316
2118,123620
2118,123631
2118,124087
2118,125017
2118,125889
2118,130881
2118,147912
2118,148192
2118,148211
2118,150311
2118,151165
2118,152945
2118,154059
2118,156419
2118,160051
2118,163742
2118,170361
2118,176870
2118,197712
2118,213039
2118,216239
2118,216326
2118,443871
2118,667490
2118,1349907
2118,3002190
2118,3081884
2118,3085017
2118,3468412
2118,4183806
2118,4475485
2118,4659568
2118,5281007
2118,5281104
2118,5282044
2118,5282226
2118,5311027
2118,5311048
2118,5311181
2118,5311297
2118,5329102
2118,5353980
2118,5381226
2118,5481350
2118,5487301
2118,5493381
2118,5493444
2118,6398525
2118,6398970
2130,2160
2130,2162
2130,2171
2130,2244
2130,2249
2130,2250
2130,2284
2130,2462
2130,2477
2130,2512
2130,2520
2130,2524
2130,2554
2130,2656
2130,2662
2130,2666
2130,2678
2130,2764
2130,2771
2130,2801
2130,2802
2130,2806
2130,2891
2130,2895
2130,3003
2130,3016
2130,3032
2130,3062
2130,3075
2130,3121
2130,3152
2130,3157
2130,3158
2130,3161
2130,3222
2130,3255
2130,3308
2130,3325
2130,3345
2130,3348
2130,3365
2130,3386
2130,3404
2130,3405
2130,3440
2130,3446
2130,3476
2130,3488
2130,3516
2130,3559
2130,3639
2130,3640
2130,3672
2130,3676
2130,3780
2130,3825
2130,3883
2130,3929
2130,3958
2130,3961
2130,4052
2130,4091
2130,4158
2130,4168
2130,4178
2130,4236
2130,4409
2130,4543
2130,4583
2130,4585
2130,4594
2130,4603
2130,4634
2130,4679
2130,4691
2130,4745
2130,4829
2130,4873
2130,4885
2130,4894
2130,4900
2130,4946
2130,4999
2130,5002
2130,5035
2130,5038
2130,5039
2130,5064
2130,5073
2130,5077
2130,5090
2130,5095
2130,5152
2130,5195
2130,5203
2130,5245
2130,5391
2130,5487
2130,5512
2130,5514
2130,5523
2130,5556
2130,5572
2130,5645
2130,5647
2130,5650
2130,5732
2130,5734
2130,6691
2130,27661
2130,34312
2130,41781
2130,54454
2130,54688
2130,60854
2130,62924
2130,65999
2130,77999
2130,87177
2130,130881
2130,154059
2130,4659568
2130,5311297
2130,6435110
2141,2244
2141,3003
2141,3310
2141,3345
2141,3365
2141,3385
2141,3510
2141,3937
2141,3958
2141,4168
2141,4171
2141,4594
2141,4595
2141,4635
2141,4666
2141,4679
2141,4917
2141,38904
2141,54454
2141,5311048
2142,2153
2142,2156
2142,2162
2142,2173
2142,2250
2142,2269
2142,2274
2142,2617
2142,2622
2142,2631
2142,2650
2142,2656
2142,2764
2142,2907
2142,2909
2142,3003
2142,3279
2142,3310
2142,3345
2142,3365
2142,3367
2142,3440
2142,3454
2142,3467
2142,3640
2142,3746
2142,3793
2142,3883
2142,3929
2142,3958
2142,4112
2142,4159
2142,4168
2142,4173
2142,4253
2142,4583
2142,4594
2142,4595
2142,4679
2142,4834
2142,4873
2142,4894
2142,4900
2142,4943
2142,5039
2142,5372
2142,5651
2142,5978
2142,54688
2142,71616
2142,83786
2142,145068
2142,3468412
2142,5311039
2142,5311048
2153,2156
2153,2160
2153,2162
2153,2244
2153,2249
2153,2250
2153,2269
2153,2308
2153,2405
2153,2462
2153,2471
2153,2520
2153,2541
2153,2550
2153,2554
2153,2576
2153,2585
2153,2656
2153,2658
2153,2662
2153,2678
2153,2764
2153,2771
2153,2802
2153,2803
2153,2806
2153,2818
2153,2895
2153,3003
2153,3016
2153,3032
2153,3062
2153,3075
2153,3121
2153,3157
2153,3222
2153,3255
2153,3325
2153,3333
2153,3339
2153,3345
2153,3348
2153,3350
2153,3365
2153,3386
2153,3405
2153,3410
2153,3440
2153,3446
2153,3461
2153,3476
2153,3478
2153,3488
2153,3516
2153,3559
2153,3639
2153,3640
2153,3658
2153,3672
2153,3676
2153,3746
2153,3749
2153,3780
2153,3827
2153,3883
2153,3890
2153,3899
2153,3937
2153,3957
2153,3958
2153,3961
2153,4052
2153,4091
2153,4112
2153,4159
2153,4168
2153,4170
2153,4171
2153,4173
2153,4205
2153,4253
2153,4259
2153,4485
2153,4510
2153,4583
2153,4585
2153,4594
2153,4634
2153,4635
2153,4666
2153,4679
2153,4691
2153,4829
2153,4845
2153,4873
2153,4889
2153,4894
2153,4900
2153,4927
2153,5005
2153,5029
2153,5035
2153,5038
2153,5039
2153,5073
2153,5090
2153,5152
2153,5203
2153,5234
2153,5245
2153,5267
2153,5358
2153,5391
2153,5487
2153,5512
2153,5523
2153,5544
2153,5650
2153,5656
2153,5717
2153,5732
2153,6691
2153,9433
2153,27661
2153,27686
2153,38904
2153,41781
2153,54454
2153,54688
2153,60147
2153,60831
2153,62924
2153,77999
2153,83786
2153,87177
2153,119607
2153,123620
2153,124087
2153,125889
2153,130881
2153,150311
2153,170361
2153,3002190
2153,5281104
2153,5311048
2153,5311297
2156,2160
2156,2162
2156,2171
2156,2187
2156,2244
2156,2249
2156,2250
2156,2269
2156,2308
2156,2311
2156,2375
2156,2405
2156,2462
2156,2471
2156,2520
2156,2524
2156,2541
2156,2550
2156,2554
2156,2585
2156,2617
2156,2622
2156,2650
2156,2656
2156,2658
2156,2662
2156,2666
2156,2678
2156,2764
2156,2771
2156,2801
2156,2802
2156,2803
2156,2806
2156,2812
2156,2895
2156,2907
2156,2909
2156,3003
2156,3016
2156,3032
2156,3062
2156,3075
2156,3121
2156,3143
2156,3152
2156,3157
2156,3161
2156,3222
2156,3255
2156,3325
2156,3333
2156,3339
2156,3345
2156,3348
2156,3350
2156,3355
2156,3365
2156,3385
2156,3386
2156,3403
2156,3405
2156,3410
2156,3419
2156,3440
2156,3446
2156,3449
2156,3461
2156,3463
2156,3467
2156,3476
2156,3478
2156,3488
2156,3516
2156,3559
2156,3639
2156,3640
2156,3648
2156,3658
2156,3672
2156,3676
2156,3702
2156,3746
2156,3749
2156,3780
2156,3825
2156,3878
2156,3883
2156,3890
2156,3899
2156,3911
2156,3929
2156,3937
2156,3954
2156,3957
2156,3958
2156,3961
2156,3962
2156,4052
2156,4054
2156,4091
2156,4112
2156,4159
2156,4168
2156,4170
2156,4171
2156,4173
2156,4178
2156,4205
2156,4253
2156,4259
2156,4411
2156,4485
2156,4510
2156,4539
2156,4583
2156,4585
2156,4594
2156,4595
2156,4609
2156,4616
2156,4634
2156,4635
2156,4666
2156,4679
2156,4691
2156,4740
2156,4829
2156,4873
2156,4889
2156,4894
2156,4900
2156,4917
2156,4927
2156,4943
2156,4946
2156,5002
2156,5005
2156,5029
2156,5038
2156,5039
2156,5073
2156,5090
2156,5095
2156,5203
2156,5212
2156,5234
2156,5245
2156,5253
2156,5267
2156,5291
2156,5372
2156,5379
2156,5391
2156,5401
2156,5426
2156,5512
2156,5523
2156,5544
2156,5650
2156,5651
2156,5656
2156,5732
2156,6691
2156,8953
2156,9052
2156,19090
2156,27661
2156,34312
2156,38904
2156,41781
2156,54454
2156,54688
2156,59708
2156,60147
2156,60184
2156,60831
2156,60835
2156,62924
2156,65999
2156,68740
2156,71616
2156,77999
2156,83786
2156,87177
2156,93860
2156,104865
2156,119607
2156,125889
2156,130881
2156,150310
2156,150311
2156,156419
2156,163742
2156,216326
2156,3085017
2156,3468412
2156,4475485
2156,5281104
2156,5311048
2156,5311297
2156,5381226
2156,5493381
2156,6398525
2160,2162
2160,2171
2160,2187
2160,2244
2160,2249
2160,2250
2160,2265
2160,2269
2160,2284
2160,2308
2160,2311
2160,2405
2160,2462
2160,2471
2160,2477
2160,2487
2160,2520
2160,2524
2160,2541
2160,2550
2160,2554
2160,2576
2160,2585
2160,2662
2160,2666
2160,2678
2160,2749
2160,2756
2160,2764
2160,2771
2160,2786
2160,2802
2160,2803
2160,2806
2160,2812
2160,2891
2160,2895
2160,3003
2160,3016
2160,3032
2160,3062
2160,3075
2160,3121
2160,3143
2160,3152
2160,3157
2160,3158
2160,3161
2160,3222
2160,3255
2160,3308
2160,3325
2160,3333
2160,3339
2160,3345
2160,3348
2160,3350
2160,3365
2160,3385
2160,3386
2160,3405
2160,3410
2160,3419
2160,3440
2160,3446
2160,3461
2160,3463
2160,3476
2160,3478
2160,3488
2160,3516
2160,3559
2160,3639
2160,3640
2160,3648
2160,3652
2160,3658
2160,3672
2160,3676
2160,3702
2160,3715
2160,3746
2160,3749
2160,3825
2160,3826
2160,3877
2160,3878
2160,3883
2160,3890
2160,3899
2160,3937
2160,3954
2160,3957
2160,3958
2160,3961
2160,3962
2160,4034
2160,4052
2160,4058
2160,4075
2160,4091
2160,4095
2160,4107
2160,4112
2160,4158
2160,4159
2160,4168
2160,4170
2160,4171
2160,4173
2160,4205
2160,4236
2160,4253
2160,4259
2160,4409
2160,4411
2160,4449
2160,4485
2160,4509
2160,4510
2160,4543
2160,4583
2160,4585
2160,4594
2160,4595
2160,4599
2160,4601
2160,4614
2160,4616
2160,4634
2160,4635
2160,4666
2160,4674
2160,4679
2160,4691
2160,4740
2160,4748
2160,4829
2160,4856
2160,4873
2160,4885
2160,4889
2160,4894
2160,4900
2160,4917
2160,4927
2160,4946
2160,5002
2160,5005
2160,5029
2160,5035
2160,5038
2160,5039
2160,5064
2160,5073
2160,5076
2160,5090
2160,5095
2160,5152
2160,5203
2160,5212
2160,5245
2160,5253
2160,5267
2160,5358
2160,5376
2160,5379
2160,5391
2160,5408
2160,5426
2160,5487
2160,5512
2160,5514
2160,5523
2160,5533
2160,5544
2160,5647
2160,5650
2160,5656
2160,5717
2160,5719
2160,5732
2160,5734
2160,5735
2160,6691
2160,10631
2160,19090
2160,27661
2160,28112
2160,34312
2160,38904
2160,41781
2160,54454
2160,54688
2160,54841
2160,59708
2160,60147
2160,60795
2160,60831
2160,60835
2160,60852
2160,60854
2160,62924
2160,68740
2160,77999
2160,83786
2160,87177
2160,104865
2160,110635
2160,119607
2160,123620
2160,124087
2160,125889
2160,130881
2160,150311
2160,170361
2160,667490
2160,3002190
2160,3081884
2160,3085017
2160,3468412
2160,4475485
2160,5311048
2160,5311297
2160,5353980
2160,5487301
2160,6398525
2162,2171
2162,2173
2162,2187
2162,2244
2162,2249
2162,2250
2162,2265
2162,2267
2162,2269
2162,2284
2162,2308
2162,2311
2162,2369
2162,2375
2162,2405
2162,2435
2162,2462
2162,2471
2162,2477
2162,2512
2162,2520
2162,2524
2162,2541
2162,2550
2162,2554
2162,2576
2162,2585
2162,2609
2162,2610
2162,2617
2162,2622
2162,2646
2162,2650
2162,2656
2162,2658
2162,2662
2162,2666
2162,2676
2162,2678
2162,2713
2162,2732
2162,2756
2162,2764
2162,2771
2162,2786
2162,2802
2162,2803
2162,2806
2162,2812
2162,2818
2162,2891
2162,2895
2162,2907
2162,2909
2162,2955
2162,3003
2162,3016
2162,3032
2162,3042
2162,3043
2162,3062
2162,3075
2162,3108
2162,3114
2162,3121
2162,3143
2162,3148
2162,3152
2162,3154
2162,3157
2162,3158
2162,3161
2162,3203
2162,3222
2162,3249
2162,3255
2162,3261
2162,3279
2162,3305
2162,3308
2162,3310
2162,3324
2162,3325
2162,3333
2162,3339
2162,3345
2162,3348
2162,3350
2162,3355
2162,3365
2162,3367
2162,3382
2162,3385
2162,3386
2162,3393
2162,3394
2162,3397
2162,3403
2162,3404
2162,3405
2162,3410
2162,3419
2162,3440
2162,3446
2162,3449
2162,3454
2162,3461
2162,3463
2162,3467
2162,3476
2162,3478
2162,3488
2162,3510
2162,3516
2162,3559
2162,3637
2162,3639
2162,3640
2162,3648
2162,3652
2162,3657
2162,3658
2162,3661
2162,3672
2162,3676
2162,3690
2162,3696
2162,3702
2162,3715
2162,3736
2162,3746
2162,3749
2162,3750
2162,3767
2162,3780
2162,3784
2162,3793
2162,3823
2162,3825
2162,3826
2162,3869
2162,3877
2162,3878
2162,3883
2162,3890
2162,3899
2162,3902
2162,3911
2162,3929
2162,3937
2162,3954
2162,3957
2162,3958
2162,3961
2162,3962
2162,4034
2162,4044
2162,4052
2162,4053
2162,4054
2162,4058
2162,4075
2162,4091
2162,4107
2162,4112
2162,4138
2162,4158
2162,4159
2162,4168
2162,4170
2162,4171
2162,4173
2162,4178
2162,4189
2162,4192
2162,4200
2162,4201
2162,4205
2162,4212
2162,4236
2162,4253
2162,4259
2162,4264
2162,4409
2162,4411
2162,4449
2162,4473
2162,4485
2162,4506
2162,4509
2162,4510
2162,4513
2162,4539
2162,4543
2162,4547
2162,4583
2162,4585
2162,4594
2162,4595
2162,4599
2162,4601
2162,4603
2162,4609
2162,4614
2162,4616
2162,4634
2162,4635
2162,4666
2162,4674
2162,4679
2162,4691
2162,4740
2162,4812
2162,4819
2162,4829
2162,4834
2162,4845
2162,4856
2162,4873
2162,4885
2162,4889
2162,4893
2162,4894
2162,4900
2162,4909
2162,4911
2162,4917
2162,4927
2162,4943
2162,4946
2162,4991
2162,5002
2162,5005
2162,5029
2162,5035
2162,5038
2162,5039
2162,5040
2162,5064
2162,5073
2162,5076
2162,5077
2162,5090
2162,5095
2162,5152
2162,5155
2162,5184
2162,5195
2162,5203
2162,5206
2162,5212
2162,5234
2162,5245
2162,5253
2162,5267
2162,5291
2162,5352
2162,5358
2162,5372
2162,5376
2162,5379
2162,5391
2162,5394
2162,5401
2162,5402
2162,5408
2162,5412
2162,5426
2162,5454
2162,5466
2162,5472
2162,5478
2162,5487
2162,5496
2162,5512
2162,5514
2162,5523
2162,5525
2162,5533
2162,5544
2162,5556
2162,5572
2162,5578
2162,5584
2162,5596
2162,5645
2162,5647
2162,5650
2162,5651
2162,5656
2162,5672
2162,5717
2162,5719
2162,5726
2162,5732
2162,5734
2162,5735
2162,5978
2162,6691
2162,8953
2162,9052
2162,10631
2162,16231
2162,19090
2162,24011
2162,24486
2162,27661
2162,27686
2162,28112
2162,32797
2162,34312
2162,38904
2162,39765
2162,41693
2162,41774
2162,41781
2162,47725
2162,54374
2162,54454
2162,54547
2162,54688
2162,54841
2162,56959
2162,59708
2162,60147
2162,60184
2162,60198
2162,60754
2162,60795
2162,60831
2162,60835
2162,60843
2162,60852
2162,60854
2162,60865
2162,60953
2162,62924
2162,64147
2162,65999
2162,68740
2162,68844
2162,71329
2162,71616
2162,72054
2162,77999
2162,83786
2162,87177
2162,93860
2162,104865
2162,110634
2162,110635
2162,119607
2162,123620
2162,123631
2162,124087
2162,125017
2162,125889
2162,130881
2162,147912
2162,148211
2162,150310
2162,150311
2162,151165
2162,152945
2162,156419
2162,160051
2162,163742
2162,170361
2162,176168
2162,176870
2162,197712
2162,213039
2162,216239
2162,216326
2162,443871
2162,444013
2162,508230
2162,1349907
2162,3002190
2162,3085017
2162,3468412
2162,4183806
2162,4475485
2162,4659568
2162,5281104
2162,5282226
2162,5311027
2162,5311039
2162,5311048
2162,5311181
2162,5311297
2162,5329102
2162,5353980
2162,5362420
2162,5381226
2162,5481350
2162,5487301
2162,5493381
2162,5493444
2162,6398525
2162,6398970
2170,2801
2170,3404
2170,4691
2170,5002
2170,5203
2171,2173
2171,2244
2171,2249
2171,2250
2171,2265
2171,2267
2171,2269
2171,2284
2171,2308
2171,2311
2171,2405
2171,2462
2171,2471
2171,2477
2171,2520
2171,2524
2171,2550
2171,2554
2171,2576
2171,2585
2171,2609
2171,2617
2171,2622
2171,2631
2171,2646
2171,2656
2171,2658
2171,2662
2171,2666
2171,2678
2171,2713
2171,2756
2171,2764
2171,2771
2171,2786
2171,2802
2171,2803
2171,2806
2171,2812
2171,2818
2171,2895
2171,2907
2171,2909
2171,3003
2171,3016
2171,3032
2171,3062
2171,3075
2171,3121
2171,3143
2171,3152
2171,3157
2171,3158
2171,3161
2171,3222
2171,3255
2171,3308
2171,3325
2171,3333
2171,3339
2171,3345
2171,3348
2171,3350
2171,3365
2171,3367
2171,3385
2171,3386
2171,3405
2171,3419
2171,3440
2171,3446
2171,3454
2171,3461
2171,3463
2171,3467
2171,3476
2171,3478
2171,3488
2171,3516
2171,3559
2171,3639
2171,3640
2171,3648
2171,3652
2171,3658
2171,3672
2171,3676
2171,3715
2171,3746
2171,3749
2171,3825
2171,3826
2171,3877
2171,3878
2171,3883
2171,3899
2171,3911
2171,3929
2171,3937
2171,3954
2171,3957
2171,3958
2171,3961
2171,3962
2171,4034
2171,4044
2171,4052
2171,4091
2171,4107
2171,4112
2171,4158
2171,4159
2171,4168
2171,4171
2171,4173
2171,4189
2171,4205
2171,4236
2171,4253
2171,4259
2171,4409
2171,4411
2171,4463
2171,4485
2171,4509
2171,4510
2171,4539
2171,4543
2171,4547
2171,4583
2171,4585
2171,4594
2171,4595
2171,4603
2171,4634
2171,4635
2171,4674
2171,4679
2171,4691
2171,4829
2171,4856
2171,4873
2171,4885
2171,4889
2171,4894
2171,4900
2171,4917
2171,4927
2171,4943
2171,4946
2171,5002
2171,5005
2171,5029
2171,5038
2171,5039
2171,5064
2171,5073
2171,5076
2171,5090
2171,5095
2171,5152
2171,5203
2171,5212
2171,5234
2171,5245
2171,5267
2171,5291
2171,5358
2171,5372
2171,5379
2171,5391
2171,5402
2171,5408
2171,5412
2171,5426
2171,5487
2171,5512
2171,5514
2171,5523
2171,5533
2171,5538
2171,5544
2171,5578
2171,5647
2171,5650
2171,5651
2171,5656
2171,5719
2171,5726
2171,5732
2171,5978
2171,6691
2171,8953
2171,10631
2171,27661
2171,28112
2171,32797
2171,38904
2171,54454
2171,54688
2171,54841
2171,59708
2171,60147
2171,60795
2171,60831
2171,60835
2171,62924
2171,68740
2171,77999
2171,83786
2171,87177
2171,93860
2171,110635
2171,119607
2171,123620
2171,124087
2171,125889
2171,130881
2171,150311
2171,170361
2171,216326
2171,3002190
2171,3468412
2171,4475485
2171,5311048
2171,5311297
2171,5329102
2171,6398525
2171,6398970
2173,2244
2173,2249
2173,2250
2173,2269
2173,2617
2173,2631
2173,2650
2173,2656
2173,2764
2173,3003
2173,3016
2173,3062
2173,3325
2173,3345
2173,3365
2173,3405
2173,3440
2173,3467
2173,3640
2173,3672
2173,3715
2173,3883
2173,3958
2173,4159
2173,4168
2173,4173
2173,4253
2173,4583
2173,4594
2173,4595
2173,4679
2173,4691
2173,4873
2173,4894
2173,4900
2173,4943
2173,5039
2173,5372
2173,5496
2173,5538
2173,5651
2173,5726
2173,5732
2173,6691
2173,87177
2173,145068
2173,3468412
2177,3043
2177,3203
2177,3877
2177,5076
2177,5155
2177,5726
2177,5481350
2182,2244
2182,3440
2182,3657
2187,2244
2187,2249
2187,2250
2187,2520
2187,2541
2187,2585
2187,2662
2187,2678
2187,2764
2187,2771
2187,2802
2187,2803
2187,2806
2187,2895
2187,2907
2187,3003
2187,3016
2187,3032
2187,3062
2187,3075
2187,3143
2187,3222
2187,3325
2187,3333
2187,3339
2187,3345
2187,3348
2187,3385
2187,3386
2187,3405
2187,3440
2187,3446
2187,3461
2187,3476
2187,3478
2187,3488
2187,3639
2187,3640
2187,3672
2187,3749
2187,3883
2187,3890
2187,3902
2187,3911
2187,3937
2187,3957
2187,3958
2187,3961
2187,3962
2187,4052
2187,4091
2187,4112
2187,4168
2187,4171
2187,4205
2187,4253
2187,4510
2187,4594
2187,4595
2187,4635
2187,4666
2187,4674
2187,4679
2187,4691
2187,4829
2187,4873
2187,4889
2187,4894
2187,4900
2187,4917
2187,4946
2187,5002
2187,5005
2187,5029
2187,5035
2187,5038
2187,5039
2187,5090
2187,5203
2187,5245
2187,5267
2187,5376
2187,5391
2187,5408
2187,5512
2187,5514
2187,5650
2187,5656
2187,5672
2187,5732
2187,5735
2187,6691
2187,19090
2187,24486
2187,27661
2187,38904
2187,47725
2187,54454
2187,60198
2187,60831
2187,60835
2187,60852
2187,60953
2187,62924
2187,68740
2187,77999
2187,83786
2187,87177
2187,104741
2187,123620
2187,125889
2187,130881
2187,150311
2187,4475485
2187,5311297
2215,4885
2215,5095
2215,4659568
2232,2244
2232,3440
2232,6691
2244,2249
2244,2250
2244,2265
2244,2267
2244,2269
2244,2274
2244,2283
2244,2284
2244,2308
2244,2311
2244,2369
2244,2375
2244,2405
2244,2435
2244,2462
2244,2471
2244,2474
2244,2476
2244,2477
2244,2512
2244,2520
2244,2522
2244,2524
2244,2541
2244,2550
2244,2554
2244,2576
2244,2585
2244,2609
2244,2610
2244,2617
2244,2622
2244,2631
2244,2646
2244,2650
2244,2656
2244,2658
2244,2662
2244,2666
2244,2676
2244,2678
2244,2712
2244,2713
2244,2726
2244,2732
2244,2749
2244,2756
2244,2764
2244,2771
2244,2786
2244,2801
2244,2802
2244,2803
2244,2806
2244,2812
2244,2818
2244,2891
2244,2895
2244,2907
2244,2909
2244,2955
2244,2978
2244,3003
2244,3016
2244,3032
2244,3042
2244,3043
2244,3062
2244,3075
2244,3108
2244,3114
2244,3121
2244,3143
2244,3148
2244,3152
2244,3154
2244,3157
2244,3158
2244,3161
2244,3203
2244,3222
2244,3249
2244,3255
2244,3261
2244,3279
2244,3305
2244,3308
2244,3310
2244,3324
2244,3325
2244,3333
2244,3339
2244,3345
2244,3348
2244,3350
2244,3355
2244,3365
2244,3367
2244,3372
2244,3379
2244,3382
2244,3385
2244,3386
2244,3393
2244,3394
2244,3397
2244,3403
2244,3404
2244,3405
2244,3410
2244,3419
2244,3440
2244,3446
2244,3449
2244,3454
2244,3461
2244,3463
2244,3467
2244,3476
2244,3478
2244,3488
2244,3510
2244,3516
2244,3559
2244,3637
2244,3639
2244,3640
2244,3648
2244,3652
2244,3657
2244,3658
2244,3661
2244,3672
2244,3676
2244,3696
2244,3702
2244,3715
2244,3724
2244,3734
2244,3736
2244,3741
2244,3746
2244,3749
2244,3750
2244,3763
2244,3767
2244,3780
2244,3784
2244,3793
2244,3823
2244,3825
2244,3826
2244,3827
2244,3869
2244,3877
2244,3878
2244,3883
2244,3890
2244,3899
2244,3902
2244,3911
2244,3929
2244,3937
2244,3954
2244,3957
2244,3958
2244,3961
2244,3962
2244,4034
2244,4044
2244,4052
2244,4053
2244,4054
2244,4058
2244,4075
2244,4091
2244,4095
2244,4107
2244,4112
2244,4138
2244,4158
2244,4159
2244,4168
2244,4170
2244,4171
2244,4173
2244,4178
2244,4189
2244,4192
2244,4195
2244,4200
2244,4201
2244,4205
2244,4212
2244,4236
2244,4253
2244,4259
2244,4264
2244,4409
2244,4411
2244,4449
2244,4463
2244,4473
2244,4485
2244,4499
2244,4506
2244,4509
2244,4510
2244,4513
2244,4536
2244,4539
2244,4542
2244,4543
2244,4547
2244,4583
2244,4585
2244,4594
2244,4595
2244,4599
2244,4601
2244,4603
2244,4609
2244,4614
2244,4616
2244,4634
2244,4635
2244,4666
2244,4674
2244,4675
2244,4679
2244,4691
2244,4730
2244,4740
2244,4745
2244,4748
2244,4771
2244,4812
2244,4819
2244,4828
2244,4829
2244,4834
2244,4845
2244,4856
2244,4873
2244,4885
2244,4889
2244,4893
2244,4894
2244,4900
2244,4909
2244,4911
2244,4917
2244,4920
2244,4927
2244,4932
2244,4943
2244,4946
2244,4991
2244,5002
2244,5005
2244,5029
2244,5035
2244,5038
2244,5039
2244,5040
2244,5064
2244,5073
2244,5076
2244,5077
2244,5078
2244,5090
2244,5095
2244,5152
2244,5155
2244,5184
2244,5195
2244,5203
2244,5210
2244,5212
2244,5234
2244,5245
2244,5253
2244,5267
2244,5291
2244,5352
2244,5358
2244,5372
2244,5376
2244,5379
2244,5391
2244,5394
2244,5401
2244,5402
2244,5408
2244,5412
2244,5426
2244,5454
2244,5466
2244,5472
2244,5478
2244,5486
2244,5487
2244,5496
2244,5505
2244,5512
2244,5514
2244,5523
2244,5525
2244,5533
2244,5538
2244,5544
2244,5556
2244,5572
2244,5578
2244,5584
2244,5596
2244,5645
2244,5647
2244,5650
2244,5651
2244,5656
2244,5672
2244,5717
2244,5719
2244,5726
2244,5731
2244,5732
2244,5734
2244,5735
2244,5978
2244,6691
2244,8953
2244,9052
2244,9433
2244,10631
2244,14888
2244,16231
2244,19090
2244,24011
2244,24486
2244,27661
2244,27686
2244,27991
2244,28112
2244,32797
2244,34312
2244,36339
2244,36811
2244,38904
2244,39765
2244,41317
2244,41774
2244,41781
2244,47725
2244,51263
2244,54374
2244,54454
2244,54547
2244,54688
2244,54786
2244,54808
2244,54841
2244,56959
2244,57469
2244,57537
2244,59708
2244,60147
2244,60184
2244,60198
2244,60696
2244,60754
2244,60795
2244,60831
2244,60835
2244,60843
2244,60852
2244,60854
2244,60865
2244,60953
2244,62924
2244,64147
2244,65999
2244,68740
2244,68844
2244,71329
2244,71616
2244,72054
2244,77993
2244,77999
2244,83786
2244,87177
2244,91270
2244,93860
2244,104741
2244,104865
2244,110634
2244,110635
2244,119607
2244,122316
2244,123620
2244,123631
2244,124087
2244,125017
2244,125889
2244,130881
2244,131536
2244,148192
2244,148211
2244,150310
2244,150311
2244,150610
2244,151165
2244,152945
2244,154059
2244,156419
2244,160051
2244,163742
2244,170361
2244,176168
2244,176870
2244,197712
2244,213039
2244,216239
2244,216326
2244,443871
2244,444013
2244,508230
2244,1349907
2244,3002190
2244,3062316
2244,3081884
2244,3085017
2244,3468412
2244,4183806
2244,4475485
2244,4479097
2244,4659568
2244,5281007
2244,5281104
2244,5282226
2244,5311027
2244,5311048
2244,5311082
2244,5311181
2244,5311297
2244,5329102
2244,5353980
2244,5362420
2244,5381226
2244,5481350
2244,5487301
2244,5493381
2244,5493444
2244,6398525
2244,6398970
2244,6447131
2249,2250
2249,2265
2249,2267
2249,2269
2249,2284
2249,2308
2249,2311
2249,2375
2249,2405
2249,2435
2249,2462
2249,2471
2249,2474
2249,2477
2249,2512
2249,2520
2249,2524
2249,2541
2249,2550
2249,2554
2249,2576
2249,2585
2249,2610
2249,2617
2249,2622
2249,2656
2249,2658
2249,2662
2249,2666
2249,2676
2249,2678
2249,2712
2249,2713
2249,2732
2249,2749
2249,2756
2249,2764
2249,2771
2249,2786
2249,2801
2249,2802
2249,2803
2249,2806
2249,2812
2249,2818
2249,2891
2249,2895
2249,2907
2249,2909
2249,2955
2249,2978
2249,3003
2249,3016
2249,3032
2249,3042
2249,3043
2249,3062
2249,3075
2249,3108
2249,3121
2249,3143
2249,3148
2249,3152
2249,3154
2249,3157
2249,3158
2249,3161
2249,3203
2249,3222
2249,3249
2249,3255
2249,3305
2249,3308
2249,3310
2249,3324
2249,3325
2249,3333
2249,3339
2249,3345
2249,3348
2249,3350
2249,3355
2249,3365
2249,3367
2249,3379
2249,3385
2249,3386
2249,3393
2249,3403
2249,3404
2249,3405
2249,3410
2249,3419
2249,3440
2249,3446
2249,3449
2249,3454
2249,3461
2249,3463
2249,3467
2249,3476
2249,3478
2249,3488
2249,3510
2249,3516
2249,3559
2249,3637
2249,3639
2249,3640
2249,3648
2249,3652
2249,3657
2249,3658
2249,3661
2249,3672
2249,3676
2249,3696
2249,3702
2249,3715
2249,3736
2249,3746
2249,3749
2249,3750
2249,3767
2249,3780
2249,3784
2249,3793
2249,3823
2249,3825
2249,3826
2249,3877
2249,3878
2249,3883
2249,3890
2249,3899
2249,3902
2249,3911
2249,3929
2249,3937
2249,3954
2249,3957
2249,3958
2249,3961
2249,3962
2249,4034
2249,4052
2249,4054
2249,4058
2249,4075
2249,4091
2249,4107
2249,4112
2249,4138
2249,4158
2249,4159
2249,4168
2249,4170
2249,4171
2249,4173
2249,4189
2249,4201
2249,4205
2249,4236
2249,4253
2249,4259
2249,4264
2249,4409
2249,4449
2249,4463
2249,4473
2249,4485
2249,4499
2249,4506
2249,4509
2249,4510
2249,4513
2249,4539
2249,4543
2249,4547
2249,4583
2249,4585
2249,4594
2249,4595
2249,4599
2249,4609
2249,4614
2249,4616
2249,4634
2249,4635
2249,4666
2249,4674
2249,4679
2249,4691
2249,4740
2249,4819
2249,4829
2249,4845
2249,4856
2249,4873
2249,4885
2249,4889
2249,4893
2249,4894
2249,4900
2249,4909
2249,4911
2249,4917
2249,4920
2249,4927
2249,4932
2249,4943
2249,4946
2249,5002
2249,5005
2249,5029
2249,5035
2249,5038
2249,5039
2249,5040
2249,5064
2249,5073
2249,5076
2249,5077
2249,5078
2249,5090
2249,5095
2249,5152
2249,5155
2249,5203
2249,5210
2249,5212
2249,5234
2249,5245
2249,5253
2249,5267
2249,5291
2249,5352
2249,5358
2249,5372
2249,5376
2249,5379
2249,5391
2249,5394
2249,5401
2249,5402
2249,5408
2249,5412
2249,5426
2249,5466
2249,5472
2249,5478
2249,5487
2249,5512
2249,5514
2249,5523
2249,5525
2249,5533
2249,5544
2249,5556
2249,5578
2249,5645
2249,5647
2249,5650
2249,5651
2249,5656
2249,5672
2249,5719
2249,5726
2249,5732
2249,5734
2249,5735
2249,5978
2249,6691
2249,8953
2249,10631
2249,14888
2249,19090
2249,24486
2249,27661
2249,28112
2249,32797
2249,34312
2249,38904
2249,41774
2249,41781
2249,47725
2249,54374
2249,54454
2249,54688
2249,54841
2249,56959
2249,57469
2249,59708
2249,60147
2249,60184
2249,60198
2249,60696
2249,60795
2249,60831
2249,60835
2249,60843
2249,60852
2249,60854
2249,60865
2249,60953
2249,62924
2249,64147
2249,65999
2249,68740
2249,71329
2249,71616
2249,72054
2249,77993
2249,77999
2249,83786
2249,87177
2249,93860
2249,104741
2249,104865
2249,110634
2249,110635
2249,119607
2249,123620
2249,123631
2249,124087
2249,125017
2249,125889
2249,130881
2249,148192
2249,148211
2249,150311
2249,151165
2249,152945
2249,154059
2249,156419
2249,160051
2249,163742
2249,170361
2249,176168
2249,176870
2249,197712
2249,216239
2249,216326
2249,443871
2249,508230
2249,1349907
2249,3002190
2249,3062316
2249,3085017
2249,3468412
2249,4183806
2249,4475485
2249,4659568
2249,5281104
2249,5282226
2249,5311027
2249,5311048
2249,5311082
2249,5311181
2249,5311297
2249,5329102
2249,5353980
2249,5362420
2249,5381226
2249,5481350
2249,5487301
2249,5493381
2249,5493444
2249,6398525
2250,2265
2250,2267
2250,2269
2250,2284
2250,2308
2250,2311
2250,2369
2250,2375
2250,2405
2250,2435
2250,2462
2250,2471
2250,2477
2250,2512
2250,2520
2250,2522
2250,2524
2250,2541
2250,2550
2250,2554
2250,2576
2250,2585
2250,2617
2250,2622
2250,2646
2250,2656
2250,2658
2250,2662
2250,2666
2250,2676
2250,2678
2250,2713
2250,2726
2250,2732
2250,2749
2250,2756
2250,2764
2250,2771
2250,2786
2250,2801
2250,2802
2250,2803
2250,2806
2250,2812
2250,2818
2250,2891
2250,2895
2250,2907
2250,2909
2250,2955
2250,2978
2250,3003
2250,3016
2250,3032
2250,3042
2250,3043
2250,3062
2250,3075
2250,3108
2250,3114
2250,3121
2250,3143
2250,3148
2250,3152
2250,3154
2250,3157
2250,3158
2250,3161
2250,3203
2250,3222
2250,3249
2250,3255
2250,3261
2250,3305
2250,3308
2250,3310
2250,3324
2250,3325
2250,3333
2250,3339
2250,3345
2250,3348
2250,3350
2250,3355
2250,3365
2250,3367
2250,3379
2250,3382
2250,3385
2250,3386
2250,3393
2250,3403
2250,3404
2250,3405
2250,3410
2250,3419
2250,3440
2250,3446
2250,3449
2250,3454
2250,3461
2250,3463
2250,3467
2250,3476
2250,3478
2250,3488
2250,3510
2250,3516
2250,3559
2250,3637
2250,3639
2250,3640
2250,3648
2250,3652
2250,3657
2250,3658
2250,3661
2250,3672
2250,3676
2250,3696
2250,3702
2250,3715
2250,3736
2250,3746
2250,3749
2250,3750
2250,3767
2250,3780
2250,3784
2250,3793
2250,3823
2250,3825
2250,3826
2250,3827
2250,3869
2250,3877
2250,3878
2250,3883
2250,3890
2250,3899
2250,3902
2250,3911
2250,3914
2250,3929
2250,3937
2250,3954
2250,3957
2250,3958
2250,3961
2250,3962
2250,4034
2250,4052
2250,4054
2250,4058
2250,4075
2250,4091
2250,4107
2250,4112
2250,4138
2250,4158
2250,4159
2250,4168
2250,4170
2250,4171
2250,4173
2250,4178
2250,4189
2250,4201
2250,4205
2250,4212
2250,4236
2250,4253
2250,4259
2250,4409
2250,4411
2250,4449
2250,4451
2250,4463
2250,4485
2250,4499
2250,4506
2250,4509
2250,4510
2250,4513
2250,4539
2250,4543
2250,4547
2250,4583
2250,4585
2250,4594
2250,4595
2250,4599
2250,4601
2250,4603
2250,4609
2250,4614
2250,4616
2250,4634
2250,4635
2250,4666
2250,4674
2250,4675
2250,4679
2250,4691
2250,4730
2250,4740
2250,4812
2250,4819
2250,4828
2250,4829
2250,4845
2250,4856
2250,4873
2250,4885
2250,4889
2250,4893
2250,4894
2250,4900
2250,4909
2250,4911
2250,4917
2250,4920
2250,4927
2250,4943
2250,4946
2250,4991
2250,4999
2250,5002
2250,5005
2250,5029
2250,5035
2250,5038
2250,5039
2250,5040
2250,5064
2250,5073
2250,5076
2250,5077
2250,5078
2250,5090
2250,5095
2250,5152
2250,5155
2250,5184
2250,5195
2250,5203
2250,5210
2250,5212
2250,5234
2250,5245
2250,5253
2250,5267
2250,5291
2250,5352
2250,5358
2250,5372
2250,5376
2250,5379
2250,5391
2250,5394
2250,5401
2250,5402
2250,5408
2250,5412
2250,5426
2250,5466
2250,5472
2250,5478
2250,5487
2250,5496
2250,5512
2250,5514
2250,5523
2250,5525
2250,5533
2250,5538
2250,5544
2250,5556
2250,5572
2250,5578
2250,5596
2250,5645
2250,5647
2250,5650
2250,5651
2250,5656
2250,5672
2250,5717
2250,5719
2250,5726
2250,5731
2250,5732
2250,5734
2250,5735
2250,5978
2250,6691
2250,8953
2250,9052
2250,10631
2250,16231
2250,19090
2250,24011
2250,24486
2250,27661
2250,28112
2250,32797
2250,34312
2250,38904
2250,41317
2250,41774
2250,41781
2250,47725
2250,54374
2250,54454
2250,54688
2250,54841
2250,56959
2250,57469
2250,57537
2250,59708
2250,60147
2250,60184
2250,60198
2250,60795
2250,60831
2250,60835
2250,60843
2250,60852
2250,60854
2250,60865
2250,60953
2250,62924
2250,64147
2250,65999
2250,68740
2250,68844
2250,71329
2250,72054
2250,77999
2250,82146
2250,83786
2250,87177
2250,91270
2250,93860
2250,104741
2250,104865
2250,110634
2250,110635
2250,115237
2250,119607
2250,123620
2250,123631
2250,124087
2250,125017
2250,125889
2250,130881
2250,148192
2250,148211
2250,150310
2250,150311
2250,151165
2250,154059
2250,156419
2250,160051
2250,163742
2250,170361
2250,176168
2250,176870
2250,197712
2250,216239
2250,216326
2250,443871
2250,444013
2250,508230
2250,667490
2250,1349907
2250,3002190
2250,3081884
2250,3085017
2250,3468412
2250,4183806
2250,4475485
2250,4659568
2250,5281104
2250,5282226
2250,5311027
2250,5311048
2250,5311082
2250,5311181
2250,5311297
2250,5329102
2250,5353980
2250,5381226
2250,5481350
2250,5487301
2250,5493381
2250,5493444
2250,6398525
2250,6398970
2250,6447131
2265,2269
2265,2284
2265,2405
2265,2462
2265,2520
2265,2524
2265,2541
2265,2550
2265,2554
2265,2585
2265,2658
2265,2662
2265,2666
2265,2678
2265,2764
2265,2771
2265,2802
2265,2803
2265,2806
2265,2812
2265,2891
2265,2895
2265,2907
2265,2909
2265,2955
2265,3003
2265,3016
2265,3032
2265,3062
2265,3075
2265,3121
2265,3157
2265,3161
2265,3222
2265,3249
2265,3255
2265,3308
2265,3325
2265,3339
2265,3345
2265,3348
2265,3350
2265,3365
2265,3386
2265,3405
2265,3440
2265,3446
2265,3454
2265,3476
2265,3478
2265,3488
2265,3639
2265,3640
2265,3652
2265,3658
2265,3672
2265,3676
2265,3715
2265,3746
2265,3749
2265,3767
2265,3793
2265,3877
2265,3883
2265,3890
2265,3899
2265,3937
2265,3954
2265,3957
2265,3958
2265,3961
2265,4034
2265,4052
2265,4058
2265,4075
2265,4091
2265,4112
2265,4159
2265,4168
2265,4171
2265,4173
2265,4205
2265,4236
2265,4253
2265,4485
2265,4510
2265,4543
2265,4583
2265,4585
2265,4594
2265,4595
2265,4634
2265,4635
2265,4679
2265,4691
2265,4829
2265,4873
2265,4889
2265,4894
2265,4900
2265,4927
2265,4943
2265,4946
2265,4991
2265,5002
2265,5005
2265,5029
2265,5038
2265,5039
2265,5040
2265,5064
2265,5090
2265,5152
2265,5203
2265,5212
2265,5245
2265,5267
2265,5372
2265,5391
2265,5426
2265,5514
2265,5523
2265,5538
2265,5544
2265,5578
2265,5645
2265,5647
2265,5650
2265,5651
2265,5656
2265,5732
2265,5735
2265,6691
2265,8953
2265,10631
2265,27661
2265,54454
2265,54688
2265,60147
2265,60831
2265,60835
2265,62924
2265,77999
2265,83786
2265,87177
2265,104865
2265,123620
2265,125889
2265,130881
2265,150311
2265,197712
2265,667490
2265,3468412
2265,4475485
2265,5311297
2265,5353980
2265,5362070
2265,6398525
2267,2269
2267,2284
2267,2308
2267,2462
2267,2477
2267,2585
2267,2662
2267,2666
2267,2678
2267,2771
2267,2802
2267,2803
2267,2806
2267,2895
2267,3003
2267,3016
2267,3062
2267,3075
2267,3325
2267,3339
2267,3348
2267,3386
2267,3405
2267,3410
2267,3440
2267,3446
2267,3516
2267,3639
2267,3672
2267,3746
2267,3883
2267,3937
2267,3957
2267,3958
2267,3961
2267,3962
2267,4052
2267,4091
2267,4112
2267,4171
2267,4236
2267,4259
2267,4510
2267,4583
2267,4594
2267,4679
2267,4691
2267,4845
2267,4873
2267,4885
2267,4889
2267,4900
2267,4927
2267,5002
2267,5029
2267,5038
2267,5039
2267,5090
2267,5095
2267,5152
2267,5203
2267,5245
2267,5391
2267,5512
2267,5514
2267,5523
2267,5544
2267,5650
2267,5656
2267,5732
2267,5735
2267,6691
2267,54454
2267,54688
2267,60147
2267,60831
2267,60835
2267,60865
2267,62924
2267,77999
2267,83786
2267,119607
2267,123620
2267,124087
2267,125889
2267,130881
2267,150311
2267,170361
2267,4475485
2267,5311297
2269,2284
2269,2308
2269,2311
2269,2462
2269,2477
2269,2520
2269,2541
2269,2550
2269,2554
2269,2576
2269,2585
2269,2609
2269,2610
2269,2617
2269,2622
2269,2646
2269,2650
2269,2656
2269,2658
2269,2662
2269,2666
2269,2678
2269,2749
2269,2764
2269,2771
2269,2786
2269,2802
2269,2803
2269,2806
2269,2812
2269,2818
2269,2891
2269,2895
2269,2907
2269,2909
2269,2955
2269,2978
2269,3003
2269,3016
2269,3032
2269,3042
2269,3043
2269,3062
2269,3075
2269,3121
2269,3143
2269,3157
2269,3158
2269,3161
2269,3203
2269,3222
2269,3255
2269,3279
2269,3308
2269,3324
2269,3325
2269,3333
2269,3339
2269,3345
2269,3348
2269,3350
2269,3365
2269,3386
2269,3403
2269,3405
2269,3410
2269,3414
2269,3419
2269,3440
2269,3446
2269,3454
2269,3463
2269,3467
2269,3476
2269,3478
2269,3488
2269,3516
2269,3559
2269,3639
2269,3640
2269,3648
2269,3652
2269,3658
2269,3672
2269,3676
2269,3715
2269,3746
2269,3749
2269,3767
2269,3793
2269,3823
2269,3826
2269,3877
2269,3878
2269,3883
2269,3890
2269,3899
2269,3929
2269,3937
2269,3954
2269,3957
2269,3958
2269,3961
2269,3962
2269,4034
2269,4052
2269,4058
2269,4091
2269,4107
2269,4112
2269,4158
2269,4159
2269,4168
2269,4170
2269,4171
2269,4173
2269,4205
2269,4236
2269,4253
2269,4259
2269,4409
2269,4411
2269,4449
2269,4463
2269,4485
2269,4510
2269,4543
2269,4547
2269,4583
2269,4585
2269,4594
2269,4595
2269,4599
2269,4603
2269,4614
2269,4634
2269,4635
2269,4674
2269,4679
2269,4691
2269,4829
2269,4873
2269,4885
2269,4889
2269,4894
2269,4900
2269,4917
2269,4927
2269,4943
2269,4946
2269,5002
2269,5005
2269,5029
2269,5035
2269,5038
2269,5039
2269,5064
2269,5073
2269,5076
2269,5090
2269,5095
2269,5152
2269,5155
2269,5203
2269,5212
2269,5234
2269,5245
2269,5267
2269,5358
2269,5372
2269,5379
2269,5391
2269,5401
2269,5402
2269,5408
2269,5412
2269,5426
2269,5487
2269,5496
2269,5512
2269,5514
2269,5523
2269,5533
2269,5538
2269,5544
2269,5578
2269,5647
2269,5650
2269,5651
2269,5656
2269,5717
2269,5719
2269,5726
2269,5732
2269,5735
2269,6691
2269,8953
2269,10631
2269,19090
2269,27661
2269,28112
2269,32797
2269,34312
2269,38904
2269,54454
2269,54688
2269,54841
2269,59708
2269,60147
2269,60787
2269,60831
2269,60835
2269,60854
2269,60865
2269,62924
2269,64147
2269,68740
2269,71616
2269,74989
2269,77999
2269,83786
2269,87177
2269,93860
2269,119607
2269,123620
2269,124087
2269,125889
2269,130881
2269,131536
2269,148192
2269,150311
2269,170361
2269,213039
2269,3002190
2269,3468412
2269,4475485
2269,5311297
2269,5353980
2269,5381226
2269,5481350
2269,5487301
2269,6398525
2269,6398970
2269,6447131
2274,2622
2274,2764
2274,2909
2274,3003
2274,3365
2274,3440
2274,3640
2274,3883
2274,3929
2274,3958
2274,4173
2274,4253
2274,4583
2274,4594
2274,4595
2274,4679
2274,5372
2274,5496
2274,5651
2274,71616
2274,83786
2283,3440
2283,3937
2283,3958
2283,4253
2283,4679
2284,2308
2284,2311
2284,2462
2284,2471
2284,2474
2284,2477
2284,2520
2284,2541
2284,2554
2284,2576
2284,2585
2284,2617
2284,2656
2284,2662
2284,2666
2284,2678
2284,2764
2284,2771
2284,2802
2284,2803
2284,2806
2284,2812
2284,2895
2284,2909
2284,2951
2284,2978
2284,3003
2284,3016
2284,3032
2284,3062
2284,3075
2284,3121
2284,3152
2284,3157
2284,3158
2284,3161
2284,3222
2284,3308
2284,3325
2284,3333
2284,3339
2284,3345
2284,3348
2284,3350
2284,3365
2284,3386
2284,3405
2284,3440
2284,3446
2284,3463
2284,3476
2284,3478
2284,3488
2284,3516
2284,3559
2284,3639
2284,3640
2284,3648
2284,3652
2284,3658
2284,3672
2284,3676
2284,3696
2284,3746
2284,3749
2284,3826
2284,3878
2284,3883
2284,3937
2284,3954
2284,3957
2284,3958
2284,3961
2284,3962
2284,4034
2284,4052
2284,4054
2284,4091
2284,4107
2284,4112
2284,4158
2284,4159
2284,4168
2284,4171
2284,4173
2284,4205
2284,4212
2284,4236
2284,4253
2284,4259
2284,4409
2284,4411
2284,4485
2284,4509
2284,4510
2284,4543
2284,4583
2284,4585
2284,4594
2284,4595
2284,4634
2284,4635
2284,4679
2284,4691
2284,4829
2284,4856
2284,4873
2284,4885
2284,4889
2284,4894
2284,4900
2284,4909
2284,4917
2284,4927
2284,4946
2284,5002
2284,5005
2284,5029
2284,5035
2284,5038
2284,5039
2284,5073
2284,5090
2284,5095
2284,5203
2284,5212
2284,5245
2284,5267
2284,5352
2284,5358
2284,5379
2284,5391
2284,5401
2284,5408
2284,5487
2284,5512
2284,5514
2284,5523
2284,5533
2284,5544
2284,5650
2284,5651
2284,5656
2284,5732
2284,5734
2284,5735
2284,6691
2284,10631
2284,19090
2284,28112
2284,34312
2284,54454
2284,59708
2284,60147
2284,60795
2284,60831
2284,60835
2284,60854
2284,62924
2284,65999
2284,68740
2284,77999
2284,83786
2284,87177
2284,119607
2284,123620
2284,124087
2284,125889
2284,130881
2284,150311
2284,152945
2284,154059
2284,170361
2284,3081884
2284,3468412
2284,4475485
2284,5311048
2284,5311297
2284,5487301
2284,6398525
2308,2405
2308,2462
2308,2520
2308,2541
2308,2554
2308,2662
2308,2666
2308,2678
2308,2764
2308,2771
2308,2802
2308,2803
2308,2806
2308,2812
2308,2818
2308,2895
2308,3003
2308,3016
2308,3032
2308,3062
2308,3075
2308,3108
2308,3121
2308,3157
2308,3203
2308,3222
2308,3255
2308,3325
2308,3333
2308,3339
2308,3345
2308,3348
2308,3350
2308,3365
2308,3386
2308,3405
2308,3410
2308,3440
2308,3446
2308,3478
2308,3639
2308,3640
2308,3652
2308,3672
2308,3702
2308,3746
2308,3883
2308,3890
2308,3899
2308,3937
2308,3957
2308,3958
2308,3961
2308,3962
2308,4052
2308,4075
2308,4091
2308,4112
2308,4159
2308,4168
2308,4171
2308,4173
2308,4205
2308,4253
2308,4485
2308,4510
2308,4583
2308,4585
2308,4594
2308,4599
2308,4634
2308,4635
2308,4679
2308,4691
2308,4856
2308,4873
2308,4889
2308,4894
2308,4900
2308,4917
2308,4946
2308,5029
2308,5035
2308,5038
2308,5039
2308,5073
2308,5090
2308,5152
2308,5203
2308,5212
2308,5245
2308,5267
2308,5358
2308,5391
2308,5401
2308,5512
2308,5523
2308,5538
2308,5544
2308,5578
2308,5650
2308,5656
2308,5732
2308,6691
2308,27661
2308,27686
2308,54454
2308,54688
2308,60831
2308,60835
2308,62924
2308,83786
2308,87177
2308,123620
2308,124087
2308,125889
2308,150311
2308,170361
2308,3468412
2308,4475485
2308,5311297
2311,2471
2311,2477
2311,2520
2311,2541
2311,2576
2311,2585
2311,2662
2311,2666
2311,2678
2311,2764
2311,2771
2311,2802
2311,2803
2311,2806
2311,2895
2311,3003
2311,3016
2311,3062
2311,3075
2311,3121
2311,3157
2311,3158
2311,3222
2311,3325
2311,3333
2311,3339
2311,3345
2311,3348
2311,3350
2311,3365
2311,3386
2311,3403
2311,3405
2311,3440
2311,3446
2311,3463
2311,3476
2311,3478
2311,3488
2311,3559
2311,3639
2311,3652
2311,3672
2311,3746
2311,3749
2311,3780
2311,3878
2311,3883
2311,3890
2311,3899
2311,3937
2311,3957
2311,3958
2311,3961
2311,3962
2311,4034
2311,4052
2311,4091
2311,4112
2311,4168
2311,4170
2311,4171
2311,4173
2311,4205
2311,4236
2311,4253
2311,4259
2311,4409
2311,4485
2311,4510
2311,4543
2311,4583
2311,4585
2311,4594
2311,4595
2311,4634
2311,4635
2311,4666
2311,4679
2311,4691
2311,4829
2311,4873
2311,4889
2311,4900
2311,4917
2311,4927
2311,4946
2311,5002
2311,5005
2311,5029
2311,5035
2311,5038
2311,5039
2311,5064
2311,5073
2311,5090
2311,5095
2311,5152
2311,5203
2311,5212
2311,5245
2311,5267
2311,5391
2311,5401
2311,5408
2311,5478
2311,5512
2311,5514
2311,5523
2311,5533
2311,5650
2311,5656
2311,5732
2311,5735
2311,6691
2311,27661
2311,38904
2311,54454
2311,59708
2311,60147
2311,60795
2311,60831
2311,60835
2311,62924
2311,68740
2311,77999
2311,83786
2311,110635
2311,119607
2311,123620
2311,125889
2311,150311
2311,170361
2311,216239
2311,4475485
2311,5311297
2311,5487301
2349,2764
2349,3467
2369,2435
2369,2764
2369,2806
2369,3154
2369,3348
2369,3440
2369,3639
2369,3890
2369,3937
2369,4171
2369,4594
2369,4679
2369,5038
2369,5090
2369,6691
2369,54454
2369,83786
2370,3440
2370,3446
2375,2524
2375,2541
2375,2585
2375,2662
2375,2771
2375,2806
2375,3003
2375,3032
2375,3062
2375,3075
2375,3143
2375,3157
2375,3222
2375,3325
2375,3345
2375,3350
2375,3397
2375,3405
2375,3440
2375,3446
2375,3476
2375,3478
2375,3488
2375,3639
2375,3640
2375,3672
2375,3823
2375,3883
2375,3911
2375,3937
2375,3958
2375,3961
2375,4091
2375,4171
2375,4253
2375,4485
2375,4510
2375,4594
2375,4635
2375,4666
2375,4674
2375,4679
2375,4889
2375,4894
2375,4900
2375,4917
2375,5038
2375,5039
2375,5090
2375,5267
2375,5512
2375,5645
2375,5650
2375,5656
2375,5732
2375,6691
2375,19090
2375,27661
2375,54454
2375,60147
2375,68740
2375,83786
2375,152945
2375,4475485
2405,2462
2405,2471
2405,2520
2405,2524
2405,2541
2405,2550
2405,2554
2405,2585
2405,2656
2405,2662
2405,2678
2405,2764
2405,2771
2405,2802
2405,2806
2405,2907
2405,2909
2405,3003
2405,3016
2405,3032
2405,3062
2405,3075
2405,3108
2405,3121
2405,3143
2405,3157
2405,3222
2405,3325
2405,3333
2405,3339
2405,3345
2405,3348
2405,3350
2405,3355
2405,3365
2405,3385
2405,3386
2405,3403
2405,3405
2405,3410
2405,3419
2405,3440
2405,3446
2405,3461
2405,3476
2405,3478
2405,3488
2405,3559
2405,3639
2405,3640
2405,3652
2405,3672
2405,3676
2405,3702
2405,3746
2405,3749
2405,3780
2405,3883
2405,3890
2405,3899
2405,3902
2405,3929
2405,3937
2405,3954
2405,3958
2405,3961
2405,4052
2405,4091
2405,4112
2405,4159
2405,4168
2405,4171
2405,4173
2405,4205
2405,4253
2405,4259
2405,4485
2405,4510
2405,4583
2405,4585
2405,4594
2405,4595
2405,4599
2405,4609
2405,4616
2405,4635
2405,4666
2405,4679
2405,4691
2405,4829
2405,4873
2405,4889
2405,4894
2405,4900
2405,5002
2405,5005
2405,5029
2405,5038
2405,5039
2405,5040
2405,5064
2405,5073
2405,5090
2405,5203
2405,5212
2405,5245
2405,5267
2405,5372
2405,5391
2405,5394
2405,5523
2405,5650
2405,5651
2405,5656
2405,5732
2405,6691
2405,9052
2405,27661
2405,38904
2405,41781
2405,54454
2405,54688
2405,60184
2405,60831
2405,60835
2405,62924
2405,65999
2405,68740
2405,77999
2405,83786
2405,87177
2405,93860
2405,123620
2405,124087
2405,125889
2405,130881
2405,150310
2405,150311
2405,4475485
2405,5281104
2405,5311048
2405,5311297
2405,5329102
2405,5353980
2405,5493444
2435,2462
2435,2471
2435,2477
2435,2520
2435,2524
2435,2541
2435,2550
2435,2554
2435,2585
2435,2622
2435,2656
2435,2662
2435,2666
2435,2678
2435,2732
2435,2764
2435,2771
2435,2786
2435,2802
2435,2803
2435,2806
2435,2891
2435,2895
2435,2909
2435,3003
2435,3016
2435,3032
2435,3062
2435,3075
2435,3121
2435,3143
2435,3148
2435,3152
2435,3154
2435,3157
2435,3158
2435,3222
2435,3255
2435,3325
2435,3333
2435,3339
2435,3345
2435,3348
2435,3350
2435,3355
2435,3365
2435,3367
2435,3379
2435,3382
2435,3384
2435,3386
2435,3394
2435,3403
2435,3405
2435,3410
2435,3419
2435,3440
2435,3446
2435,3461
2435,3463
2435,3467
2435,3476
2435,3478
2435,3488
2435,3516
2435,3559
2435,3639
2435,3640
2435,3648
2435,3652
2435,3658
2435,3661
2435,3672
2435,3676
2435,3696
2435,3746
2435,3749
2435,3780
2435,3784
2435,3826
2435,3883
2435,3890
2435,3899
2435,3914
2435,3937
2435,3954
2435,3957
2435,3958
2435,3961
2435,3962
2435,4034
2435,4052
2435,4054
2435,4091
2435,4112
2435,4168
2435,4170
2435,4171
2435,4205
2435,4253
2435,4259
2435,4485
2435,4510
2435,4513
2435,4543
2435,4547
2435,4583
2435,4585
2435,4594
2435,4595
2435,4616
2435,4634
2435,4635
2435,4666
2435,4674
2435,4679
2435,4691
2435,4740
2435,4771
2435,4819
2435,4829
2435,4856
2435,4873
2435,4885
2435,4889
2435,4894
2435,4900
2435,4917
2435,4920
2435,4927
2435,4946
2435,5002
2435,5005
2435,5029
2435,5035
2435,5038
2435,5039
2435,5064
2435,5073
2435,5077
2435,5090
2435,5095
2435,5152
2435,5203
2435,5212
2435,5245
2435,5253
2435,5267
2435,5291
2435,5358
2435,5379
2435,5391
2435,5401
2435,5478
2435,5487
2435,5512
2435,5514
2435,5523
2435,5533
2435,5544
2435,5647
2435,5650
2435,5651
2435,5656
2435,5732
2435,5735
2435,6691
2435,27661
2435,38904
2435,41781
2435,54454
2435,54688
2435,54808
2435,59708
2435,60147
2435,60831
2435,60835
2435,60852
2435,60854
2435,62924
2435,64147
2435,65999
2435,68740
2435,68844
2435,71329
2435,77999
2435,83786
2435,87177
2435,93860
2435,119607
2435,123620
2435,124087
2435,125889
2435,130881
2435,148211
2435,150311
2435,152945
2435,154059
2435,170361
2435,3468412
2435,4475485
2435,5282226
2435,5311027
2435,5311297
2435,5353980
2435,5487301
2435,6398525
2462,2471
2462,2477
2462,2512
2462,2520
2462,2524
2462,2541
2462,2550
2462,2554
2462,2576
2462,2585
2462,2609
2462,2617
2462,2622
2462,2646
2462,2650
2462,2656
2462,2658
2462,2662
2462,2666
2462,2678
2462,2713
2462,2726
2462,2749
2462,2756
2462,2764
2462,2771
2462,2786
2462,2802
2462,2803
2462,2806
2462,2812
2462,2818
2462,2891
2462,2895
2462,2907
2462,2909
2462,2955
2462,3003
2462,3016
2462,3032
2462,3042
2462,3043
2462,3062
2462,3075
2462,3108
2462,3121
2462,3143
2462,3148
2462,3152
2462,3154
2462,3157
2462,3158
2462,3161
2462,3222
2462,3249
2462,3255
2462,3308
2462,3310
2462,3324
2462,3325
2462,3333
2462,3339
2462,3345
2462,3348
2462,3350
2462,3355
2462,3365
2462,3367
2462,3382
2462,3385
2462,3386
2462,3403
2462,3404
2462,3405
2462,3410
2462,3419
2462,3440
2462,3446
2462,3449
2462,3454
2462,3461
2462,3463
2462,3467
2462,3476
2462,3478
2462,3488
2462,3510
2462,3516
2462,3559
2462,3639
2462,3640
2462,3648
2462,3652
2462,3657
2462,3658
2462,3672
2462,3676
2462,3696
2462,3702
2462,3715
2462,3746
2462,3749
2462,3780
2462,3784
2462,3793
2462,3823
2462,3825
2462,3826
2462,3827
2462,3877
2462,3878
2462,3883
2462,3890
2462,3899
2462,3902
2462,3911
2462,3914
2462,3929
2462,3937
2462,3954
2462,3957
2462,3958
2462,3961
2462,3962
2462,4034
2462,4044
2462,4052
2462,4058
2462,4075
2462,4091
2462,4107
2462,4112
2462,4158
2462,4159
2462,4168
2462,4170
2462,4171
2462,4173
2462,4189
2462,4192
2462,4205
2462,4236
2462,4253
2462,4259
2462,4264
2462,4409
2462,4411
2462,4440
2462,4449
2462,4463
2462,4485
2462,4506
2462,4509
2462,4510
2462,4513
2462,4536
2462,4539
2462,4542
2462,4543
2462,4547
2462,4583
2462,4585
2462,4594
2462,4595
2462,4599
2462,4603
2462,4609
2462,4614
2462,4616
2462,4634
2462,4635
2462,4666
2462,4674
2462,4675
2462,4679
2462,4691
2462,4819
2462,4829
2462,4845
2462,4856
2462,4873
2462,4885
2462,4889
2462,4894
2462,4900
2462,4909
2462,4917
2462,4920
2462,4927
2462,4943
2462,4946
2462,4999
2462,5002
2462,5005
2462,5029
2462,5035
2462,5038
2462,5039
2462,5064
2462,5073
2462,5076
2462,5078
2462,5090
2462,5095
2462,5152
2462,5155
2462,5203
2462,5212
2462,5234
2462,5245
2462,5253
2462,5267
2462,5291
2462,5352
2462,5358
2462,5372
2462,5376
2462,5379
2462,5391
2462,5401
2462,5402
2462,5408
2462,5412
2462,5426
2462,5487
2462,5496
2462,5512
2462,5514
2462,5523
2462,5525
2462,5533
2462,5538
2462,5544
2462,5556
2462,5578
2462,5596
2462,5645
2462,5647
2462,5650
2462,5651
2462,5656
2462,5717
2462,5719
2462,5726
2462,5731
2462,5732
2462,5735
2462,6691
2462,8953
2462,9052
2462,9433
2462,10631
2462,19090
2462,24486
2462,27661
2462,27686
2462,28112
2462,32797
2462,34312
2462,38904
2462,41774
2462,41781
2462,51263
2462,54374
2462,54454
2462,54547
2462,54688
2462,54841
2462,57469
2462,59708
2462,60147
2462,60164
2462,60184
2462,60795
2462,60831
2462,60835
2462,60852
2462,60854
2462,60865
2462,62924
2462,65999
2462,68740
2462,71158
2462,71329
2462,71616
2462,72054
2462,77999
2462,83786
2462,87177
2462,93860
2462,104865
2462,110634
2462,110635
2462,119607
2462,123620
2462,123631
2462,124087
2462,125889
2462,130881
2462,148211
2462,150311
2462,152945
2462,154059
2462,160051
2462,163742
2462,170361
2462,197712
2462,216239
2462,216326
2462,443871
2462,657298
2462,667490
2462,1349907
2462,3002190
2462,3062316
2462,3085017
2462,3468412
2462,4183806
2462,4475485
2462,4479097
2462,5281104
2462,5311027
2462,5311048
2462,5311181
2462,5311297
2462,5329102
2462,5353980
2462,5362070
2462,5481350
2462,5487301
2462,6398525
2462,6398970
2462,6447131
2471,2477
2471,2520
2471,2524
2471,2541
2471,2550
2471,2554
2471,2576
2471,2585
2471,2610
2471,2617
2471,2622
2471,2656
2471,2662
2471,2666
2471,2678
2471,2756
2471,2764
2471,2771
2471,2802
2471,2803
2471,2806
2471,2812
2471,2891
2471,2895
2471,2907
2471,2909
2471,3003
2471,3016
2471,3032
2471,3042
2471,3062
2471,3075
2471,3108
2471,3121
2471,3143
2471,3152
2471,3154
2471,3157
2471,3158
2471,3161
2471,3222
2471,3255
2471,3308
2471,3310
2471,3324
2471,3325
2471,3333
2471,3339
2471,3345
2471,3348
2471,3350
2471,3355
2471,3365
2471,3379
2471,3385
2471,3386
2471,3403
2471,3405
2471,3410
2471,3419
2471,3440
2471,3446
2471,3454
2471,3461
2471,3463
2471,3467
2471,3476
2471,3478
2471,3488
2471,3516
2471,3559
2471,3639
2471,3640
2471,3648
2471,3652
2471,3657
2471,3658
2471,3672
2471,3676
2471,3696
2471,3702
2471,3715
2471,3746
2471,3749
2471,3780
2471,3784
2471,3793
2471,3826
2471,3869
2471,3877
2471,3878
2471,3883
2471,3890
2471,3899
2471,3911
2471,3929
2471,3937
2471,3954
2471,3957
2471,3958
2471,3961
2471,3962
2471,4034
2471,4052
2471,4054
2471,4058
2471,4075
2471,4091
2471,4107
2471,4112
2471,4138
2471,4159
2471,4168
2471,4170
2471,4171
2471,4173
2471,4201
2471,4205
2471,4253
2471,4259
2471,4409
2471,4411
2471,4449
2471,4485
2471,4499
2471,4506
2471,4509
2471,4510
2471,4543
2471,4547
2471,4583
2471,4585
2471,4594
2471,4595
2471,4599
2471,4607
2471,4616
2471,4634
2471,4635
2471,4666
2471,4674
2471,4679
2471,4691
2471,4740
2471,4812
2471,4829
2471,4873
2471,4885
2471,4889
2471,4894
2471,4900
2471,4909
2471,4917
2471,4927
2471,4943
2471,4946
2471,5002
2471,5005
2471,5029
2471,5035
2471,5038
2471,5039
2471,5040
2471,5073
2471,5076
2471,5077
2471,5090
2471,5095
2471,5152
2471,5203
2471,5212
2471,5234
2471,5245
2471,5253
2471,5267
2471,5358
2471,5372
2471,5376
2471,5379
2471,5391
2471,5401
2471,5402
2471,5408
2471,5426
2471,5478
2471,5487
2471,5496
2471,5512
2471,5514
2471,5523
2471,5533
2471,5544
2471,5556
2471,5578
2471,5584
2471,5645
2471,5647
2471,5650
2471,5651
2471,5656
2471,5717
2471,5719
2471,5731
2471,5732
2471,5735
2471,5978
2471,6691
2471,8953
2471,9052
2471,10631
2471,16231
2471,19090
2471,24486
2471,27661
2471,28112
2471,38904
2471,41774
2471,41781
2471,54454
2471,54688
2471,54786
2471,56959
2471,59708
2471,60147
2471,60184
2471,60795
2471,60831
2471,60835
2471,60852
2471,62924
2471,64147
2471,65999
2471,68740
2471,71329
2471,77999
2471,83786
2471,87177
2471,93860
2471,104865
2471,119607
2471,123620
2471,124087
2471,125889
2471,130881
2471,150310
2471,150311
2471,152945
2471,154059
2471,156419
2471,160051
2471,170361
2471,176870
2471,197712
2471,216239
2471,216326
2471,3085017
2471,3468412
2471,4183806
2471,4475485
2471,5311027
2471,5311048
2471,5311181
2471,5311297
2471,5353980
2471,5381226
2471,5487301
2471,5493381
2471,6398525
2474,2476
2474,2520
2474,2541
2474,2554
2474,2617
2474,2656
2474,2658
2474,2662
2474,2771
2474,2802
2474,2803
2474,3003
2474,3016
2474,3032
2474,3075
2474,3168
2474,3222
2474,3325
2474,3345
2474,3386
2474,3440
2474,3446
2474,3467
2474,3494
2474,3639
2474,3640
2474,3648
2474,3658
2474,3661
2474,3672
2474,3676
2474,3702
2474,3763
2474,3826
2474,3883
2474,3890
2474,3937
2474,3958
2474,4058
2474,4138
2474,4140
2474,4159
2474,4168
2474,4171
2474,4173
2474,4192
2474,4253
2474,4425
2474,4485
2474,4510
2474,4594
2474,4595
2474,4616
2474,4635
2474,4679
2474,4691
2474,4873
2474,4894
2474,4900
2474,4917
2474,4927
2474,4943
2474,5038
2474,5039
2474,5090
2474,5203
2474,5206
2474,5234
2474,5478
2474,5544
2474,5650
2474,5651
2474,5732
2474,5771
2474,6691
2474,8953
2474,27661
2474,39765
2474,41693
2474,47320
2474,51263
2474,54454
2474,60696
2474,60835
2474,71273
2474,119607
2474,125889
2476,2520
2476,2541
2476,2554
2476,2576
2476,2662
2476,2713
2476,2764
2476,2771
2476,2802
2476,2803
2476,2806
2476,3003
2476,3016
2476,3032
2476,3043
2476,3121
2476,3158
2476,3203
2476,3222
2476,3310
2476,3325
2476,3345
2476,3365
2476,3385
2476,3386
2476,3404
2476,3405
2476,3440
2476,3446
2476,3467
2476,3559
2476,3639
2476,3640
2476,3648
2476,3658
2476,3661
2476,3672
2476,3676
2476,3696
2476,3706
2476,3877
2476,3878
2476,3883
2476,3899
2476,3937
2476,3958
2476,3961
2476,4052
2476,4112
2476,4168
2476,4171
2476,4173
2476,4192
2476,4205
2476,4253
2476,4425
2476,4428
2476,4451
2476,4463
2476,4506
2476,4583
2476,4585
2476,4594
2476,4595
2476,4599
2476,4616
2476,4635
2476,4679
2476,4691
2476,4856
2476,4894
2476,4900
2476,4927
2476,4943
2476,4946
2476,5002
2476,5029
2476,5038
2476,5039
2476,5064
2476,5073
2476,5076
2476,5155
2476,5203
2476,5206
2476,5267
2476,5372
2476,5391
2476,5572
2476,5584
2476,5651
2476,5656
2476,5726
2476,5732
2476,6691
2476,34312
2476,39765
2476,41781
2476,54454
2476,54688
2476,59708
2476,60795
2476,60835
2476,68740
2476,83786
2476,87177
2476,125889
2476,131536
2476,148192
2476,170361
2476,3468412
2476,5311048
2476,5311297
2476,5329102
2476,5353980
2476,5481350
2477,2520
2477,2524
2477,2541
2477,2550
2477,2554
2477,2576
2477,2585
2477,2617
2477,2622
2477,2656
2477,2662
2477,2666
2477,2678
2477,2732
2477,2756
2477,2764
2477,2771
2477,2801
2477,2802
2477,2803
2477,2806
2477,2818
2477,2891
2477,2895
2477,2907
2477,2909
2477,2978
2477,3003
2477,3007
2477,3016
2477,3032
2477,3042
2477,3043
2477,3062
2477,3075
2477,3121
2477,3143
2477,3152
2477,3157
2477,3158
2477,3161
2477,3222
2477,3249
2477,3308
2477,3324
2477,3325
2477,3333
2477,3339
2477,3345
2477,3348
2477,3350
2477,3365
2477,3382
2477,3385
2477,3386
2477,3393
2477,3403
2477,3404
2477,3405
2477,3419
2477,3440
2477,3446
2477,3449
2477,3461
2477,3463
2477,3476
2477,3478
2477,3488
2477,3494
2477,3510
2477,3516
2477,3559
2477,3639
2477,3648
2477,3652
2477,3658
2477,3672
2477,3676
2477,3696
2477,3702
2477,3715
2477,3746
2477,3749
2477,3767
2477,3780
2477,3826
2477,3877
2477,3878
2477,3883
2477,3890
2477,3899
2477,3902
2477,3911
2477,3937
2477,3954
2477,3957
2477,3958
2477,3961
2477,3962
2477,4034
2477,4052
2477,4054
2477,4058
2477,4091
2477,4095
2477,4107
2477,4112
2477,4158
2477,4159
2477,4168
2477,4170
2477,4171
2477,4173
2477,4205
2477,4212
2477,4236
2477,4253
2477,4259
2477,4409
2477,4411
2477,4428
2477,4449
2477,4485
2477,4509
2477,4510
2477,4513
2477,4536
2477,4542
2477,4543
2477,4547
2477,4583
2477,4585
2477,4594
2477,4595
2477,4599
2477,4601
2477,4614
2477,4616
2477,4634
2477,4635
2477,4666
2477,4674
2477,4679
2477,4691
2477,4736
2477,4748
2477,4771
2477,4829
2477,4856
2477,4873
2477,4885
2477,4889
2477,4900
2477,4909
2477,4917
2477,4920
2477,4927
2477,4946
2477,5002
2477,5005
2477,5029
2477,5035
2477,5038
2477,5039
2477,5040
2477,5064
2477,5073
2477,5076
2477,5090
2477,5095
2477,5152
2477,5155
2477,5203
2477,5212
2477,5245
2477,5267
2477,5352
2477,5358
2477,5376
2477,5379
2477,5391
2477,5401
2477,5408
2477,5454
2477,5466
2477,5478
2477,5487
2477,5512
2477,5514
2477,5523
2477,5533
2477,5538
2477,5544
2477,5556
2477,5572
2477,5584
2477,5647
2477,5650
2477,5651
2477,5656
2477,5672
2477,5717
2477,5719
2477,5732
2477,5734
2477,5735
2477,5978
2477,6691
2477,10631
2477,19090
2477,27661
2477,27686
2477,28112
2477,32797
2477,34312
2477,38904
2477,54454
2477,54688
2477,54841
2477,59708
2477,60147
2477,60795
2477,60831
2477,60835
2477,60852
2477,60854
2477,60865
2477,60953
2477,62924
2477,68740
2477,71158
2477,77993
2477,77999
2477,83786
2477,87177
2477,115237
2477,119607
2477,123620
2477,124087
2477,125017
2477,125889
2477,130881
2477,150311
2477,152945
2477,170361
2477,216326
2477,443871
2477,3468412
2477,4475485
2477,4659568
2477,5282226
2477,5311048
2477,5311297
2477,5353980
2477,5481350
2477,5487301
2477,6398525
2477,6447131
2478,2550
2478,2622
2478,2764
2478,2771
2478,2802
2478,2907
2478,2909
2478,2955
2478,3003
2478,3016
2478,3121
2478,3222
2478,3310
2478,3325
2478,3365
2478,3367
2478,3414
2478,3440
2478,3454
2478,3510
2478,3640
2478,3657
2478,3690
2478,3793
2478,3883
2478,3958
2478,4053
2478,4112
2478,4159
2478,4168
2478,4173
2478,4212
2478,4253
2478,4583
2478,4594
2478,4595
2478,4679
2478,4894
2478,4900
2478,5039
2478,5291
2478,5372
2478,5453
2478,5538
2478,5645
2478,5647
2478,5651
2478,5732
2478,5978
2478,38904
2478,83786
2478,104865
2478,667490
2478,5311039
2478,5311048
2478,5473385
2487,2520
2487,2554
2487,2656
2487,2662
2487,2666
2487,2678
2487,2764
2487,2771
2487,2786
2487,2802
2487,2803
2487,2806
2487,2895
2487,3003
2487,3016
2487,3032
2487,3066
2487,3158
2487,3161
2487,3308
2487,3325
2487,3345
2487,3348
2487,3365
2487,3386
2487,3405
2487,3440
2487,3446
2487,3516
2487,3648
2487,3652
2487,3661
2487,3672
2487,3676
2487,3826
2487,3878
2487,3883
2487,3937
2487,3954
2487,3957
2487,3958
2487,3961
2487,4034
2487,4058
2487,4107
2487,4159
2487,4168
2487,4170
2487,4171
2487,4173
2487,4192
2487,4205
2487,4236
2487,4253
2487,4409
2487,4419
2487,4449
2487,4485
2487,4510
2487,4543
2487,4585
2487,4594
2487,4595
2487,4599
2487,4635
2487,4679
2487,4691
2487,4736
2487,4856
2487,4889
2487,4900
2487,4917
2487,4943
2487,4946
2487,5002
2487,5039
2487,5073
2487,5090
2487,5095
2487,5203
2487,5210
2487,5358
2487,5391
2487,5487
2487,5514
2487,5523
2487,5533
2487,5544
2487,5556
2487,5647
2487,5656
2487,5731
2487,5732
2487,5771
2487,6691
2487,8953
2487,28112
2487,54454
2487,59708
2487,62924
2487,65999
2487,119607
2512,2520
2512,2524
2512,2541
2512,2554
2512,2576
2512,2585
2512,2617
2512,2662
2512,2771
2512,2800
2512,2802
2512,2806
2512,2818
2512,3016
2512,3075
2512,3121
2512,3152
2512,3157
2512,3222
2512,3325
2512,3345
2512,3386
2512,3404
2512,3405
2512,3440
2512,3446
2512,3476
2512,3559
2512,3639
2512,3640
2512,3648
2512,3658
2512,3672
2512,3780
2512,3825
2512,3877
2512,3878
2512,3883
2512,3911
2512,3937
2512,3958
2512,4052
2512,4091
2512,4158
2512,4171
2512,4205
2512,4236
2512,4253
2512,4411
2512,4485
2512,4585
2512,4594
2512,4634
2512,4635
2512,4679
2512,4691
2512,4745
2512,4829
2512,4885
2512,4894
2512,4900
2512,4946
2512,5002
2512,5029
2512,5038
2512,5039
2512,5073
2512,5076
2512,5095
2512,5195
2512,5203
2512,5245
2512,5267
2512,5391
2512,5408
2512,5523
2512,5533
2512,5556
2512,5572
2512,5650
2512,5656
2512,5732
2512,5734
2512,6691
2512,27661
2512,28112
2512,34312
2512,41781
2512,47725
2512,54374
2512,54454
2512,59708
2512,60795
2512,62924
2512,65999
2512,68740
2512,77999
2512,83786
2512,87177
2512,119607
2512,125889
2512,4659568
2512,5311297
2519,2771
2519,2802
2519,3405
2519,3467
2519,4253
2519,4635
2519,5039
2519,170361
2519,3468412
2520,2524
2520,2541
2520,2550
2520,2554
2520,2576
2520,2585
2520,2609
2520,2617
2520,2631
2520,2650
2520,2656
2520,2658
2520,2662
2520,2666
2520,2676
2520,2678
2520,2732
2520,2756
2520,2764
2520,2771
2520,2786
2520,2802
2520,2803
2520,2806
2520,2812
2520,2818
2520,2891
2520,2895
2520,2907
2520,2909
2520,2978
2520,3003
2520,3007
2520,3008
2520,3016
2520,3032
2520,3042
2520,3043
2520,3062
2520,3066
2520,3075
2520,3108
2520,3114
2520,3121
2520,3143
2520,3148
2520,3152
2520,3154
2520,3157
2520,3158
2520,3161
2520,3168
2520,3222
2520,3249
2520,3255
2520,3308
2520,3310
2520,3324
2520,3325
2520,3333
2520,3339
2520,3345
2520,3348
2520,3350
2520,3355
2520,3365
2520,3367
2520,3379
2520,3385
2520,3386
2520,3397
2520,3403
2520,3404
2520,3405
2520,3410
2520,3419
2520,3440
2520,3446
2520,3449
2520,3461
2520,3463
2520,3467
2520,3476
2520,3478
2520,3488
2520,3516
2520,3559
2520,3637
2520,3639
2520,3640
2520,3648
2520,3652
2520,3657
2520,3658
2520,3661
2520,3672
2520,3676
2520,3696
2520,3702
2520,3715
2520,3736
2520,3746
2520,3749
2520,3750
2520,3767
2520,3780
2520,3793
2520,3823
2520,3825
2520,3826
2520,3827
2520,3869
2520,3877
2520,3878
2520,3883
2520,3890
2520,3899
2520,3902
2520,3911
2520,3929
2520,3937
2520,3954
2520,3957
2520,3958
2520,3961
2520,3962
2520,4034
2520,4044
2520,4052
2520,4054
2520,4058
2520,4075
2520,4091
2520,4095
2520,4107
2520,4112
2520,4138
2520,4158
2520,4159
2520,4168
2520,4170
2520,4171
2520,4173
2520,4178
2520,4192
2520,4201
2520,4205
2520,4236
2520,4253
2520,4259
2520,4409
2520,4411
2520,4440
2520,4449
2520,4485
2520,4506
2520,4509
2520,4510
2520,4513
2520,4539
2520,4542
2520,4543
2520,4547
2520,4583
2520,4585
2520,4594
2520,4595
2520,4599
2520,4601
2520,4603
2520,4609
2520,4614
2520,4616
2520,4634
2520,4635
2520,4666
2520,4674
2520,4675
2520,4679
2520,4691
2520,4740
2520,4748
2520,4812
2520,4819
2520,4829
2520,4845
2520,4856
2520,4873
2520,4885
2520,4889
2520,4894
2520,4900
2520,4909
2520,4917
2520,4920
2520,4927
2520,4932
2520,4943
2520,4946
2520,4991
2520,5002
2520,5005
2520,5029
2520,5035
2520,5038
2520,5039
2520,5040
2520,5064
2520,5073
2520,5076
2520,5077
2520,5078
2520,5090
2520,5095
2520,5152
2520,5155
2520,5203
2520,5206
2520,5212
2520,5234
2520,5245
2520,5253
2520,5267
2520,5291
2520,5352
2520,5358
2520,5372
2520,5376
2520,5379
2520,5391
2520,5394
2520,5401
2520,5402
2520,5408
2520,5412
2520,5426
2520,5466
2520,5472
2520,5478
2520,5487
2520,5496
2520,5512
2520,5514
2520,5523
2520,5525
2520,5533
2520,5538
2520,5544
2520,5556
2520,5578
2520,5596
2520,5645
2520,5647
2520,5650
2520,5651
2520,5656
2520,5717
2520,5719
2520,5731
2520,5732
2520,5734
2520,5735
2520,5978
2520,6691
2520,8953
2520,9433
2520,10631
2520,14888
2520,16231
2520,19090
2520,24486
2520,27661
2520,27686
2520,28112
2520,34312
2520,36339
2520,38904
2520,39765
2520,41774
2520,41781
2520,54374
2520,54454
2520,54688
2520,54841
2520,59708
2520,60147
2520,60164
2520,60184
2520,60198
2520,60795
2520,60831
2520,60835
2520,60843
2520,60852
2520,60854
2520,60865
2520,60953
2520,62924
2520,65999
2520,68740
2520,71329
2520,71616
2520,72054
2520,77993
2520,77999
2520,83786
2520,87177
2520,91270
2520,93860
2520,104741
2520,104865
2520,110634
2520,110635
2520,119607
2520,122316
2520,123606
2520,123620
2520,123631
2520,124087
2520,125889
2520,130881
2520,148211
2520,150311
2520,152945
2520,154059
2520,156419
2520,160051
2520,163742
2520,170361
2520,176870
2520,197712
2520,216326
2520,443871
2520,657298
2520,667490
2520,3002190
2520,3081884
2520,3085017
2520,3468412
2520,4183806
2520,4475485
2520,5281104
2520,5282226
2520,5311027
2520,5311048
2520,5311082
2520,5311181
2520,5311297
2520,5329102
2520,5353980
2520,5487301
2520,5493444
2520,6398525
2520,6398970
2520,6447131
2522,2585
2522,2662
2522,2666
2522,2678
2522,2764
2522,2771
2522,2806
2522,2895
2522,2909
2522,3003
2522,3032
2522,3062
2522,3161
2522,3308
2522,3339
2522,3345
2522,3382
2522,3386
2522,3405
2522,3440
2522,3446
2522,3463
2522,3488
2522,3639
2522,3658
2522,3672
2522,3676
2522,3715
2522,3883
2522,3937
2522,3957
2522,3958
2522,3961
2522,4052
2522,4091
2522,4112
2522,4171
2522,4253
2522,4409
2522,4510
2522,4583
2522,4594
2522,4679
2522,4691
2522,4889
2522,4894
2522,4900
2522,4946
2522,5029
2522,5038
2522,5064
2522,5090
2522,5203
2522,5212
2522,5372
2522,5381
2522,5544
2522,5647
2522,5650
2522,5651
2522,5732
2522,6691
2522,10631
2522,32797
2522,41317
2522,48175
2522,54454
2522,54688
2522,60835
2522,62924
2522,77999
2522,83786
2522,123620
2522,3085017
2522,5353980
2522,6447131
2524,2541
2524,2550
2524,2554
2524,2585
2524,2609
2524,2610
2524,2617
2524,2622
2524,2631
2524,2650
2524,2656
2524,2658
2524,2662
2524,2666
2524,2678
2524,2720
2524,2764
2524,2771
2524,2802
2524,2803
2524,2806
2524,2812
2524,2891
2524,2895
2524,2907
2524,2909
2524,2955
2524,3003
2524,3016
2524,3032
2524,3062
2524,3075
2524,3108
2524,3121
2524,3143
2524,3148
2524,3152
2524,3154
2524,3157
2524,3158
2524,3161
2524,3168
2524,3222
2524,3249
2524,3255
2524,3261
2524,3305
2524,3308
2524,3310
2524,3324
2524,3325
2524,3333
2524,3339
2524,3345
2524,3348
2524,3350
2524,3365
2524,3385
2524,3386
2524,3403
2524,3404
2524,3405
2524,3414
2524,3419
2524,3440
2524,3446
2524,3454
2524,3461
2524,3463
2524,3467
2524,3476
2524,3478
2524,3488
2524,3510
2524,3516
2524,3559
2524,3637
2524,3639
2524,3640
2524,3648
2524,3652
2524,3658
2524,3672
2524,3676
2524,3690
2524,3696
2524,3715
2524,3746
2524,3749
2524,3767
2524,3780
2524,3784
2524,3793
2524,3823
2524,3825
2524,3869
2524,3877
2524,3878
2524,3883
2524,3890
2524,3899
2524,3902
2524,3911
2524,3929
2524,3937
2524,3954
2524,3957
2524,3958
2524,3961
2524,3962
2524,4052
2524,4058
2524,4075
2524,4091
2524,4107
2524,4112
2524,4138
2524,4159
2524,4168
2524,4170
2524,4171
2524,4173
2524,4195
2524,4201
2524,4205
2524,4236
2524,4253
2524,4259
2524,4264
2524,4485
2524,4506
2524,4510
2524,4513
2524,4539
2524,4543
2524,4547
2524,4583
2524,4585
2524,4594
2524,4595
2524,4616
2524,4634
2524,4635
2524,4674
2524,4679
2524,4691
2524,4740
2524,4829
2524,4873
2524,4885
2524,4889
2524,4894
2524,4900
2524,4909
2524,4917
2524,4920
2524,4927
2524,4943
2524,4946
2524,5002
2524,5005
2524,5029
2524,5035
2524,5038
2524,5039
2524,5040
2524,5064
2524,5073
2524,5076
2524,5077
2524,5090
2524,5095
2524,5152
2524,5203
2524,5212
2524,5234
2524,5245
2524,5267
2524,5352
2524,5372
2524,5376
2524,5379
2524,5391
2524,5394
2524,5401
2524,5408
2524,5426
2524,5472
2524,5478
2524,5487
2524,5496
2524,5512
2524,5514
2524,5523
2524,5525
2524,5544
2524,5556
2524,5645
2524,5647
2524,5650
2524,5651
2524,5656
2524,5732
2524,5734
2524,5735
2524,5978
2524,6691
2524,8953
2524,9052
2524,10631
2524,19090
2524,24486
2524,27661
2524,32797
2524,34312
2524,38904
2524,41781
2524,54454
2524,54547
2524,54688
2524,59708
2524,60147
2524,60184
2524,60754
2524,60831
2524,60835
2524,60852
2524,62924
2524,64147
2524,65999
2524,68740
2524,71616
2524,77999
2524,83786
2524,87177
2524,93860
2524,104865
2524,119607
2524,123620
2524,123631
2524,124087
2524,125889
2524,130881
2524,150311
2524,150610
2524,152945
2524,156419
2524,176168
2524,197712
2524,216239
2524,216326
2524,443871
2524,444013
2524,508230
2524,667490
2524,3002190
2524,3085017
2524,3468412
2524,4183806
2524,4475485
2524,5281104
2524,5282226
2524,5311027
2524,5311039
2524,5311181
2524,5311297
2524,5353980
2524,5487301
2524,6398525
2524,6918453
2541,2550
2541,2554
2541,2576
2541,2585
2541,2609
2541,2617
2541,2622
2541,2650
2541,2656
2541,2658
2541,2662
2541,2666
2541,2678
2541,2708
2541,2764
2541,2771
2541,2802
2541,2803
2541,2806
2541,2812
2541,2891
2541,2895
2541,2907
2541,2909
2541,3003
2541,3016
2541,3032
2541,3043
2541,3062
2541,3075
2541,3108
2541,3114
2541,3121
2541,3143
2541,3152
2541,3154
2541,3157
2541,3158
2541,3161
2541,3203
2541,3222
2541,3255
2541,3308
2541,3310
2541,3325
2541,3333
2541,3339
2541,3345
2541,3348
2541,3350
2541,3355
2541,3365
2541,3367
2541,3385
2541,3386
2541,3393
2541,3394
2541,3397
2541,3403
2541,3404
2541,3405
2541,3410
2541,3419
2541,3440
2541,3446
2541,3449
2541,3461
2541,3463
2541,3476
2541,3478
2541,3488
2541,3510
2541,3516
2541,3559
2541,3639
2541,3640
2541,3648
2541,3652
2541,3657
2541,3658
2541,3672
2541,3675
2541,3676
2541,3696
2541,3702
2541,3715
2541,3736
2541,3746
2541,3749
2541,3750
2541,3780
2541,3784
2541,3793
2541,3825
2541,3827
2541,3869
2541,3877
2541,3878
2541,3883
2541,3890
2541,3899
2541,3902
2541,3911
2541,3929
2541,3937
2541,3954
2541,3957
2541,3958
2541,3961
2541,3962
2541,4034
2541,4052
2541,4054
2541,4075
2541,4091
2541,4112
2541,4138
2541,4158
2541,4159
2541,4168
2541,4170
2541,4171
2541,4173
2541,4201
2541,4205
2541,4212
2541,4236
2541,4253
2541,4259
2541,4264
2541,4409
2541,4411
2541,4473
2541,4485
2541,4499
2541,4506
2541,4509
2541,4510
2541,4513
2541,4539
2541,4543
2541,4547
2541,4583
2541,4585
2541,4594
2541,4595
2541,4599
2541,4609
2541,4616
2541,4634
2541,4635
2541,4666
2541,4674
2541,4679
2541,4691
2541,4740
2541,4819
2541,4829
2541,4873
2541,4885
2541,4889
2541,4893
2541,4894
2541,4900
2541,4911
2541,4917
2541,4920
2541,4927
2541,4943
2541,4946
2541,4991
2541,5002
2541,5005
2541,5029
2541,5035
2541,5038
2541,5039
2541,5040
2541,5064
2541,5073
2541,5076
2541,5077
2541,5078
2541,5090
2541,5095
2541,5152
2541,5155
2541,5203
2541,5210
2541,5212
2541,5245
2541,5253
2541,5267
2541,5291
2541,5358
2541,5372
2541,5376
2541,5379
2541,5391
2541,5401
2541,5402
2541,5408
2541,5426
2541,5472
2541,5478
2541,5487
2541,5512
2541,5514
2541,5523
2541,5533
2541,5544
2541,5556
2541,5578
2541,5645
2541,5647
2541,5650
2541,5651
2541,5656
2541,5726
2541,5732
2541,5734
2541,5735
2541,5746
2541,5978
2541,6691
2541,8953
2541,9052
2541,10631
2541,16231
2541,19090
2541,24486
2541,27661
2541,27991
2541,28112
2541,32797
2541,34312
2541,38904
2541,39765
2541,41774
2541,41781
2541,47725
2541,54454
2541,54688
2541,54841
2541,59708
2541,60147
2541,60184
2541,60198
2541,60787
2541,60795
2541,60831
2541,60835
2541,60852
2541,60953
2541,62924
2541,64147
2541,65999
2541,68740
2541,68844
2541,71329
2541,72938
2541,77999
2541,83786
2541,87177
2541,93860
2541,104741
2541,104865
2541,110634
2541,110635
2541,119607
2541,123620
2541,123631
2541,124087
2541,125889
2541,130881
2541,150310
2541,150311
2541,151165
2541,152945
2541,153941
2541,154059
2541,156419
2541,160051
2541,163742
2541,170361
2541,176168
2541,176870
2541,197712
2541,216239
2541,443871
2541,3002190
2541,3085017
2541,3468412
2541,4183806
2541,4475485
2541,5281104
2541,5282226
2541,5311048
2541,5311181
2541,5311297
2541,5329102
2541,5353980
2541,5481350
2541,5487301
2541,5493381
2541,5493444
2541,6398525
2550,2554
2550,2576
2550,2585
2550,2617
2550,2622
2550,2650
2550,2656
2550,2658
2550,2662
2550,2666
2550,2676
2550,2678
2550,2726
2550,2732
2550,2756
2550,2764
2550,2771
2550,2786
2550,2802
2550,2803
2550,2806
2550,2812
2550,2818
2550,2891
2550,2895
2550,2907
2550,2909
2550,3003
2550,3016
2550,3032
2550,3043
2550,3062
2550,3075
2550,3108
2550,3121
2550,3143
2550,3148
2550,3152
2550,3157
2550,3158
2550,3161
2550,3222
2550,3255
2550,3310
2550,3325
2550,3333
2550,3339
2550,3345
2550,3348
2550,3350
2550,3365
2550,3367
2550,3385
2550,3386
2550,3403
2550,3404
2550,3405
2550,3410
2550,3419
2550,3440
2550,3446
2550,3449
2550,3454
2550,3461
2550,3463
2550,3467
2550,3476
2550,3478
2550,3488
2550,3510
2550,3559
2550,3637
2550,3639
2550,3640
2550,3648
2550,3652
2550,3657
2550,3658
2550,3661
2550,3672
2550,3676
2550,3690
2550,3696
2550,3702
2550,3715
2550,3746
2550,3749
2550,3780
2550,3823
2550,3825
2550,3826
2550,3869
2550,3877
2550,3878
2550,3883
2550,3890
2550,3899
2550,3911
2550,3929
2550,3937
2550,3954
2550,3957
2550,3958
2550,3961
2550,3962
2550,4034
2550,4052
2550,4054
2550,4091
2550,4107
2550,4112
2550,4138
2550,4159
2550,4168
2550,4170
2550,4171
2550,4173
2550,4201
2550,4205
2550,4236
2550,4253
2550,4259
2550,4409
2550,4411
2550,4485
2550,4497
2550,4506
2550,4509
2550,4510
2550,4539
2550,4543
2550,4547
2550,4583
2550,4585
2550,4594
2550,4595
2550,4603
2550,4609
2550,4616
2550,4634
2550,4635
2550,4666
2550,4674
2550,4675
2550,4679
2550,4691
2550,4740
2550,4812
2550,4829
2550,4834
2550,4856
2550,4873
2550,4885
2550,4889
2550,4893
2550,4894
2550,4900
2550,4917
2550,4927
2550,4943
2550,4946
2550,5002
2550,5005
2550,5029
2550,5035
2550,5038
2550,5039
2550,5040
2550,5064
2550,5073
2550,5076
2550,5077
2550,5090
2550,5095
2550,5152
2550,5155
2550,5203
2550,5210
2550,5212
2550,5234
2550,5245
2550,5253
2550,5267
2550,5291
2550,5352
2550,5358
2550,5372
2550,5376
2550,5379
2550,5391
2550,5401
2550,5408
2550,5426
2550,5478
2550,5487
2550,5496
2550,5512
2550,5514
2550,5523
2550,5533
2550,5544
2550,5556
2550,5578
2550,5645
2550,5647
2550,5650
2550,5651
2550,5656
2550,5672
2550,5732
2550,5735
2550,5978
2550,6691
2550,8953
2550,9052
2550,9433
2550,10631
2550,16231
2550,19090
2550,27661
2550,28112
2550,36811
2550,38904
2550,41774
2550,41781
2550,47725
2550,54454
2550,54688
2550,59708
2550,60147
2550,60754
2550,60795
2550,60831
2550,60835
2550,60852
2550,60854
2550,60953
2550,62924
2550,65999
2550,68740
2550,71616
2550,77999
2550,83786
2550,87177
2550,93860
2550,104865
2550,110634
2550,110635
2550,119607
2550,123631
2550,124087
2550,125889
2550,130881
2550,148211
2550,150311
2550,152945
2550,443871
2550,444013
2550,1349907
2550,3085017
2550,3468412
2550,4475485
2550,5281104
2550,5311027
2550,5311039
2550,5311048
2550,5311082
2550,5311297
2550,5329102
2550,5353980
2550,5381226
2550,5481350
2550,5487301
2550,5493444
2550,6398525
2551,3075
2554,2576
2554,2578
2554,2585
2554,2609
2554,2617
2554,2622
2554,2650
2554,2656
2554,2658
2554,2662
2554,2666
2554,2678
2554,2712
2554,2726
2554,2732
2554,2756
2554,2764
2554,2771
2554,2786
2554,2801
2554,2802
2554,2803
2554,2806
2554,2812
2554,2818
2554,2891
2554,2895
2554,2907
2554,2909
2554,2951
2554,2955
2554,2978
2554,3003
2554,3007
2554,3016
2554,3032
2554,3042
2554,3043
2554,3062
2554,3066
2554,3075
2554,3108
2554,3121
2554,3143
2554,3152
2554,3154
2554,3157
2554,3158
2554,3161
2554,3203
2554,3222
2554,3249
2554,3255
2554,3261
2554,3291
2554,3308
2554,3310
2554,3325
2554,3333
2554,3339
2554,3345
2554,3348
2554,3350
2554,3365
2554,3367
2554,3372
2554,3379
2554,3382
2554,3385
2554,3386
2554,3393
2554,3403
2554,3404
2554,3405
2554,3410
2554,3419
2554,3440
2554,3446
2554,3449
2554,3454
2554,3461
2554,3463
2554,3467
2554,3476
2554,3478
2554,3488
2554,3494
2554,3510
2554,3516
2554,3559
2554,3639
2554,3640
2554,3642
2554,3648
2554,3652
2554,3657
2554,3658
2554,3661
2554,3672
2554,3676
2554,3690
2554,3696
2554,3702
2554,3715
2554,3746
2554,3749
2554,3750
2554,3767
2554,3780
2554,3793
2554,3825
2554,3826
2554,3827
2554,3877
2554,3878
2554,3883
2554,3890
2554,3899
2554,3902
2554,3911
2554,3929
2554,3937
2554,3954
2554,3957
2554,3958
2554,3961
2554,3962
2554,4034
2554,4052
2554,4054
2554,4058
2554,4064
2554,4075
2554,4091
2554,4095
2554,4107
2554,4112
2554,4158
2554,4159
2554,4168
2554,4170
2554,4171
2554,4173
2554,4178
2554,4189
2554,4192
2554,4200
2554,4201
2554,4205
2554,4212
2554,4236
2554,4253
2554,4259
2554,4409
2554,4411
2554,4449
2554,4451
2554,4463
2554,4485
2554,4497
2554,4506
2554,4509
2554,4510
2554,4513
2554,4539
2554,4542
2554,4543
2554,4547
2554,4583
2554,4585
2554,4594
2554,4595
2554,4599
2554,4601
2554,4603
2554,4609
2554,4614
2554,4616
2554,4634
2554,4635
2554,4666
2554,4674
2554,4679
2554,4691
2554,4723
2554,4740
2554,4745
2554,4748
2554,4819
2554,4829
2554,4845
2554,4856
2554,4873
2554,4885
2554,4889
2554,4893
2554,4894
2554,4900
2554,4909
2554,4917
2554,4920
2554,4927
2554,4943
2554,4946
2554,4991
2554,4999
2554,5002
2554,5005
2554,5029
2554,5035
2554,5038
2554,5039
2554,5040
2554,5064
2554,5073
2554,5076
2554,5077
2554,5078
2554,5090
2554,5095
2554,5152
2554,5155
2554,5184
2554,5203
2554,5206
2554,5212
2554,5234
2554,5245
2554,5253
2554,5267
2554,5291
2554,5358
2554,5372
2554,5376
2554,5379
2554,5391
2554,5394
2554,5401
2554,5402
2554,5408
2554,5412
2554,5426
2554,5454
2554,5466
2554,5472
2554,5478
2554,5487
2554,5496
2554,5512
2554,5514
2554,5523
2554,5533
2554,5538
2554,5544
2554,5556
2554,5572
2554,5578
2554,5584
2554,5645
2554,5647
2554,5650
2554,5651
2554,5656
2554,5672
2554,5717
2554,5719
2554,5731
2554,5732
2554,5734
2554,5735
2554,5978
2554,6691
2554,8953
2554,9052
2554,10631
2554,16231
2554,19090
2554,24486
2554,27661
2554,27686
2554,27991
2554,28112
2554,34312
2554,38904
2554,39765
2554,40976
2554,41317
2554,41774
2554,41781
2554,47725
2554,54454
2554,54547
2554,54688
2554,54841
2554,56339
2554,59708
2554,60147
2554,60184
2554,60198
2554,60754
2554,60787
2554,60795
2554,60831
2554,60835
2554,60852
2554,60854
2554,60865
2554,60953
2554,62924
2554,65999
2554,68740
2554,71273
2554,71616
2554,72054
2554,72938
2554,77993
2554,77999
2554,83786
2554,87177
2554,93860
2554,104741
2554,104865
2554,110634
2554,110635
2554,115237
2554,119607
2554,123620
2554,123631
2554,124087
2554,125017
2554,125889
2554,130881
2554,147912
2554,148192
2554,148211
2554,150311
2554,151165
2554,152945
2554,154059
2554,163742
2554,170361
2554,216239
2554,216326
2554,443871
2554,444013
2554,667490
2554,1349907
2554,3081884
2554,3085017
2554,3468412
2554,4183806
2554,4475485
2554,4659568
2554,4659569
2554,5281104
2554,5311039
2554,5311048
2554,5311297
2554,5329102
2554,5353980
2554,5381226
2554,5481350
2554,5487301
2554,6398525
2554,6398970
2554,6447131
2576,2585
2576,2610
2576,2617
2576,2656
2576,2658
2576,2662
2576,2666
2576,2678
2576,2726
2576,2756
2576,2764
2576,2771
2576,2786
2576,2802
2576,2803
2576,2806
2576,2812
2576,2891
2576,2895
2576,2909
2576,2955
2576,2978
2576,3003
2576,3016
2576,3032
2576,3042
2576,3043
2576,3059
2576,3062
2576,3075
2576,3121
2576,3148
2576,3152
2576,3157
2576,3158
2576,3161
2576,3203
2576,3222
2576,3255
2576,3261
2576,3308
2576,3324
2576,3325
2576,3333
2576,3339
2576,3345
2576,3348
2576,3350
2576,3365
2576,3386
2576,3393
2576,3394
2576,3403
2576,3404
2576,3405
2576,3410
2576,3419
2576,3440
2576,3446
2576,3463
2576,3467
2576,3476
2576,3478
2576,3488
2576,3510
2576,3516
2576,3559
2576,3639
2576,3640
2576,3648
2576,3652
2576,3658
2576,3661
2576,3672
2576,3676
2576,3696
2576,3715
2576,3746
2576,3749
2576,3780
2576,3793
2576,3823
2576,3825
2576,3826
2576,3877
2576,3878
2576,3883
2576,3890
2576,3899
2576,3929
2576,3937
2576,3954
2576,3957
2576,3958
2576,3961
2576,3962
2576,4034
2576,4052
2576,4058
2576,4064
2576,4075
2576,4091
2576,4095
2576,4107
2576,4112
2576,4158
2576,4159
2576,4168
2576,4170
2576,4171
2576,4173
2576,4178
2576,4189
2576,4205
2576,4236
2576,4253
2576,4259
2576,4409
2576,4411
2576,4419
2576,4440
2576,4449
2576,4463
2576,4485
2576,4509
2576,4510
2576,4513
2576,4536
2576,4542
2576,4543
2576,4583
2576,4585
2576,4594
2576,4595
2576,4599
2576,4601
2576,4603
2576,4614
2576,4616
2576,4634
2576,4635
2576,4666
2576,4674
2576,4679
2576,4691
2576,4736
2576,4740
2576,4771
2576,4819
2576,4829
2576,4845
2576,4856
2576,4873
2576,4885
2576,4889
2576,4894
2576,4900
2576,4909
2576,4917
2576,4920
2576,4927
2576,4943
2576,4946
2576,5002
2576,5005
2576,5029
2576,5035
2576,5038
2576,5039
2576,5064
2576,5073
2576,5076
2576,5078
2576,5090
2576,5095
2576,5152
2576,5203
2576,5212
2576,5234
2576,5245
2576,5267
2576,5352
2576,5358
2576,5372
2576,5376
2576,5379
2576,5391
2576,5401
2576,5402
2576,5408
2576,5412
2576,5426
2576,5466
2576,5472
2576,5478
2576,5487
2576,5512
2576,5514
2576,5523
2576,5533
2576,5538
2576,5544
2576,5556
2576,5645
2576,5647
2576,5650
2576,5651
2576,5656
2576,5717
2576,5719
2576,5731
2576,5732
2576,5734
2576,5735
2576,6691
2576,10631
2576,12536
2576,27661
2576,28112
2576,32797
2576,34312
2576,38904
2576,54454
2576,54688
2576,54841
2576,59708
2576,60147
2576,60184
2576,60795
2576,60831
2576,60835
2576,60852
2576,60854
2576,60865
2576,62924
2576,65999
2576,68740
2576,72054
2576,77993
2576,77999
2576,83786
2576,87177
2576,91270
2576,110634
2576,110635
2576,119607
2576,123620
2576,124087
2576,125889
2576,130881
2576,150311
2576,154059
2576,160051
2576,170361
2576,443871
2576,667490
2576,3002190
2576,3081884
2576,3085017
2576,3468412
2576,4183806
2576,4475485
2576,5311297
2576,5353980
2576,5381226
2576,5481350
2576,5487301
2576,6398525
2576,6398970
2578,2650
2578,2656
2578,2662
2578,2764
2578,2771
2578,2907
2578,2909
2578,3003
2578,3075
2578,3108
2578,3121
2578,3310
2578,3325
2578,3345
2578,3365
2578,3367
2578,3405
2578,3440
2578,3446
2578,3639
2578,3640
2578,3690
2578,3793
2578,3883
2578,3937
2578,3954
2578,3958
2578,4053
2578,4112
2578,4159
2578,4171
2578,4173
2578,4205
2578,4212
2578,4253
2578,4583
2578,4594
2578,4595
2578,4635
2578,4666
2578,4674
2578,4679
2578,4691
2578,4873
2578,4900
2578,4946
2578,5039
2578,5073
2578,5090
2578,5203
2578,5234
2578,5372
2578,5376
2578,5394
2578,5426
2578,5651
2578,5656
2578,5732
2578,5978
2578,6691
2578,13342
2578,34312
2578,38904
2578,59708
2578,60184
2578,68740
2578,71616
2578,72467
2578,83786
2578,93860
2578,147912
2578,151165
2578,5311039
2578,5311048
2585,2609
2585,2617
2585,2622
2585,2631
2585,2650
2585,2656
2585,2658
2585,2662
2585,2666
2585,2678
2585,2713
2585,2727
2585,2732
2585,2756
2585,2764
2585,2771
2585,2786
2585,2802
2585,2803
2585,2806
2585,2812
2585,2818
2585,2891
2585,2895
2585,2907
2585,2909
2585,2951
2585,2955
2585,2973
2585,2978
2585,3003
2585,3016
2585,3032
2585,3042
2585,3043
2585,3062
2585,3075
2585,3108
2585,3114
2585,3121
2585,3143
2585,3148
2585,3152
2585,3154
2585,3157
2585,3158
2585,3161
2585,3203
2585,3222
2585,3249
2585,3255
2585,3308
2585,3310
2585,3324
2585,3325
2585,3333
2585,3339
2585,3345
2585,3348
2585,3350
2585,3355
2585,3365
2585,3367
2585,3379
2585,3385
2585,3386
2585,3393
2585,3403
2585,3404
2585,3405
2585,3410
2585,3419
2585,3440
2585,3446
2585,3449
2585,3454
2585,3461
2585,3463
2585,3467
2585,3476
2585,3478
2585,3488
2585,3510
2585,3516
2585,3559
2585,3637
2585,3639
2585,3640
2585,3648
2585,3652
2585,3657
2585,3658
2585,3661
2585,3672
2585,3675
2585,3676
2585,3696
2585,3702
2585,3715
2585,3724
2585,3734
2585,3736
2585,3741
2585,3746
2585,3749
2585,3750
2585,3767
2585,3780
2585,3784
2585,3793
2585,3823
2585,3825
2585,3826
2585,3869
2585,3877
2585,3878
2585,3883
2585,3890
2585,3899
2585,3902
2585,3911
2585,3929
2585,3937
2585,3954
2585,3957
2585,3958
2585,3961
2585,3962
2585,4034
2585,4052
2585,4053
2585,4054
2585,4058
2585,4075
2585,4091
2585,4095
2585,4107
2585,4112
2585,4138
2585,4158
2585,4159
2585,4168
2585,4170
2585,4171
2585,4173
2585,4178
2585,4189
2585,4192
2585,4195
2585,4201
2585,4205
2585,4212
2585,4236
2585,4253
2585,4259
2585,4264
2585,4409
2585,4411
2585,4449
2585,4463
2585,4473
2585,4485
2585,4499
2585,4509
2585,4510
2585,4513
2585,4539
2585,4543
2585,4547
2585,4583
2585,4585
2585,4594
2585,4595
2585,4599
2585,4603
2585,4609
2585,4614
2585,4616
2585,4634
2585,4635
2585,4666
2585,4674
2585,4679
2585,4691
2585,4740
2585,4748
2585,4771
2585,4812
2585,4819
2585,4829
2585,4845
2585,4856
2585,4873
2585,4885
2585,4889
2585,4893
2585,4894
2585,4900
2585,4909
2585,4911
2585,4917
2585,4920
2585,4927
2585,4943
2585,4946
2585,4991
2585,5002
2585,5005
2585,5029
2585,5035
2585,5038
2585,5039
2585,5040
2585,5064
2585,5073
2585,5076
2585,5078
2585,5090
2585,5095
2585,5152
2585,5155
2585,5203
2585,5206
2585,5212
2585,5234
2585,5245
2585,5253
2585,5267
2585,5291
2585,5352
2585,5358
2585,5372
2585,5376
2585,5379
2585,5391
2585,5394
2585,5401
2585,5402
2585,5408
2585,5426
2585,5472
2585,5478
2585,5486
2585,5487
2585,5496
2585,5512
2585,5514
2585,5523
2585,5525
2585,5533
2585,5544
2585,5556
2585,5578
2585,5596
2585,5645
2585,5647
2585,5650
2585,5651
2585,5656
2585,5672
2585,5717
2585,5719
2585,5726
2585,5732
2585,5734
2585,5735
2585,5878
2585,5978
2585,6691
2585,8953
2585,9052
2585,9433
2585,10631
2585,14888
2585,16231
2585,19090
2585,24011
2585,24486
2585,27661
2585,28112
2585,32797
2585,34312
2585,36339
2585,38904
2585,41317
2585,41774
2585,41781
2585,54374
2585,54454
2585,54547
2585,54688
2585,54841
2585,56959
2585,59708
2585,60147
2585,60184
2585,60198
2585,60795
2585,60831
2585,60835
2585,60843
2585,60852
2585,60854
2585,60953
2585,62924
2585,64147
2585,65999
2585,68740
2585,68844
2585,71329
2585,72054
2585,72938
2585,77993
2585,77999
2585,83786
2585,87177
2585,91270
2585,93860
2585,104865
2585,110634
2585,110635
2585,119607
2585,123620
2585,123631
2585,124087
2585,125017
2585,125889
2585,130881
2585,148192
2585,148211
2585,150310
2585,150311
2585,150610
2585,152945
2585,153941
2585,154059
2585,156419
2585,160051
2585,163742
2585,170361
2585,176168
2585,176870
2585,197712
2585,213039
2585,216239
2585,216326
2585,443871
2585,444013
2585,508230
2585,657298
2585,1349907
2585,3002190
2585,3062316
2585,3081884
2585,3085017
2585,3468412
2585,4183806
2585,4475485
2585,4659568
2585,5281104
2585,5282226
2585,5311027
2585,5311039
2585,5311048
2585,5311082
2585,5311181
2585,5311297
2585,5329102
2585,5353980
2585,5362420
2585,5381226
2585,5481350
2585,5487301
2585,5493381
2585,5493444
2585,6398525
2585,6398970
2609,2656
2609,2658
2609,2662
2609,2666
2609,2678
2609,2756
2609,2764
2609,2771
2609,2802
2609,2803
2609,2806
2609,2891
2609,2895
2609,3003
2609,3016
2609,3032
2609,3042
2609,3062
2609,3075
2609,3121
2609,3157
2609,3161
2609,3222
2609,3255
2609,3325
2609,3339
2609,3345
2609,3348
2609,3365
2609,3386
2609,3405
2609,3440
2609,3446
2609,3478
2609,3488
2609,3516
2609,3559
2609,3639
2609,3640
2609,3672
2609,3676
2609,3715
2609,3746
2609,3793
2609,3826
2609,3883
2609,3899
2609,3937
2609,3954
2609,3957
2609,3958
2609,3961
2609,4034
2609,4052
2609,4075
2609,4091
2609,4107
2609,4112
2609,4168
2609,4171
2609,4173
2609,4205
2609,4236
2609,4253
2609,4259
2609,4510
2609,4583
2609,4585
2609,4594
2609,4595
2609,4599
2609,4601
2609,4634
2609,4635
2609,4679
2609,4691
2609,4845
2609,4889
2609,4894
2609,4900
2609,4920
2609,4927
2609,4999
2609,5029
2609,5038
2609,5039
2609,5073
2609,5090
2609,5095
2609,5152
2609,5203
2609,5234
2609,5352
2609,5391
2609,5523
2609,5533
2609,5544
2609,5647
2609,5650
2609,5656
2609,5719
2609,5732
2609,5734
2609,6691
2609,54454
2609,54688
2609,60835
2609,60865
2609,62924
2609,72054
2609,83786
2609,123620
2609,123631
2609,124087
2609,125889
2609,150311
2609,154059
2609,3468412
2609,4475485
2609,5311297
2610,2617
2610,2658
2610,2662
2610,2666
2610,2678
2610,2764
2610,2771
2610,2786
2610,2802
2610,2803
2610,2806
2610,2891
2610,3016
2610,3062
2610,3143
2610,3161
2610,3255
2610,3261
2610,3324
2610,3325
2610,3345
2610,3348
2610,3365
2610,3386
2610,3393
2610,3405
2610,3440
2610,3446
2610,3639
2610,3672
2610,3746
2610,3825
2610,3878
2610,3883
2610,3937
2610,3957
2610,3958
2610,3961
2610,4052
2610,4091
2610,4112
2610,4159
2610,4168
2610,4171
2610,4173
2610,4253
2610,4409
2610,4543
2610,4583
2610,4594
2610,4595
2610,4635
2610,4679
2610,4691
2610,4894
2610,4900
2610,4917
2610,4946
2610,5005
2610,5035
2610,5038
2610,5039
2610,5064
2610,5090
2610,5203
2610,5267
2610,5391
2610,5523
2610,5578
2610,5647
2610,5656
2610,5732
2610,6691
2610,54454
2610,54688
2610,60865
2610,62924
2610,68740
2610,77999
2610,83786
2610,87177
2610,119607
2610,124087
2610,3468412
2617,2622
2617,2631
2617,2637
2617,2646
2617,2650
2617,2656
2617,2658
2617,2662
2617,2666
2617,2678
2617,2756
2617,2764
2617,2771
2617,2786
2617,2802
2617,2803
2617,2806
2617,2812
2617,2891
2617,2895
2617,2909
2617,2955
2617,3003
2617,3016
2617,3032
2617,3062
2617,3075
2617,3121
2617,3143
2617,3148
2617,3157
2617,3168
2617,3203
2617,3222
2617,3255
2617,3279
2617,3325
2617,3333
2617,3339
2617,3345
2617,3348
2617,3365
2617,3385
2617,3386
2617,3403
2617,3405
2617,3440
2617,3446
2617,3454
2617,3461
2617,3463
2617,3467
2617,3476
2617,3478
2617,3488
2617,3494
2617,3510
2617,3516
2617,3559
2617,3639
2617,3640
2617,3648
2617,3658
2617,3661
2617,3672
2617,3676
2617,3715
2617,3734
2617,3746
2617,3749
2617,3750
2617,3763
2617,3767
2617,3780
2617,3793
2617,3823
2617,3825
2617,3826
2617,3869
2617,3877
2617,3883
2617,3890
2617,3929
2617,3937
2617,3954
2617,3957
2617,3958
2617,3961
2617,3962
2617,4034
2617,4052
2617,4058
2617,4091
2617,4107
2617,4112
2617,4140
2617,4158
2617,4159
2617,4168
2617,4170
2617,4171
2617,4173
2617,4192
2617,4200
2617,4205
2617,4236
2617,4253
2617,4259
2617,4264
2617,4409
2617,4411
2617,4425
2617,4473
2617,4485
2617,4510
2617,4539
2617,4547
2617,4583
2617,4585
2617,4594
2617,4595
2617,4603
2617,4607
2617,4616
2617,4635
2617,4674
2617,4675
2617,4679
2617,4691
2617,4812
2617,4829
2617,4834
2617,4873
2617,4889
2617,4894
2617,4900
2617,4917
2617,4927
2617,4943
2617,4946
2617,5002
2617,5005
2617,5029
2617,5035
2617,5038
2617,5039
2617,5040
2617,5073
2617,5090
2617,5155
2617,5203
2617,5206
2617,5234
2617,5245
2617,5267
2617,5372
2617,5379
2617,5391
2617,5401
2617,5478
2617,5496
2617,5512
2617,5523
2617,5533
2617,5544
2617,5556
2617,5645
2617,5647
2617,5650
2617,5651
2617,5656
2617,5719
2617,5726
2617,5732
2617,5771
2617,5978
2617,6691
2617,8953
2617,9433
2617,24486
2617,27661
2617,28112
2617,36339
2617,39765
2617,41693
2617,42113
2617,47320
2617,54454
2617,54547
2617,54688
2617,56339
2617,60147
2617,60612
2617,60696
2617,60815
2617,62924
2617,68740
2617,71273
2617,83786
2617,87177
2617,91270
2617,93860
2617,119607
2617,123620
2617,130881
2617,145068
2617,150311
2617,156419
2617,163742
2617,170361
2617,443871
2617,3085017
2617,3468412
2617,4183806
2617,5281104
2617,5311048
2617,5311082
2617,5311297
2617,5381226
2617,5481350
2617,6398525
2617,6398970
2622,2637
2622,2650
2622,2656
2622,2658
2622,2662
2622,2713
2622,2720
2622,2756
2622,2764
2622,2771
2622,2786
2622,2802
2622,2803
2622,2806
2622,2812
2622,2891
2622,2895
2622,2907
2622,2909
2622,2955
2622,2978
2622,3003
2622,3016
2622,3032
2622,3062
2622,3075
2622,3121
2622,3143
2622,3148
2622,3152
2622,3154
2622,3157
2622,3161
2622,3222
2622,3255
2622,3310
2622,3324
2622,3325
2622,3345
2622,3348
2622,3365
2622,3367
2622,3385
2622,3386
2622,3405
2622,3414
2622,3440
2622,3446
2622,3454
2622,3461
2622,3463
2622,3467
2622,3476
2622,3478
2622,3488
2622,3510
2622,3516
2622,3559
2622,3639
2622,3640
2622,3648
2622,3652
2622,3657
2622,3658
2622,3661
2622,3672
2622,3676
2622,3746
2622,3749
2622,3750
2622,3780
2622,3793
2622,3869
2622,3877
2622,3878
2622,3883
2622,3929
2622,3937
2622,3954
2622,3957
2622,3958
2622,3961
2622,3962
2622,4052
2622,4053
2622,4058
2622,4091
2622,4112
2622,4158
2622,4159
2622,4168
2622,4170
2622,4171
2622,4173
2622,4192
2622,4200
2622,4205
2622,4212
2622,4236
2622,4253
2622,4259
2622,4425
2622,4473
2622,4510
2622,4513
2622,4583
2622,4585
2622,4594
2622,4595
2622,4607
2622,4609
2622,4635
2622,4666
2622,4674
2622,4679
2622,4691
2622,4812
2622,4829
2622,4834
2622,4873
2622,4889
2622,4894
2622,4900
2622,4917
2622,4927
2622,4943
2622,4946
2622,5002
2622,5029
2622,5038
2622,5039
2622,5064
2622,5073
2622,5076
2622,5095
2622,5184
2622,5203
2622,5212
2622,5234
2622,5267
2622,5291
2622,5372
2622,5379
2622,5391
2622,5394
2622,5426
2622,5453
2622,5496
2622,5512
2622,5538
2622,5544
2622,5556
2622,5645
2622,5647
2622,5650
2622,5651
2622,5656
2622,5672
2622,5732
2622,5978
2622,6691
2622,8953
2622,9433
2622,10631
2622,19090
2622,24486
2622,27661
2622,27991
2622,36339
2622,38904
2622,39765
2622,41781
2622,54374
2622,54454
2622,54688
2622,56339
2622,59708
2622,60147
2622,60831
2622,62924
2622,64147
2622,65999
2622,68740
2622,71616
2622,77999
2622,83786
2622,87177
2622,93860
2622,104865
2622,119182
2622,123620
2622,123631
2622,148211
2622,150311
2622,163742
2622,216326
2622,667490
2622,3062316
2622,3468412
2622,5281104
2622,5282044
2622,5311027
2622,5311039
2622,5311048
2622,5311297
2622,5381226
2622,6398525
2631,2650
2631,2656
2631,2658
2631,2666
2631,2764
2631,2771
2631,2786
2631,2802
2631,2806
2631,2818
2631,2891
2631,2907
2631,2909
2631,3003
2631,3016
2631,3032
2631,3062
2631,3121
2631,3222
2631,3255
2631,3325
2631,3345
2631,3365
2631,3386
2631,3405
2631,3440
2631,3446
2631,3454
2631,3467
2631,3476
2631,3559
2631,3640
2631,3661
2631,3672
2631,3715
2631,3746
2631,3877
2631,3878
2631,3883
2631,3929
2631,3937
2631,3954
2631,3958
2631,4075
2631,4091
2631,4112
2631,4159
2631,4168
2631,4171
2631,4173
2631,4189
2631,4192
2631,4205
2631,4253
2631,4259
2631,4463
2631,4485
2631,4510
2631,4583
2631,4594
2631,4595
2631,4616
2631,4635
2631,4679
2631,4691
2631,4812
2631,4834
2631,4873
2631,4894
2631,4900
2631,4943
2631,4946
2631,5039
2631,5076
2631,5234
2631,5267
2631,5372
2631,5496
2631,5651
2631,5726
2631,5732
2631,5978
2631,6691
2631,8953
2631,9433
2631,27661
2631,28112
2631,34312
2631,36811
2631,38904
2631,39765
2631,54374
2631,54454
2631,54688
2631,62924
2631,83786
2631,87177
2631,145068
2631,3468412
2631,5311297
2631,5481350
2631,6435110
2637,2646
2637,2658
2637,2764
2637,3003
2637,3062
2637,3279
2637,3325
2637,3345
2637,3365
2637,3385
2637,3440
2637,3640
2637,3672
2637,3676
2637,3826
2637,3883
2637,3958
2637,4058
2637,4168
2637,4173
2637,4253
2637,4594
2637,4595
2637,4666
2637,4873
2637,4943
2637,5039
2637,5234
2637,5372
2637,5379
2637,5651
2637,5732
2637,36339
2637,38904
2637,39765
2637,54454
2637,54688
2637,60696
2646,2656
2646,2658
2646,2662
2646,2666
2646,2678
2646,2713
2646,2756
2646,2764
2646,2771
2646,2806
2646,2812
2646,2895
2646,3016
2646,3062
2646,3075
2646,3157
2646,3255
2646,3308
2646,3325
2646,3333
2646,3345
2646,3348
2646,3365
2646,3386
2646,3405
2646,3419
2646,3440
2646,3446
2646,3463
2646,3639
2646,3640
2646,3672
2646,3883
2646,3890
2646,3928
2646,3937
2646,3957
2646,3958
2646,3962
2646,4091
2646,4107
2646,4158
2646,4159
2646,4171
2646,4259
2646,4411
2646,4485
2646,4510
2646,4513
2646,4543
2646,4583
2646,4594
2646,4634
2646,4679
2646,4691
2646,4812
2646,4873
2646,4894
2646,4900
2646,4927
2646,5002
2646,5029
2646,5039
2646,5090
2646,5203
2646,5267
2646,5544
2646,5650
2646,5656
2646,5717
2646,5732
2646,6691
2646,27661
2646,54454
2646,54688
2646,54841
2646,60147
2646,62924
2646,123620
2646,124087
2646,150311
2646,3002190
2646,5311297
2646,5487301
2646,6398970
2650,2656
2650,2658
2650,2662
2650,2678
2650,2725
2650,2764
2650,2771
2650,2786
2650,2802
2650,2803
2650,2806
2650,2907
2650,2909
2650,2955
2650,3003
2650,3016
2650,3032
2650,3062
2650,3075
2650,3121
2650,3143
2650,3157
2650,3161
2650,3222
2650,3255
2650,3310
2650,3325
2650,3345
2650,3365
2650,3367
2650,3385
2650,3386
2650,3405
2650,3414
2650,3440
2650,3446
2650,3454
2650,3467
2650,3488
2650,3510
2650,3559
2650,3640
2650,3648
2650,3657
2650,3658
2650,3661
2650,3672
2650,3676
2650,3702
2650,3746
2650,3767
2650,3780
2650,3793
2650,3823
2650,3877
2650,3883
2650,3929
2650,3937
2650,3954
2650,3958
2650,4091
2650,4112
2650,4159
2650,4168
2650,4170
2650,4171
2650,4173
2650,4189
2650,4192
2650,4200
2650,4205
2650,4212
2650,4253
2650,4259
2650,4473
2650,4485
2650,4510
2650,4583
2650,4585
2650,4594
2650,4595
2650,4603
2650,4607
2650,4634
2650,4635
2650,4666
2650,4674
2650,4679
2650,4691
2650,4812
2650,4829
2650,4834
2650,4873
2650,4889
2650,4894
2650,4900
2650,4917
2650,4927
2650,4943
2650,4946
2650,5038
2650,5039
2650,5040
2650,5073
2650,5152
2650,5155
2650,5184
2650,5203
2650,5206
2650,5234
2650,5267
2650,5372
2650,5391
2650,5394
2650,5426
2650,5496
2650,5538
2650,5544
2650,5645
2650,5647
2650,5651
2650,5732
2650,5978
2650,6691
2650,8953
2650,9433
2650,14888
2650,19090
2650,27661
2650,38904
2650,39765
2650,54374
2650,54454
2650,54688
2650,59708
2650,60612
2650,60831
2650,62924
2650,68740
2650,71616
2650,72467
2650,83786
2650,87177
2650,93860
2650,119182
2650,123631
2650,145068
2650,667490
2650,3468412
2650,5282044
2650,5311039
2650,5311048
2650,5493381
2650,6398525
2656,2658
2656,2662
2656,2666
2656,2678
2656,2713
2656,2756
2656,2764
2656,2771
2656,2786
2656,2801
2656,2802
2656,2803
2656,2806
2656,2812
2656,2818
2656,2891
2656,2895
2656,2907
2656,2909
2656,2955
2656,3003
2656,3016
2656,3032
2656,3043
2656,3062
2656,3075
2656,3108
2656,3121
2656,3143
2656,3148
2656,3152
2656,3154
2656,3157
2656,3158
2656,3161
2656,3203
2656,3222
2656,3255
2656,3279
2656,3308
2656,3310
2656,3324
2656,3325
2656,3333
2656,3339
2656,3345
2656,3348
2656,3350
2656,3355
2656,3365
2656,3367
2656,3379
2656,3385
2656,3386
2656,3403
2656,3404
2656,3405
2656,3410
2656,3414
2656,3419
2656,3440
2656,3446
2656,3449
2656,3454
2656,3461
2656,3463
2656,3467
2656,3476
2656,3478
2656,3488
2656,3510
2656,3516
2656,3559
2656,3639
2656,3640
2656,3648
2656,3652
2656,3657
2656,3658
2656,3661
2656,3672
2656,3676
2656,3696
2656,3702
2656,3715
2656,3736
2656,3741
2656,3746
2656,3749
2656,3750
2656,3767
2656,3780
2656,3793
2656,3825
2656,3826
2656,3827
2656,3877
2656,3878
2656,3883
2656,3890
2656,3899
2656,3929
2656,3937
2656,3954
2656,3957
2656,3958
2656,3961
2656,3962
2656,4034
2656,4044
2656,4052
2656,4054
2656,4058
2656,4064
2656,4075
2656,4091
2656,4112
2656,4158
2656,4159
2656,4168
2656,4170
2656,4171
2656,4173
2656,4189
2656,4192
2656,4200
2656,4205
2656,4212
2656,4253
2656,4259
2656,4264
2656,4411
2656,4419
2656,4463
2656,4485
2656,4506
2656,4509
2656,4510
2656,4539
2656,4547
2656,4583
2656,4585
2656,4594
2656,4595
2656,4603
2656,4607
2656,4609
2656,4634
2656,4635
2656,4666
2656,4674
2656,4679
2656,4691
2656,4812
2656,4829
2656,4834
2656,4856
2656,4873
2656,4889
2656,4894
2656,4900
2656,4917
2656,4927
2656,4943
2656,4946
2656,4991
2656,4999
2656,5002
2656,5005
2656,5029
2656,5038
2656,5039
2656,5040
2656,5064
2656,5073
2656,5076
2656,5077
2656,5090
2656,5095
2656,5152
2656,5155
2656,5184
2656,5203
2656,5212
2656,5215
2656,5234
2656,5245
2656,5267
2656,5291
2656,5358
2656,5372
2656,5376
2656,5379
2656,5391
2656,5394
2656,5401
2656,5402
2656,5412
2656,5426
2656,5472
2656,5496
2656,5512
2656,5514
2656,5523
2656,5533
2656,5538
2656,5544
2656,5556
2656,5578
2656,5645
2656,5647
2656,5650
2656,5651
2656,5656
2656,5672
2656,5726
2656,5732
2656,5734
2656,5735
2656,5978
2656,6691
2656,8953
2656,9052
2656,10631
2656,14888
2656,19090
2656,24486
2656,27661
2656,28112
2656,34312
2656,38904
2656,39765
2656,41317
2656,41693
2656,41774
2656,41781
2656,51263
2656,54454
2656,54547
2656,54688
2656,54841
2656,56339
2656,59708
2656,60147
2656,60184
2656,60696
2656,60754
2656,60795
2656,60831
2656,60835
2656,60843
2656,60854
2656,60953
2656,62924
2656,64147
2656,65999
2656,68740
2656,71273
2656,71616
2656,72467
2656,72938
2656,74989
2656,77999
2656,83786
2656,87177
2656,93860
2656,104741
2656,104865
2656,119607
2656,123620
2656,123631
2656,124087
2656,125889
2656,130881
2656,147912
2656,148192
2656,148211
2656,150311
2656,150610
2656,152945
2656,163742
2656,170361
2656,176870
2656,213039
2656,216326
2656,444013
2656,508230
2656,657298
2656,667490
2656,3002190
2656,3085017
2656,3468412
2656,4183806
2656,4475485
2656,5282044
2656,5311027
2656,5311039
2656,5311048
2656,5311297
2656,5329102
2656,5353980
2656,5381226
2656,5481350
2656,5487301
2656,6398525
2656,6398970
2658,2662
2658,2666
2658,2678
2658,2756
2658,2764
2658,2771
2658,2786
2658,2802
2658,2803
2658,2806
2658,2812
2658,2818
2658,2891
2658,2895
2658,2907
2658,2909
2658,3003
2658,3016
2658,3032
2658,3062
2658,3075
2658,3108
2658,3121
2658,3143
2658,3152
2658,3157
2658,3158
2658,3161
2658,3222
2658,3255
2658,3279
2658,3308
2658,3310
2658,3324
2658,3325
2658,3333
2658,3339
2658,3345
2658,3348
2658,3355
2658,3365
2658,3367
2658,3385
2658,3386
2658,3403
2658,3405
2658,3410
2658,3419
2658,3440
2658,3446
2658,3454
2658,3463
2658,3467
2658,3476
2658,3478
2658,3488
2658,3494
2658,3510
2658,3516
2658,3559
2658,3639
2658,3640
2658,3648
2658,3652
2658,3658
2658,3661
2658,3672
2658,3676
2658,3702
2658,3715
2658,3746
2658,3749
2658,3763
2658,3767
2658,3780
2658,3784
2658,3793
2658,3825
2658,3826
2658,3869
2658,3878
2658,3883
2658,3890
2658,3899
2658,3928
2658,3937
2658,3954
2658,3957
2658,3958
2658,3961
2658,3962
2658,4052
2658,4075
2658,4091
2658,4107
2658,4112
2658,4158
2658,4159
2658,4168
2658,4171
2658,4173
2658,4192
2658,4205
2658,4236
2658,4253
2658,4259
2658,4409
2658,4411
2658,4449
2658,4485
2658,4509
2658,4510
2658,4513
2658,4539
2658,4542
2658,4583
2658,4585
2658,4594
2658,4595
2658,4599
2658,4601
2658,4609
2658,4614
2658,4616
2658,4634
2658,4635
2658,4666
2658,4675
2658,4679
2658,4691
2658,4730
2658,4812
2658,4829
2658,4834
2658,4856
2658,4873
2658,4885
2658,4889
2658,4894
2658,4900
2658,4917
2658,4920
2658,4927
2658,4943
2658,4946
2658,4999
2658,5002
2658,5005
2658,5029
2658,5038
2658,5039
2658,5040
2658,5073
2658,5076
2658,5090
2658,5095
2658,5152
2658,5203
2658,5206
2658,5212
2658,5234
2658,5245
2658,5267
2658,5372
2658,5379
2658,5391
2658,5402
2658,5408
2658,5412
2658,5426
2658,5478
2658,5496
2658,5512
2658,5514
2658,5523
2658,5538
2658,5544
2658,5556
2658,5578
2658,5584
2658,5647
2658,5650
2658,5651
2658,5656
2658,5672
2658,5719
2658,5732
2658,5771
2658,5978
2658,6691
2658,8953
2658,9433
2658,10631
2658,24486
2658,27661
2658,27686
2658,32797
2658,34312
2658,36339
2658,38904
2658,39765
2658,41693
2658,41774
2658,41781
2658,47320
2658,51263
2658,54454
2658,54547
2658,54688
2658,59708
2658,60184
2658,60696
2658,60795
2658,60815
2658,60831
2658,60835
2658,60854
2658,60865
2658,62924
2658,68740
2658,71273
2658,71616
2658,72054
2658,74989
2658,77999
2658,83786
2658,87177
2658,93860
2658,110635
2658,119607
2658,123620
2658,123631
2658,124087
2658,125889
2658,145068
2658,150311
2658,154059
2658,160051
2658,163742
2658,170361
2658,216326
2658,443871
2658,667490
2658,3002190
2658,3468412
2658,4475485
2658,5281007
2658,5281104
2658,5311039
2658,5311048
2658,5311297
2658,5353980
2658,5381226
2658,5493381
2658,6398525
2658,6398970
2662,2666
2662,2676
2662,2678
2662,2712
2662,2713
2662,2719
2662,2727
2662,2732
2662,2749
2662,2756
2662,2764
2662,2771
2662,2786
2662,2801
2662,2802
2662,2803
2662,2806
2662,2812
2662,2818
2662,2891
2662,2895
2662,2907
2662,2909
2662,2955
2662,2978
2662,3003
2662,3007
2662,3016
2662,3032
2662,3042
2662,3043
2662,3059
2662,3062
2662,3075
2662,3108
2662,3121
2662,3143
2662,3148
2662,3152
2662,3154
2662,3157
2662,3158
2662,3161
2662,3203
2662,3222
2662,3249
2662,3255
2662,3261
2662,3279
2662,3305
2662,3308
2662,3310
2662,3324
2662,3325
2662,3333
2662,3339
2662,3345
2662,3348
2662,3350
2662,3355
2662,3365
2662,3367
2662,3379
2662,3382
2662,3385
2662,3386
2662,3393
2662,3397
2662,3403
2662,3404
2662,3405
2662,3410
2662,3419
2662,3440
2662,3446
2662,3449
2662,3461
2662,3463
2662,3467
2662,3476
2662,3478
2662,3488
2662,3510
2662,3516
2662,3559
2662,3637
2662,3639
2662,3640
2662,3648
2662,3652
2662,3657
2662,3658
2662,3661
2662,3672
2662,3676
2662,3690
2662,3696
2662,3702
2662,3706
2662,3715
2662,3746
2662,3749
2662,3750
2662,3767
2662,3780
2662,3784
2662,3793
2662,3823
2662,3825
2662,3826
2662,3827
2662,3869
2662,3877
2662,3878
2662,3883
2662,3890
2662,3899
2662,3902
2662,3911
2662,3929
2662,3937
2662,3954
2662,3957
2662,3958
2662,3961
2662,3962
2662,4034
2662,4044
2662,4052
2662,4053
2662,4054
2662,4058
2662,4075
2662,4091
2662,4095
2662,4107
2662,4112
2662,4138
2662,4158
2662,4159
2662,4168
2662,4170
2662,4171
2662,4173
2662,4189
2662,4195
2662,4200
2662,4201
2662,4205
2662,4212
2662,4236
2662,4253
2662,4259
2662,4264
2662,4409
2662,4411
2662,4428
2662,4440
2662,4449
2662,4485
2662,4499
2662,4506
2662,4509
2662,4510
2662,4513
2662,4536
2662,4539
2662,4543
2662,4547
2662,4583
2662,4585
2662,4594
2662,4595
2662,4599
2662,4601
2662,4603
2662,4609
2662,4614
2662,4616
2662,4634
2662,4635
2662,4666
2662,4674
2662,4679
2662,4691
2662,4740
2662,4745
2662,4748
2662,4771
2662,4812
2662,4819
2662,4829
2662,4845
2662,4856
2662,4873
2662,4885
2662,4889
2662,4893
2662,4894
2662,4900
2662,4909
2662,4911
2662,4917
2662,4920
2662,4927
2662,4943
2662,4946
2662,4991
2662,5002
2662,5005
2662,5029
2662,5035
2662,5038
2662,5039
2662,5064
2662,5073
2662,5076
2662,5077
2662,5078
2662,5090
2662,5095
2662,5152
2662,5155
2662,5184
2662,5203
2662,5210
2662,5212
2662,5215
2662,5234
2662,5245
2662,5253
2662,5267
2662,5291
2662,5352
2662,5358
2662,5372
2662,5376
2662,5379
2662,5391
2662,5394
2662,5401
2662,5402
2662,5408
2662,5412
2662,5426
2662,5454
2662,5466
2662,5472
2662,5478
2662,5487
2662,5496
2662,5512
2662,5514
2662,5523
2662,5533
2662,5538
2662,5544
2662,5556
2662,5572
2662,5578
2662,5584
2662,5596
2662,5645
2662,5647
2662,5650
2662,5651
2662,5656
2662,5672
2662,5717
2662,5719
2662,5726
2662,5731
2662,5732
2662,5734
2662,5735
2662,5978
2662,6691
2662,8953
2662,9052
2662,10631
2662,12536
2662,13342
2662,14888
2662,16231
2662,19090
2662,24011
2662,24486
2662,27661
2662,27686
2662,28112
2662,32797
2662,34312
2662,38904
2662,41317
2662,41774
2662,41781
2662,47725
2662,48175
2662,54374
2662,54454
2662,54688
2662,54841
2662,56959
2662,57469
2662,57537
2662,59708
2662,60147
2662,60164
2662,60184
2662,60198
2662,60787
2662,60795
2662,60831
2662,60835
2662,60843
2662,60852
2662,60854
2662,60865
2662,60953
2662,62924
2662,65999
2662,68740
2662,68844
2662,71329
2662,71616
2662,72054
2662,74989
2662,77993
2662,77999
2662,83786
2662,87177
2662,91270
2662,93860
2662,104741
2662,104865
2662,110634
2662,110635
2662,119607
2662,123606
2662,123620
2662,123631
2662,124087
2662,125017
2662,125889
2662,130881
2662,131536
2662,148192
2662,148211
2662,150310
2662,150311
2662,151165
2662,152945
2662,154059
2662,156419
2662,160051
2662,163742
2662,170361
2662,176870
2662,197712
2662,216239
2662,216326
2662,443871
2662,667490
2662,1349907
2662,3002190
2662,3062316
2662,3081884
2662,3085017
2662,3468412
2662,4183806
2662,4475485
2662,4479097
2662,4659568
2662,4659569
2662,5281104
2662,5282226
2662,5311027
2662,5311048
2662,5311181
2662,5311297
2662,5329102
2662,5353980
2662,5362420
2662,5381226
2662,5481350
2662,5487301
2662,5493381
2662,5493444
2662,6398525
2662,6398970
2662,6447131
2662,6918453
2662,9571074
2666,2676
2666,2678
2666,2713
2666,2733
2666,2749
2666,2756
2666,2764
2666,2771
2666,2786
2666,2802
2666,2803
2666,2806
2666,2812
2666,2818
2666,2891
2666,2895
2666,2907
2666,2909
2666,2955
2666,3003
2666,3016
2666,3032
2666,3040
2666,3042
2666,3043
2666,3062
2666,3075
2666,3108
2666,3121
2666,3143
2666,3148
2666,3152
2666,3154
2666,3157
2666,3158
2666,3161
2666,3203
2666,3222
2666,3249
2666,3255
2666,3308
2666,3324
2666,3325
2666,3333
2666,3339
2666,3345
2666,3348
2666,3350
2666,3365
2666,3367
2666,3379
2666,3382
2666,3384
2666,3385
2666,3386
2666,3393
2666,3403
2666,3404
2666,3405
2666,3410
2666,3419
2666,3440
2666,3446
2666,3454
2666,3461
2666,3463
2666,3467
2666,3476
2666,3478
2666,3488
2666,3494
2666,3510
2666,3516
2666,3559
2666,3639
2666,3640
2666,3648
2666,3652
2666,3658
2666,3672
2666,3676
2666,3696
2666,3702
2666,3715
2666,3746
2666,3749
2666,3750
2666,3767
2666,3780
2666,3793
2666,3823
2666,3825
2666,3826
2666,3827
2666,3869
2666,3877
2666,3878
2666,3883
2666,3890
2666,3899
2666,3911
2666,3928
2666,3929
2666,3937
2666,3954
2666,3957
2666,3958
2666,3961
2666,3962
2666,4034
2666,4052
2666,4054
2666,4058
2666,4075
2666,4091
2666,4095
2666,4107
2666,4112
2666,4158
2666,4159
2666,4168
2666,4170
2666,4171
2666,4173
2666,4189
2666,4200
2666,4205
2666,4236
2666,4253
2666,4259
2666,4264
2666,4409
2666,4411
2666,4419
2666,4449
2666,4463
2666,4485
2666,4499
2666,4509
2666,4510
2666,4513
2666,4536
2666,4542
2666,4543
2666,4547
2666,4583
2666,4585
2666,4594
2666,4595
2666,4599
2666,4601
2666,4603
2666,4609
2666,4614
2666,4616
2666,4634
2666,4635
2666,4645
2666,4666
2666,4674
2666,4679
2666,4691
2666,4736
2666,4740
2666,4745
2666,4771
2666,4819
2666,4829
2666,4845
2666,4856
2666,4873
2666,4885
2666,4889
2666,4894
2666,4900
2666,4917
2666,4920
2666,4927
2666,4943
2666,4946
2666,4999
2666,5002
2666,5005
2666,5029
2666,5035
2666,5038
2666,5039
2666,5040
2666,5064
2666,5073
2666,5076
2666,5077
2666,5078
2666,5090
2666,5095
2666,5152
2666,5184
2666,5203
2666,5210
2666,5212
2666,5234
2666,5245
2666,5267
2666,5291
2666,5352
2666,5358
2666,5372
2666,5376
2666,5379
2666,5391
2666,5394
2666,5401
2666,5402
2666,5408
2666,5412
2666,5426
2666,5454
2666,5478
2666,5487
2666,5496
2666,5512
2666,5514
2666,5523
2666,5533
2666,5538
2666,5544
2666,5556
2666,5572
2666,5578
2666,5647
2666,5650
2666,5651
2666,5656
2666,5719
2666,5726
2666,5731
2666,5732
2666,5735
2666,5746
2666,5771
2666,5978
2666,6691
2666,8953
2666,10631
2666,12536
2666,19090
2666,27661
2666,28112
2666,32797
2666,34312
2666,38904
2666,41781
2666,54454
2666,54547
2666,54688
2666,54841
2666,57469
2666,57537
2666,59708
2666,60147
2666,60164
2666,60184
2666,60795
2666,60831
2666,60835
2666,60852
2666,60854
2666,60865
2666,60953
2666,62924
2666,64147
2666,65999
2666,68740
2666,71329
2666,72054
2666,77999
2666,83786
2666,87177
2666,91270
2666,93860
2666,110634
2666,110635
2666,119607
2666,123606
2666,123620
2666,123631
2666,124087
2666,125889
2666,130881
2666,148192
2666,150311
2666,151165
2666,152945
2666,154059
2666,156419
2666,170361
2666,176870
2666,213039
2666,216326
2666,504578
2666,3002190
2666,3081884
2666,3085017
2666,3468412
2666,4183806
2666,4475485
2666,4659568
2666,5281007
2666,5311027
2666,5311048
2666,5311297
2666,5329102
2666,5353980
2666,5381226
2666,5487301
2666,5493381
2666,6398525
2666,6398970
2666,6447131
2673,3062
2673,3467
2673,5578
2675,2764
2675,4594
2676,2678
2676,2806
2676,2895
2676,3062
2676,3075
2676,3158
2676,3333
2676,3348
2676,3405
2676,3440
2676,3463
2676,3476
2676,3478
2676,3488
2676,3639
2676,3652
2676,3672
2676,3715
2676,3746
2676,3883
2676,3937
2676,3957
2676,3961
2676,4091
2676,4171
2676,4510
2676,4583
2676,4594
2676,4679
2676,4691
2676,4829
2676,4889
2676,4900
2676,5035
2676,5039
2676,5090
2676,5391
2676,5478
2676,5732
2676,6691
2676,27661
2676,54454
2676,62924
2676,77999
2676,123620
2676,150311
2676,4183806
2676,4475485
2676,5311297
2678,2725
2678,2749
2678,2756
2678,2764
2678,2771
2678,2786
2678,2801
2678,2802
2678,2803
2678,2806
2678,2812
2678,2818
2678,2891
2678,2895
2678,2907
2678,2909
2678,2949
2678,2955
2678,2978
2678,3003
2678,3016
2678,3032
2678,3042
2678,3043
2678,3062
2678,3075
2678,3108
2678,3121
2678,3143
2678,3148
2678,3152
2678,3154
2678,3157
2678,3158
2678,3161
2678,3203
2678,3222
2678,3249
2678,3255
2678,3308
2678,3310
2678,3324
2678,3325
2678,3333
2678,3339
2678,3345
2678,3348
2678,3350
2678,3355
2678,3365
2678,3367
2678,3381
2678,3382
2678,3385
2678,3386
2678,3393
2678,3403
2678,3404
2678,3405
2678,3410
2678,3419
2678,3440
2678,3446
2678,3449
2678,3461
2678,3463
2678,3467
2678,3476
2678,3478
2678,3488
2678,3494
2678,3510
2678,3516
2678,3559
2678,3639
2678,3640
2678,3642
2678,3648
2678,3652
2678,3657
2678,3658
2678,3661
2678,3672
2678,3676
2678,3696
2678,3702
2678,3715
2678,3746
2678,3749
2678,3750
2678,3767
2678,3780
2678,3784
2678,3793
2678,3823
2678,3825
2678,3826
2678,3827
2678,3877
2678,3878
2678,3883
2678,3890
2678,3899
2678,3902
2678,3911
2678,3928
2678,3929
2678,3937
2678,3954
2678,3957
2678,3958
2678,3961
2678,3962
2678,4034
2678,4044
2678,4052
2678,4054
2678,4058
2678,4075
2678,4091
2678,4095
2678,4107
2678,4112
2678,4158
2678,4159
2678,4168
2678,4170
2678,4171
2678,4173
2678,4178
2678,4189
2678,4201
2678,4205
2678,4212
2678,4236
2678,4253
2678,4259
2678,4264
2678,4409
2678,4411
2678,4419
2678,4449
2678,4463
2678,4485
2678,4499
2678,4506
2678,4509
2678,4510
2678,4513
2678,4536
2678,4539
2678,4542
2678,4543
2678,4547
2678,4583
2678,4585
2678,4594
2678,4595
2678,4599
2678,4601
2678,4603
2678,4609
2678,4614
2678,4616
2678,4634
2678,4635
2678,4666
2678,4674
2678,4679
2678,4691
2678,4740
2678,4748
2678,4771
2678,4812
2678,4819
2678,4828
2678,4829
2678,4845
2678,4856
2678,4873
2678,4885
2678,4889
2678,4894
2678,4900
2678,4909
2678,4911
2678,4917
2678,4920
2678,4927
2678,4943
2678,4946
2678,4991
2678,4999
2678,5002
2678,5005
2678,5029
2678,5035
2678,5038
2678,5039
2678,5040
2678,5064
2678,5073
2678,5076
2678,5078
2678,5090
2678,5095
2678,5152
2678,5155
2678,5184
2678,5203
2678,5210
2678,5212
2678,5234
2678,5245
2678,5253
2678,5267
2678,5291
2678,5352
2678,5358
2678,5372
2678,5376
2678,5379
2678,5381
2678,5391
2678,5394
2678,5401
2678,5402
2678,5408
2678,5412
2678,5426
2678,5453
2678,5466
2678,5478
2678,5487
2678,5496
2678,5512
2678,5514
2678,5523
2678,5533
2678,5538
2678,5544
2678,5556
2678,5578
2678,5584
2678,5596
2678,5645
2678,5647
2678,5650
2678,5651
2678,5656
2678,5672
2678,5717
2678,5719
2678,5726
2678,5731
2678,5732
2678,5734
2678,5735
2678,5978
2678,6691
2678,8953
2678,9052
2678,10631
2678,12536
2678,19090
2678,24011
2678,24486
2678,27661
2678,27686
2678,28112
2678,32797
2678,34312
2678,38904
2678,41774
2678,41781
2678,47725
2678,48175
2678,54374
2678,54454
2678,54547
2678,54688
2678,54808
2678,54841
2678,56959
2678,57469
2678,57537
2678,59708
2678,60147
2678,60164
2678,60184
2678,60198
2678,60795
2678,60831
2678,60835
2678,60852
2678,60854
2678,60865
2678,60953
2678,62924
2678,64147
2678,65999
2678,68740
2678,68844
2678,71329
2678,72054
2678,72938
2678,74989
2678,77992
2678,77993
2678,77999
2678,83786
2678,87177
2678,91270
2678,93860
2678,104865
2678,110634
2678,110635
2678,119607
2678,123606
2678,123620
2678,123631
2678,124087
2678,125017
2678,125889
2678,130881
2678,131536
2678,148192
2678,148211
2678,150311
2678,151165
2678,152945
2678,154059
2678,156419
2678,160051
2678,163742
2678,170361
2678,197712
2678,213039
2678,216239
2678,216326
2678,443871
2678,444033
2678,504578
2678,667490
2678,1349907
2678,3002190
2678,3062316
2678,3081884
2678,3085017
2678,3468412
2678,4183806
2678,4475485
2678,5281104
2678,5282226
2678,5311027
2678,5311048
2678,5311181
2678,5311297
2678,5329102
2678,5353980
2678,5362070
2678,5381226
2678,5481350
2678,5487301
2678,5493381
2678,5493444
2678,6398525
2678,6398970
2678,6447131
2708,2907
2708,3310
2708,3367
2708,3440
2708,3446
2708,4075
2708,4594
2708,4894
2708,4900
2708,5978
2708,6691
2708,54454
2708,83786
2712,2764
2712,2771
2712,2802
2712,2803
2712,2806
2712,2895
2712,3003
2712,3016
2712,3062
2712,3075
2712,3121
2712,3158
2712,3222
2712,3325
2712,3345
2712,3348
2712,3386
2712,3393
2712,3405
2712,3440
2712,3446
2712,3488
2712,3639
2712,3658
2712,3672
2712,3746
2712,3878
2712,3883
2712,3937
2712,3958
2712,4091
2712,4168
2712,4171
2712,4205
2712,4253
2712,4543
2712,4585
2712,4594
2712,4635
2712,4691
2712,4748
2712,4873
2712,4889
2712,4900
2712,4927
2712,4946
2712,5002
2712,5039
2712,5073
2712,5090
2712,5203
2712,5267
2712,5391
2712,5514
2712,5650
2712,5656
2712,5732
2712,54454
2712,54688
2712,60854
2712,6398525
2713,2764
2713,2771
2713,2802
2713,2806
2713,2812
2713,2895
2713,2907
2713,3003
2713,3016
2713,3032
2713,3062
2713,3121
2713,3143
2713,3157
2713,3161
2713,3222
2713,3255
2713,3310
2713,3325
2713,3345
2713,3348
2713,3350
2713,3365
2713,3385
2713,3386
2713,3405
2713,3410
2713,3440
2713,3446
2713,3454
2713,3461
2713,3467
2713,3478
2713,3488
2713,3510
2713,3639
2713,3640
2713,3658
2713,3661
2713,3672
2713,3676
2713,3746
2713,3793
2713,3826
2713,3883
2713,3911
2713,3937
2713,3957
2713,3958
2713,3962
2713,4091
2713,4159
2713,4168
2713,4171
2713,4173
2713,4189
2713,4205
2713,4236
2713,4253
2713,4259
2713,4264
2713,4409
2713,4449
2713,4510
2713,4583
2713,4594
2713,4595
2713,4609
2713,4635
2713,4666
2713,4674
2713,4679
2713,4691
2713,4829
2713,4834
2713,4873
2713,4885
2713,4894
2713,4900
2713,4917
2713,4927
2713,4943
2713,5002
2713,5038
2713,5039
2713,5064
2713,5090
2713,5095
2713,5203
2713,5234
2713,5253
2713,5267
2713,5372
2713,5391
2713,5426
2713,5514
2713,5647
2713,5651
2713,5732
2713,6691
2713,8953
2713,10631
2713,38904
2713,54454
2713,54688
2713,60147
2713,60835
2713,62924
2713,68740
2713,71616
2713,77999
2713,83786
2713,87177
2713,110635
2713,123620
2713,147912
2713,3468412
2713,4475485
2713,5311048
2713,5487301
2713,6398525
2719,2907
2719,2909
2719,3405
2719,3440
2719,3652
2719,3883
2719,3899
2719,3937
2719,4112
2719,4594
2719,4894
2719,4900
2719,5353980
2720,2771
2720,2895
2720,3003
2720,3062
2720,3075
2720,3222
2720,3325
2720,3348
2720,3365
2720,3405
2720,3440
2720,3463
2720,3640
2720,3672
2720,3746
2720,3883
2720,3929
2720,3937
2720,3958
2720,4052
2720,4159
2720,4168
2720,4173
2720,4253
2720,4583
2720,4585
2720,4594
2720,4595
2720,4679
2720,4691
2720,4829
2720,4873
2720,4900
2720,5038
2720,5039
2720,5203
2720,5212
2720,5267
2720,5372
2720,5496
2720,5651
2720,5771
2720,6691
2720,54454
2720,62924
2720,83786
2720,125889
2720,3468412
2720,5487301
2725,2907
2725,3003
2725,3032
2725,3310
2725,3325
2725,3348
2725,3365
2725,3385
2725,3440
2725,3446
2725,3672
2725,3715
2725,3750
2725,3767
2725,3883
2725,4253
2725,4585
2725,4594
2725,4595
2725,4603
2725,4666
2725,4889
2725,4894
2725,4900
2725,5029
2725,5039
2725,5076
2725,5651
2725,5732
2725,5978
2725,38904
2725,83786
2726,2764
2726,2771
2726,2802
2726,2803
2726,2806
2726,2818
2726,2895
2726,2978
2726,3003
2726,3016
2726,3032
2726,3121
2726,3152
2726,3158
2726,3261
2726,3325
2726,3339
2726,3345
2726,3365
2726,3372
2726,3385
2726,3386
2726,3393
2726,3404
2726,3405
2726,3440
2726,3446
2726,3478
2726,3494
2726,3510
2726,3559
2726,3639
2726,3640
2726,3658
2726,3672
2726,3676
2726,3696
2726,3746
2726,3767
2726,3878
2726,3883
2726,3937
2726,3957
2726,3958
2726,3961
2726,4091
2726,4168
2726,4171
2726,4173
2726,4205
2726,4253
2726,4485
2726,4506
2726,4547
2726,4583
2726,4585
2726,4594
2726,4595
2726,4599
2726,4609
2726,4635
2726,4679
2726,4691
2726,4748
2726,4829
2726,4873
2726,4889
2726,4894
2726,4900
2726,4917
2726,4927
2726,4946
2726,4999
2726,5002
2726,5005
2726,5029
2726,5038
2726,5039
2726,5064
2726,5073
2726,5090
2726,5152
2726,5203
2726,5267
2726,5372
2726,5391
2726,5514
2726,5556
2726,5650
2726,5651
2726,5656
2726,5732
2726,5735
2726,6691
2726,19090
2726,28112
2726,41693
2726,54454
2726,54688
2726,60795
2726,60835
2726,60854
2726,62924
2726,83786
2726,87177
2726,170361
2726,3085017
2726,5311048
2726,5311297
2726,6398525
2727,2806
2727,3062
2727,3157
2727,3222
2727,3325
2727,3440
2727,3478
2727,3488
2727,3639
2727,3937
2727,3957
2727,4091
2727,4171
2727,4594
2727,4946
2727,5039
2727,5090
2727,5203
2727,5212
2727,5647
2727,6691
2727,54454
2727,60147
2727,62924
2727,77999
2732,2764
2732,2771
2732,2802
2732,2806
2732,2895
2732,3032
2732,3062
2732,3075
2732,3157
2732,3222
2732,3325
2732,3333
2732,3339
2732,3345
2732,3348
2732,3350
2732,3365
2732,3386
2732,3404
2732,3405
2732,3419
2732,3440
2732,3446
2732,3476
2732,3478
2732,3488
2732,3516
2732,3639
2732,3658
2732,3672
2732,3676
2732,3696
2732,3746
2732,3749
2732,3780
2732,3883
2732,3937
2732,3957
2732,3958
2732,3961
2732,3962
2732,4052
2732,4091
2732,4112
2732,4171
2732,4236
2732,4253
2732,4485
2732,4510
2732,4585
2732,4594
2732,4635
2732,4691
2732,4829
2732,4873
2732,4889
2732,4900
2732,4911
2732,4917
2732,4946
2732,5002
2732,5005
2732,5029
2732,5035
2732,5038
2732,5039
2732,5073
2732,5090
2732,5203
2732,5212
2732,5245
2732,5267
2732,5291
2732,5372
2732,5426
2732,5472
2732,5487
2732,5512
2732,5514
2732,5523
2732,5650
2732,5656
2732,5732
2732,5735
2732,6691
2732,9052
2732,54454
2732,60831
2732,62924
2732,77999
2732,83786
2732,87177
2732,110634
2732,123620
2732,125889
2732,130881
2732,150311
2732,5311297
2733,2764
2733,2771
2733,2802
2733,2806
2733,2895
2733,3062
2733,3161
2733,3345
2733,3405
2733,3440
2733,3446
2733,3559
2733,3639
2733,3672
2733,3715
2733,3883
2733,3937
2733,3957
2733,3958
2733,4107
2733,4594
2733,4635
2733,4691
2733,4900
2733,5039
2733,5073
2733,5090
2733,5203
2733,5245
2733,5487
2733,5523
2733,5732
2733,6691
2733,10631
2733,54454
2733,60835
2733,83786
2733,170361
2749,2764
2749,2786
2749,2806
2749,2812
2749,3003
2749,3161
2749,3249
2749,3255
2749,3339
2749,3345
2749,3348
2749,3365
2749,3405
2749,3440
2749,3446
2749,3639
2749,3640
2749,3652
2749,3672
2749,3883
2749,3899
2749,3937
2749,3957
2749,3958
2749,3961
2749,4052
2749,4091
2749,4112
2749,4168
2749,4171
2749,4173
2749,4236
2749,4259
2749,4510
2749,4547
2749,4583
2749,4594
2749,4595
2749,4603
2749,4635
2749,4679
2749,4691
2749,4900
2749,4917
2749,5039
2749,5073
2749,5090
2749,5203
2749,5245
2749,5291
2749,5402
2749,5408
2749,5523
2749,5538
2749,5544
2749,5656
2749,5732
2749,6691
2749,27661
2749,32797
2749,54454
2749,54688
2749,62924
2749,83786
2749,110634
2749,119607
2749,123620
2749,152945
2749,3081884
2749,3468412
2749,5311297
2749,5353980
2756,2764
2756,2771
2756,2802
2756,2803
2756,2806
2756,2812
2756,2891
2756,2895
2756,2907
2756,2909
2756,3003
2756,3016
2756,3032
2756,3062
2756,3075
2756,3108
2756,3121
2756,3143
2756,3148
2756,3157
2756,3158
2756,3161
2756,3222
2756,3255
2756,3308
2756,3310
2756,3325
2756,3333
2756,3339
2756,3345
2756,3348
2756,3365
2756,3367
2756,3385
2756,3386
2756,3403
2756,3405
2756,3419
2756,3440
2756,3446
2756,3461
2756,3463
2756,3476
2756,3478
2756,3488
2756,3510
2756,3516
2756,3639
2756,3640
2756,3652
2756,3658
2756,3661
2756,3672
2756,3715
2756,3746
2756,3750
2756,3767
2756,3780
2756,3825
2756,3869
2756,3877
2756,3883
2756,3890
2756,3899
2756,3928
2756,3937
2756,3954
2756,3957
2756,3958
2756,3961
2756,3962
2756,4034
2756,4044
2756,4052
2756,4058
2756,4075
2756,4091
2756,4107
2756,4112
2756,4159
2756,4168
2756,4171
2756,4173
2756,4200
2756,4205
2756,4236
2756,4253
2756,4264
2756,4411
2756,4485
2756,4509
2756,4510
2756,4513
2756,4583
2756,4585
2756,4594
2756,4595
2756,4599
2756,4609
2756,4635
2756,4666
2756,4674
2756,4679
2756,4691
2756,4828
2756,4829
2756,4834
2756,4873
2756,4889
2756,4894
2756,4900
2756,4917
2756,4920
2756,4927
2756,4943
2756,4946
2756,4999
2756,5002
2756,5005
2756,5029
2756,5038
2756,5039
2756,5064
2756,5073
2756,5076
2756,5090
2756,5095
2756,5152
2756,5203
2756,5234
2756,5245
2756,5267
2756,5352
2756,5358
2756,5376
2756,5391
2756,5514
2756,5523
2756,5538
2756,5544
2756,5556
2756,5645
2756,5650
2756,5651
2756,5656
2756,5719
2756,5732
2756,6691
2756,10631
2756,19090
2756,27661
2756,38904
2756,41781
2756,54454
2756,54688
2756,60147
2756,60831
2756,60835
2756,60865
2756,62924
2756,65999
2756,68740
2756,72054
2756,77999
2756,83786
2756,87177
2756,119607
2756,123620
2756,124087
2756,125889
2756,148211
2756,150311
2756,152945
2756,154059
2756,170361
2756,3085017
2756,4475485
2756,5311048
2756,5311297
2756,5329102
2756,5353980
2756,5381226
2756,6398525
2764,2771
2764,2786
2764,2802
2764,2803
2764,2806
2764,2812
2764,2818
2764,2891
2764,2895
2764,2907
2764,2909
2764,2955
2764,2978
2764,3003
2764,3007
2764,3016
2764,3032
2764,3040
2764,3042
2764,3043
2764,3062
2764,3075
2764,3108
2764,3121
2764,3143
2764,3148
2764,3152
2764,3157
2764,3158
2764,3161
2764,3203
2764,3222
2764,3249
2764,3255
2764,3261
2764,3279
2764,3308
2764,3310
2764,3324
2764,3325
2764,3333
2764,3339
2764,3345
2764,3348
2764,3350
2764,3355
2764,3365
2764,3367
2764,3373
2764,3379
2764,3382
2764,3385
2764,3386
2764,3393
2764,3394
2764,3403
2764,3404
2764,3405
2764,3410
2764,3414
2764,3419
2764,3440
2764,3446
2764,3449
2764,3454
2764,3461
2764,3463
2764,3467
2764,3476
2764,3478
2764,3488
2764,3494
2764,3510
2764,3516
2764,3559
2764,3639
2764,3640
2764,3642
2764,3648
2764,3652
2764,3657
2764,3658
2764,3661
2764,3672
2764,3676
2764,3690
2764,3696
2764,3702
2764,3706
2764,3715
2764,3746
2764,3749
2764,3750
2764,3767
2764,3780
2764,3793
2764,3821
2764,3823
2764,3825
2764,3826
2764,3869
2764,3877
2764,3878
2764,3883
2764,3890
2764,3899
2764,3902
2764,3911
2764,3928
2764,3929
2764,3937
2764,3954
2764,3957
2764,3958
2764,3961
2764,3962
2764,4034
2764,4044
2764,4046
2764,4052
2764,4053
2764,4054
2764,4058
2764,4075
2764,4091
2764,4095
2764,4107
2764,4112
2764,4158
2764,4159
2764,4168
2764,4170
2764,4171
2764,4173
2764,4189
2764,4192
2764,4200
2764,4201
2764,4205
2764,4212
2764,4236
2764,4253
2764,4259
2764,4264
2764,4409
2764,4411
2764,4440
2764,4449
2764,4463
2764,4473
2764,4485
2764,4506
2764,4509
2764,4510
2764,4513
2764,4539
2764,4542
2764,4543
2764,4547
2764,4583
2764,4585
2764,4594
2764,4595
2764,4599
2764,4601
2764,4603
2764,4607
2764,4609
2764,4614
2764,4616
2764,4634
2764,4635
2764,4645
2764,4666
2764,4674
2764,4679
2764,4691
2764,4730
2764,4740
2764,4745
2764,4771
2764,4812
2764,4819
2764,4828
2764,4829
2764,4834
2764,4845
2764,4856
2764,4873
2764,4885
2764,4889
2764,4894
2764,4900
2764,4909
2764,4911
2764,4917
2764,4920
2764,4927
2764,4943
2764,4946
2764,5002
2764,5005
2764,5029
2764,5035
2764,5038
2764,5039
2764,5040
2764,5064
2764,5073
2764,5076
2764,5077
2764,5078
2764,5090
2764,5095
2764,5152
2764,5155
2764,5184
2764,5203
2764,5210
2764,5212
2764,5234
2764,5245
2764,5253
2764,5267
2764,5291
2764,5297
2764,5352
2764,5358
2764,5372
2764,5376
2764,5379
2764,5391
2764,5394
2764,5401
2764,5402
2764,5408
2764,5412
2764,5426
2764,5453
2764,5454
2764,5472
2764,5478
2764,5487
2764,5496
2764,5512
2764,5514
2764,5523
2764,5533
2764,5538
2764,5544
2764,5556
2764,5578
2764,5593
2764,5596
2764,5645
2764,5647
2764,5650
2764,5651
2764,5656
2764,5672
2764,5717
2764,5719
2764,5726
2764,5731
2764,5732
2764,5735
2764,5746
2764,5978
2764,6691
2764,8953
2764,9052
2764,9433
2764,10631
2764,14888
2764,16231
2764,19090
2764,24486
2764,27661
2764,28112
2764,32797
2764,34312
2764,36339
2764,36811
2764,38904
2764,39765
2764,41693
2764,41774
2764,41781
2764,47725
2764,51263
2764,54374
2764,54454
2764,54547
2764,54688
2764,54786
2764,54808
2764,59708
2764,60147
2764,60164
2764,60184
2764,60198
2764,60612
2764,60696
2764,60754
2764,60787
2764,60795
2764,60831
2764,60835
2764,60843
2764,60852
2764,60854
2764,60865
2764,60953
2764,62924
2764,64147
2764,65999
2764,68740
2764,71329
2764,71616
2764,72054
2764,72467
2764,72938
2764,74989
2764,77999
2764,83786
2764,87177
2764,91270
2764,93860
2764,104741
2764,104865
2764,110634
2764,110635
2764,119182
2764,119607
2764,123620
2764,123631
2764,124087
2764,125017
2764,125889
2764,130881
2764,147912
2764,148192
2764,148211
2764,150311
2764,150610
2764,151165
2764,152945
2764,154059
2764,163742
2764,170361
2764,176168
2764,176870
2764,197712
2764,213039
2764,216239
2764,216326
2764,443871
2764,504578
2764,508230
2764,667490
2764,1349907
2764,3002190
2764,3062316
2764,3081884
2764,3085017
2764,3468412
2764,4183806
2764,4475485
2764,4659568
2764,5281007
2764,5281104
2764,5282044
2764,5282226
2764,5311027
2764,5311039
2764,5311048
2764,5311297
2764,5329102
2764,5353980
2764,5381226
2764,5481350
2764,5487301
2764,5493381
2764,6398525
2764,6398970
2764,6436173
2764,6447131
2771,2786
2771,2801
2771,2802
2771,2803
2771,2806
2771,2812
2771,2818
2771,2891
2771,2895
2771,2907
2771,2909
2771,2949
2771,2951
2771,2955
2771,2978
2771,3003
2771,3007
2771,3016
2771,3032
2771,3042
2771,3043
2771,3062
2771,3066
2771,3075
2771,3108
2771,3114
2771,3121
2771,3143
2771,3148
2771,3152
2771,3154
2771,3157
2771,3158
2771,3161
2771,3168
2771,3203
2771,3222
2771,3249
2771,3255
2771,3261
2771,3279
2771,3305
2771,3308
2771,3310
2771,3324
2771,3325
2771,3333
2771,3339
2771,3345
2771,3348
2771,3350
2771,3355
2771,3365
2771,3367
2771,3372
2771,3379
2771,3381
2771,3382
2771,3385
2771,3386
2771,3393
2771,3403
2771,3404
2771,3405
2771,3410
2771,3419
2771,3440
2771,3446
2771,3449
2771,3454
2771,3461
2771,3463
2771,3467
2771,3476
2771,3478
2771,3488
2771,3494
2771,3510
2771,3516
2771,3559
2771,3637
2771,3639
2771,3640
2771,3648
2771,3652
2771,3657
2771,3658
2771,3661
2771,3672
2771,3675
2771,3676
2771,3690
2771,3696
2771,3702
2771,3715
2771,3736
2771,3746
2771,3749
2771,3750
2771,3763
2771,3767
2771,3780
2771,3784
2771,3793
2771,3823
2771,3825
2771,3826
2771,3869
2771,3877
2771,3878
2771,3883
2771,3890
2771,3899
2771,3902
2771,3911
2771,3929
2771,3937
2771,3954
2771,3957
2771,3958
2771,3961
2771,3962
2771,3964
2771,4034
2771,4046
2771,4052
2771,4054
2771,4058
2771,4064
2771,4075
2771,4091
2771,4095
2771,4107
2771,4112
2771,4138
2771,4158
2771,4159
2771,4168
2771,4170
2771,4171
2771,4173
2771,4189
2771,4192
2771,4195
2771,4200
2771,4201
2771,4205
2771,4212
2771,4236
2771,4253
2771,4259
2771,4264
2771,4409
2771,4411
2771,4419
2771,4425
2771,4428
2771,4440
2771,4449
2771,4451
2771,4463
2771,4473
2771,4485
2771,4497
2771,4499
2771,4506
2771,4509
2771,4510
2771,4513
2771,4536
2771,4539
2771,4542
2771,4543
2771,4547
2771,4583
2771,4585
2771,4594
2771,4595
2771,4599
2771,4601
2771,4603
2771,4609
2771,4614
2771,4616
2771,4634
2771,4635
2771,4666
2771,4674
2771,4679
2771,4691
2771,4723
2771,4730
2771,4740
2771,4745
2771,4748
2771,4771
2771,4812
2771,4819
2771,4828
2771,4829
2771,4845
2771,4856
2771,4873
2771,4885
2771,4889
2771,4893
2771,4894
2771,4900
2771,4909
2771,4911
2771,4917
2771,4920
2771,4927
2771,4932
2771,4943
2771,4946
2771,4991
2771,4999
2771,5002
2771,5005
2771,5029
2771,5035
2771,5038
2771,5039
2771,5040
2771,5064
2771,5070
2771,5073
2771,5076
2771,5077
2771,5078
2771,5090
2771,5095
2771,5152
2771,5155
2771,5184
2771,5195
2771,5203
2771,5206
2771,5210
2771,5212
2771,5215
2771,5234
2771,5245
2771,5253
2771,5267
2771,5291
2771,5352
2771,5358
2771,5372
2771,5376
2771,5379
2771,5381
2771,5391
2771,5394
2771,5401
2771,5402
2771,5408
2771,5412
2771,5426
2771,5454
2771,5466
2771,5472
2771,5478
2771,5487
2771,5496
2771,5512
2771,5514
2771,5523
2771,5525
2771,5533
2771,5538
2771,5544
2771,5556
2771,5572
2771,5578
2771,5584
2771,5596
2771,5645
2771,5647
2771,5650
2771,5651
2771,5656
2771,5672
2771,5717
2771,5719
2771,5726
2771,5731
2771,5732
2771,5734
2771,5735
2771,5771
2771,5878
2771,5978
2771,6691
2771,8953
2771,9052
2771,9433
2771,10631
2771,12536
2771,14888
2771,16231
2771,19090
2771,24011
2771,24486
2771,27661
2771,27686
2771,27991
2771,28112
2771,32797
2771,34312
2771,36339
2771,38904
2771,39765
2771,39860
2771,40976
2771,41317
2771,41693
2771,41774
2771,41781
2771,47320
2771,47725
2771,54374
2771,54454
2771,54547
2771,54688
2771,54786
2771,54808
2771,54841
2771,56339
2771,56959
2771,57469
2771,57537
2771,59708
2771,60147
2771,60184
2771,60198
2771,60696
2771,60754
2771,60787
2771,60795
2771,60831
2771,60835
2771,60843
2771,60852
2771,60854
2771,60865
2771,60877
2771,60953
2771,62924
2771,64147
2771,65027
2771,65999
2771,68740
2771,68844
2771,71158
2771,71329
2771,71616
2771,72054
2771,74989
2771,77992
2771,77993
2771,77999
2771,83786
2771,87177
2771,91270
2771,93860
2771,104741
2771,104865
2771,110634
2771,110635
2771,115237
2771,119182
2771,119607
2771,122316
2771,123606
2771,123620
2771,123631
2771,124087
2771,125017
2771,125889
2771,130881
2771,131536
2771,148192
2771,148211
2771,150310
2771,150311
2771,150610
2771,151165
2771,152945
2771,154059
2771,156419
2771,160051
2771,163742
2771,170361
2771,176168
2771,176870
2771,197712
2771,213039
2771,216239
2771,216326
2771,443871
2771,444013
2771,444033
2771,504578
2771,508230
2771,657298
2771,667490
2771,1349907
2771,3002190
2771,3062316
2771,3081884
2771,3085017
2771,3468412
2771,4183806
2771,4475485
2771,4479097
2771,4659568
2771,5281007
2771,5281104
2771,5282226
2771,5311027
2771,5311039
2771,5311048
2771,5311181
2771,5311297
2771,5329102
2771,5353980
2771,5362070
2771,5381226
2771,5481350
2771,5487301
2771,5493381
2771,5493444
2771,6398525
2771,6398970
2771,6447131
2771,9571074
2786,2802
2786,2803
2786,2806
2786,2812
2786,2818
2786,2891
2786,2895
2786,2907
2786,2909
2786,2955
2786,3003
2786,3016
2786,3032
2786,3043
2786,3062
2786,3075
2786,3121
2786,3143
2786,3157
2786,3161
2786,3203
2786,3222
2786,3255
2786,3279
2786,3308
2786,3324
2786,3325
2786,3333
2786,3339
2786,3345
2786,3348
2786,3365
2786,3382
2786,3385
2786,3386
2786,3405
2786,3419
2786,3440
2786,3446
2786,3454
2786,3461
2786,3463
2786,3467
2786,3476
2786,3478
2786,3488
2786,3510
2786,3516
2786,3559
2786,3639
2786,3640
2786,3648
2786,3652
2786,3658
2786,3672
2786,3676
2786,3706
2786,3715
2786,3746
2786,3749
2786,3750
2786,3763
2786,3793
2786,3823
2786,3825
2786,3826
2786,3869
2786,3877
2786,3878
2786,3883
2786,3890
2786,3899
2786,3902
2786,3929
2786,3937
2786,3954
2786,3957
2786,3958
2786,3961
2786,3962
2786,4034
2786,4044
2786,4052
2786,4058
2786,4091
2786,4107
2786,4112
2786,4159
2786,4168
2786,4170
2786,4171
2786,4173
2786,4189
2786,4192
2786,4200
2786,4205
2786,4236
2786,4253
2786,4259
2786,4409
2786,4449
2786,4485
2786,4499
2786,4509
2786,4510
2786,4543
2786,4547
2786,4583
2786,4585
2786,4594
2786,4595
2786,4609
2786,4616
2786,4635
2786,4666
2786,4674
2786,4679
2786,4691
2786,4834
2786,4873
2786,4889
2786,4894
2786,4900
2786,4917
2786,4927
2786,4943
2786,4946
2786,4993
2786,5002
2786,5005
2786,5029
2786,5035
2786,5038
2786,5039
2786,5040
2786,5073
2786,5076
2786,5078
2786,5090
2786,5152
2786,5155
2786,5203
2786,5212
2786,5215
2786,5234
2786,5245
2786,5267
2786,5358
2786,5372
2786,5376
2786,5379
2786,5381
2786,5391
2786,5401
2786,5412
2786,5426
2786,5487
2786,5496
2786,5512
2786,5514
2786,5523
2786,5533
2786,5538
2786,5544
2786,5572
2786,5645
2786,5647
2786,5650
2786,5651
2786,5656
2786,5672
2786,5726
2786,5731
2786,5732
2786,5978
2786,6691
2786,8953
2786,10631
2786,14888
2786,19090
2786,27661
2786,28112
2786,32797
2786,36339
2786,38904
2786,39765
2786,41693
2786,41781
2786,54454
2786,54688
2786,59708
2786,60147
2786,60164
2786,60696
2786,60795
2786,60831
2786,60835
2786,60843
2786,60953
2786,62924
2786,68740
2786,71329
2786,71616
2786,77999
2786,83786
2786,87177
2786,119607
2786,123620
2786,123631
2786,124087
2786,125889
2786,148192
2786,150311
2786,150610
2786,176870
2786,3468412
2786,4475485
2786,5311039
2786,5311048
2786,5311297
2786,5381226
2786,5481350
2786,6398525
2786,6447131
2800,3032
2800,3386
2800,3440
2800,3672
2800,3878
2800,3902
2800,4091
2800,4594
2800,4691
2800,4894
2800,4920
2800,5358
2800,5408
2800,5538
2800,5656
2800,5735
2800,6691
2800,10631
2800,54688
2800,60795
2800,62924
2800,150311
2801,2802
2801,2806
2801,2818
2801,2891
2801,2907
2801,2909
2801,3003
2801,3016
2801,3032
2801,3062
2801,3066
2801,3121
2801,3143
2801,3152
2801,3325
2801,3333
2801,3339
2801,3345
2801,3348
2801,3350
2801,3367
2801,3385
2801,3386
2801,3404
2801,3440
2801,3446
2801,3461
2801,3476
2801,3488
2801,3559
2801,3639
2801,3658
2801,3672
2801,3696
2801,3746
2801,3825
2801,3878
2801,3883
2801,3899
2801,3914
2801,3937
2801,3954
2801,3958
2801,3961
2801,4054
2801,4091
2801,4112
2801,4158
2801,4171
2801,4173
2801,4205
2801,4236
2801,4253
2801,4506
2801,4510
2801,4543
2801,4583
2801,4585
2801,4594
2801,4595
2801,4616
2801,4634
2801,4635
2801,4666
2801,4679
2801,4691
2801,4829
2801,4873
2801,4889
2801,4894
2801,4900
2801,4927
2801,4946
2801,4999
2801,5002
2801,5029
2801,5038
2801,5039
2801,5073
2801,5090
2801,5095
2801,5203
2801,5212
2801,5291
2801,5372
2801,5376
2801,5454
2801,5523
2801,5556
2801,5572
2801,5650
2801,5651
2801,5656
2801,5732
2801,5978
2801,6691
2801,28112
2801,32797
2801,34312
2801,54454
2801,54841
2801,60184
2801,60795
2801,60854
2801,65999
2801,68740
2801,83786
2801,87177
2801,123620
2801,123631
2801,124087
2801,125889
2801,4475485
2801,4659568
2802,2803
2802,2806
2802,2812
2802,2818
2802,2891
2802,2895
2802,2907
2802,2909
2802,2951
2802,2955
2802,2978
2802,2995
2802,3003
2802,3007
2802,3016
2802,3032
2802,3042
2802,3043
2802,3062
2802,3066
2802,3075
2802,3108
2802,3121
2802,3143
2802,3152
2802,3154
2802,3157
2802,3158
2802,3161
2802,3168
2802,3203
2802,3222
2802,3249
2802,3255
2802,3261
2802,3279
2802,3291
2802,3308
2802,3310
2802,3324
2802,3325
2802,3333
2802,3339
2802,3345
2802,3348
2802,3350
2802,3355
2802,3365
2802,3367
2802,3372
2802,3373
2802,3379
2802,3381
2802,3382
2802,3385
2802,3386
2802,3393
2802,3394
2802,3403
2802,3404
2802,3405
2802,3410
2802,3419
2802,3440
2802,3446
2802,3449
2802,3454
2802,3461
2802,3463
2802,3467
2802,3476
2802,3478
2802,3488
2802,3510
2802,3516
2802,3559
2802,3639
2802,3640
2802,3648
2802,3652
2802,3658
2802,3661
2802,3672
2802,3675
2802,3676
2802,3690
2802,3696
2802,3702
2802,3715
2802,3746
2802,3749
2802,3750
2802,3763
2802,3780
2802,3784
2802,3793
2802,3823
2802,3825
2802,3826
2802,3869
2802,3877
2802,3878
2802,3883
2802,3890
2802,3899
2802,3902
2802,3911
2802,3914
2802,3929
2802,3937
2802,3954
2802,3957
2802,3958
2802,3961
2802,3962
2802,3964
2802,4034
2802,4052
2802,4053
2802,4054
2802,4058
2802,4064
2802,4075
2802,4091
2802,4095
2802,4107
2802,4112
2802,4158
2802,4159
2802,4168
2802,4170
2802,4171
2802,4173
2802,4178
2802,4192
2802,4200
2802,4205
2802,4212
2802,4236
2802,4253
2802,4259
2802,4264
2802,4409
2802,4411
2802,4428
2802,4440
2802,4449
2802,4451
2802,4463
2802,4473
2802,4485
2802,4506
2802,4509
2802,4510
2802,4513
2802,4539
2802,4542
2802,4543
2802,4547
2802,4583
2802,4585
2802,4594
2802,4595
2802,4599
2802,4601
2802,4603
2802,4609
2802,4614
2802,4616
2802,4634
2802,4635
2802,4666
2802,4674
2802,4679
2802,4691
2802,4723
2802,4740
2802,4745
2802,4748
2802,4771
2802,4812
2802,4819
2802,4829
2802,4845
2802,4856
2802,4873
2802,4885
2802,4889
2802,4894
2802,4900
2802,4909
2802,4917
2802,4920
2802,4927
2802,4943
2802,4946
2802,4999
2802,5002
2802,5005
2802,5029
2802,5035
2802,5038
2802,5039
2802,5040
2802,5064
2802,5073
2802,5076
2802,5077
2802,5078
2802,5090
2802,5095
2802,5152
2802,5155
2802,5184
2802,5195
2802,5203
2802,5206
2802,5210
2802,5212
2802,5215
2802,5234
2802,5245
2802,5253
2802,5267
2802,5291
2802,5352
2802,5358
2802,5372
2802,5376
2802,5379
2802,5391
2802,5394
2802,5401
2802,5402
2802,5408
2802,5412
2802,5426
2802,5453
2802,5454
2802,5466
2802,5472
2802,5478
2802,5487
2802,5496
2802,5512
2802,5514
2802,5523
2802,5525
2802,5530
2802,5533
2802,5538
2802,5544
2802,5556
2802,5572
2802,5578
2802,5584
2802,5596
2802,5645
2802,5647
2802,5650
2802,5651
2802,5656
2802,5672
2802,5717
2802,5719
2802,5726
2802,5731
2802,5732
2802,5734
2802,5735
2802,5878
2802,5978
2802,6691
2802,8953
2802,9052
2802,10631
2802,16231
2802,19090
2802,24011
2802,24486
2802,27661
2802,27686
2802,27991
2802,28112
2802,32797
2802,34312
2802,38904
2802,41317
2802,41774
2802,41781
2802,51634
2802,54374
2802,54454
2802,54547
2802,54688
2802,54841
2802,56339
2802,56959
2802,57537
2802,59708
2802,60147
2802,60164
2802,60184
2802,60198
2802,60754
2802,60787
2802,60795
2802,60831
2802,60835
2802,60852
2802,60854
2802,60865
2802,60953
2802,62924
2802,65027
2802,65999
2802,68740
2802,71329
2802,71616
2802,72054
2802,74989
2802,77993
2802,77999
2802,83786
2802,87177
2802,93860
2802,104741
2802,104865
2802,110634
2802,110635
2802,115237
2802,119607
2802,122316
2802,123620
2802,123631
2802,124087
2802,125017
2802,125889
2802,130881
2802,147912
2802,148192
2802,148211
2802,150311
2802,152945
2802,154059
2802,156419
2802,160051
2802,170361
2802,176168
2802,176870
2802,197712
2802,213039
2802,216239
2802,216326
2802,443871
2802,1349907
2802,3002190
2802,3062316
2802,3081884
2802,3085017
2802,3468412
2802,4183806
2802,4475485
2802,4479097
2802,4659568
2802,5281104
2802,5282226
2802,5311027
2802,5311039
2802,5311048
2802,5311297
2802,5329102
2802,5353980
2802,5381226
2802,5481350
2802,5487301
2802,6398525
2802,6447131
2803,2806
2803,2812
2803,2818
2803,2891
2803,2895
2803,2907
2803,2909
2803,2955
2803,2978
2803,3003
2803,3007
2803,3016
2803,3032
2803,3042
2803,3062
2803,3075
2803,3108
2803,3121
2803,3143
2803,3148
2803,3152
2803,3154
2803,3157
2803,3158
2803,3161
2803,3168
2803,3203
2803,3222
2803,3249
2803,3255
2803,3308
2803,3310
2803,3324
2803,3325
2803,3333
2803,3339
2803,3345
2803,3348
2803,3350
2803,3365
2803,3367
2803,3382
2803,3385
2803,3386
2803,3394
2803,3403
2803,3404
2803,3405
2803,3410
2803,3419
2803,3440
2803,3446
2803,3449
2803,3454
2803,3461
2803,3463
2803,3467
2803,3476
2803,3478
2803,3488
2803,3510
2803,3516
2803,3559
2803,3637
2803,3639
2803,3640
2803,3648
2803,3652
2803,3657
2803,3658
2803,3661
2803,3672
2803,3676
2803,3696
2803,3702
2803,3715
2803,3736
2803,3746
2803,3749
2803,3763
2803,3780
2803,3784
2803,3793
2803,3825
2803,3826
2803,3869
2803,3877
2803,3878
2803,3883
2803,3890
2803,3899
2803,3902
2803,3911
2803,3929
2803,3937
2803,3954
2803,3957
2803,3958
2803,3961
2803,3962
2803,4034
2803,4052
2803,4054
2803,4058
2803,4064
2803,4075
2803,4091
2803,4095
2803,4107
2803,4112
2803,4138
2803,4158
2803,4159
2803,4168
2803,4170
2803,4171
2803,4173
2803,4189
2803,4192
2803,4201
2803,4205
2803,4212
2803,4236
2803,4253
2803,4259
2803,4409
2803,4411
2803,4449
2803,4485
2803,4499
2803,4509
2803,4510
2803,4513
2803,4543
2803,4547
2803,4583
2803,4585
2803,4594
2803,4595
2803,4599
2803,4609
2803,4614
2803,4616
2803,4634
2803,4635
2803,4666
2803,4674
2803,4679
2803,4691
2803,4740
2803,4748
2803,4771
2803,4812
2803,4828
2803,4829
2803,4845
2803,4856
2803,4873
2803,4885
2803,4889
2803,4894
2803,4900
2803,4909
2803,4911
2803,4917
2803,4920
2803,4927
2803,4943
2803,4946
2803,4999
2803,5002
2803,5005
2803,5029
2803,5035
2803,5038
2803,5039
2803,5040
2803,5064
2803,5073
2803,5077
2803,5078
2803,5090
2803,5095
2803,5152
2803,5203
2803,5206
2803,5212
2803,5234
2803,5245
2803,5253
2803,5267
2803,5291
2803,5352
2803,5358
2803,5372
2803,5376
2803,5379
2803,5391
2803,5401
2803,5408
2803,5412
2803,5426
2803,5466
2803,5472
2803,5478
2803,5487
2803,5496
2803,5512
2803,5514
2803,5523
2803,5533
2803,5544
2803,5556
2803,5572
2803,5596
2803,5645
2803,5647
2803,5650
2803,5651
2803,5656
2803,5717
2803,5719
2803,5726
2803,5732
2803,5734
2803,5735
2803,5978
2803,6691
2803,8953
2803,10631
2803,19090
2803,24486
2803,27661
2803,27991
2803,28112
2803,34312
2803,36339
2803,38904
2803,41693
2803,41781
2803,47320
2803,47725
2803,54374
2803,54454
2803,54688
2803,54841
2803,56339
2803,59708
2803,60147
2803,60184
2803,60198
2803,60696
2803,60754
2803,60795
2803,60831
2803,60835
2803,60852
2803,60854
2803,60865
2803,60877
2803,60953
2803,62924
2803,64147
2803,65999
2803,68740
2803,71158
2803,71273
2803,71329
2803,71616
2803,72054
2803,77999
2803,83786
2803,87177
2803,91270
2803,93860
2803,104865
2803,110634
2803,110635
2803,119607
2803,123620
2803,124087
2803,125017
2803,125889
2803,130881
2803,148192
2803,148211
2803,150310
2803,150311
2803,152945
2803,154059
2803,156419
2803,160051
2803,163742
2803,170361
2803,176168
2803,176870
2803,197712
2803,216239
2803,216326
2803,443871
2803,444013
2803,508230
2803,1349907
2803,3002190
2803,3085017
2803,3468412
2803,4183806
2803,4475485
2803,5281104
2803,5282226
2803,5311027
2803,5311048
2803,5311082
2803,5311181
2803,5311297
2803,5329102
2803,5353980
2803,5381226
2803,5481350
2803,5487301
2803,5493444
2803,6398525
2806,2812
2806,2818
2806,2891
2806,2895
2806,2907
2806,2909
2806,2949
2806,2951
2806,2955
2806,2973
2806,2978
2806,3003
2806,3016
2806,3032
2806,3040
2806,3042
2806,3043
2806,3059
2806,3062
2806,3075
2806,3108
2806,3121
2806,3143
2806,3148
2806,3152
2806,3154
2806,3157
2806,3158
2806,3161
2806,3168
2806,3198
2806,3203
2806,3222
2806,3249
2806,3255
2806,3261
2806,3279
2806,3305
2806,3308
2806,3310
2806,3324
2806,3325
2806,3333
2806,3339
2806,3345
2806,3348
2806,3350
2806,3355
2806,3365
2806,3367
2806,3379
2806,3382
2806,3385
2806,3386
2806,3393
2806,3394
2806,3397
2806,3403
2806,3404
2806,3405
2806,3410
2806,3419
2806,3440
2806,3446
2806,3449
2806,3461
2806,3463
2806,3467
2806,3476
2806,3478
2806,3488
2806,3494
2806,3510
2806,3516
2806,3559
2806,3637
2806,3639
2806,3640
2806,3648
2806,3652
2806,3657
2806,3658
2806,3661
2806,3672
2806,3676
2806,3690
2806,3696
2806,3702
2806,3715
2806,3724
2806,3730
2806,3734
2806,3736
2806,3741
2806,3746
2806,3749
2806,3750
2806,3767
2806,3780
2806,3784
2806,3793
2806,3823
2806,3825
2806,3826
2806,3827
2806,3869
2806,3877
2806,3878
2806,3883
2806,3890
2806,3899
2806,3902
2806,3911
2806,3914
2806,3929
2806,3937
2806,3954
2806,3957
2806,3958
2806,3961
2806,3962
2806,4034
2806,4044
2806,4052
2806,4053
2806,4054
2806,4058
2806,4064
2806,4075
2806,4091
2806,4095
2806,4107
2806,4112
2806,4138
2806,4158
2806,4159
2806,4168
2806,4170
2806,4171
2806,4173
2806,4178
2806,4189
2806,4192
2806,4195
2806,4200
2806,4201
2806,4205
2806,4212
2806,4236
2806,4253
2806,4259
2806,4264
2806,4409
2806,4411
2806,4425
2806,4449
2806,4463
2806,4473
2806,4485
2806,4497
2806,4499
2806,4506
2806,4509
2806,4510
2806,4513
2806,4539
2806,4543
2806,4547
2806,4583
2806,4585
2806,4594
2806,4595
2806,4599
2806,4601
2806,4603
2806,4609
2806,4614
2806,4616
2806,4634
2806,4635
2806,4666
2806,4674
2806,4679
2806,4691
2806,4730
2806,4740
2806,4745
2806,4748
2806,4812
2806,4819
2806,4828
2806,4829
2806,4834
2806,4845
2806,4856
2806,4873
2806,4885
2806,4889
2806,4893
2806,4894
2806,4900
2806,4909
2806,4911
2806,4917
2806,4920
2806,4927
2806,4932
2806,4943
2806,4946
2806,4991
2806,5002
2806,5005
2806,5029
2806,5035
2806,5038
2806,5039
2806,5040
2806,5064
2806,5073
2806,5076
2806,5077
2806,5078
2806,5090
2806,5095
2806,5152
2806,5155
2806,5184
2806,5195
2806,5203
2806,5206
2806,5210
2806,5212
2806,5234
2806,5245
2806,5253
2806,5267
2806,5291
2806,5352
2806,5358
2806,5372
2806,5376
2806,5379
2806,5391
2806,5401
2806,5402
2806,5408
2806,5412
2806,5426
2806,5454
2806,5466
2806,5472
2806,5478
2806,5486
2806,5487
2806,5496
2806,5505
2806,5512
2806,5514
2806,5523
2806,5525
2806,5533
2806,5538
2806,5544
2806,5556
2806,5572
2806,5578
2806,5596
2806,5645
2806,5647
2806,5650
2806,5651
2806,5656
2806,5672
2806,5717
2806,5719
2806,5726
2806,5731
2806,5732
2806,5734
2806,5735
2806,5878
2806,5978
2806,6691
2806,8953
2806,9052
2806,9433
2806,10631
2806,12536
2806,14888
2806,16231
2806,19090
2806,24011
2806,24486
2806,27661
2806,27686
2806,28112
2806,32797
2806,34312
2806,36339
2806,38904
2806,39765
2806,41317
2806,41693
2806,41774
2806,41781
2806,47320
2806,47725
2806,54374
2806,54454
2806,54547
2806,54688
2806,54786
2806,54808
2806,54841
2806,56339
2806,56959
2806,57469
2806,57537
2806,59708
2806,60147
2806,60164
2806,60184
2806,60198
2806,60696
2806,60754
2806,60795
2806,60831
2806,60835
2806,60843
2806,60852
2806,60854
2806,60865
2806,60877
2806,60953
2806,62924
2806,64147
2806,65999
2806,68740
2806,68844
2806,71329
2806,71616
2806,72054
2806,77993
2806,77999
2806,83786
2806,87177
2806,91270
2806,93860
2806,104865
2806,110634
2806,110635
2806,119607
2806,122316
2806,123620
2806,123631
2806,124087
2806,125017
2806,125889
2806,130881
2806,131536
2806,148192
2806,148211
2806,150310
2806,150311
2806,150610
2806,151165
2806,152945
2806,153941
2806,154059
2806,156419
2806,160051
2806,163742
2806,170361
2806,176168
2806,176870
2806,197712
2806,213039
2806,216239
2806,216326
2806,443871
2806,444013
2806,504578
2806,508230
2806,657298
2806,667490
2806,1349907
2806,3002190
2806,3062316
2806,3085017
2806,3468412
2806,4183806
2806,4475485
2806,4479097
2806,4659568
2806,5281104
2806,5282044
2806,5282226
2806,5311027
2806,5311048
2806,5311082
2806,5311181
2806,5311297
2806,5329102
2806,5353980
2806,5362070
2806,5362420
2806,5381226
2806,5481350
2806,5487301
2806,5493381
2806,5493444
2806,6398525
2806,6398970
2806,6447131
2812,2818
2812,2891
2812,2895
2812,2907
2812,2909
2812,2955
2812,2978
2812,3003
2812,3016
2812,3032
2812,3042
2812,3062
2812,3075
2812,3121
2812,3143
2812,3148
2812,3152
2812,3157
2812,3158
2812,3161
2812,3198
2812,3203
2812,3222
2812,3249
2812,3255
2812,3308
2812,3310
2812,3324
2812,3325
2812,3333
2812,3339
2812,3345
2812,3348
2812,3350
2812,3365
2812,3367
2812,3379
2812,3382
2812,3385
2812,3386
2812,3405
2812,3410
2812,3419
2812,3440
2812,3446
2812,3454
2812,3463
2812,3467
2812,3476
2812,3478
2812,3488
2812,3510
2812,3516
2812,3559
2812,3639
2812,3640
2812,3648
2812,3652
2812,3658
2812,3672
2812,3676
2812,3715
2812,3736
2812,3746
2812,3749
2812,3780
2812,3793
2812,3823
2812,3826
2812,3869
2812,3877
2812,3878
2812,3883
2812,3890
2812,3899
2812,3928
2812,3929
2812,3937
2812,3954
2812,3957
2812,3958
2812,3961
2812,3962
2812,4034
2812,4052
2812,4058
2812,4091
2812,4107
2812,4112
2812,4158
2812,4159
2812,4168
2812,4170
2812,4171
2812,4173
2812,4189
2812,4201
2812,4205
2812,4253
2812,4259
2812,4264
2812,4409
2812,4411
2812,4485
2812,4509
2812,4510
2812,4513
2812,4543
2812,4583
2812,4585
2812,4594
2812,4595
2812,4599
2812,4609
2812,4616
2812,4634
2812,4635
2812,4666
2812,4674
2812,4679
2812,4691
2812,4740
2812,4819
2812,4829
2812,4845
2812,4856
2812,4873
2812,4889
2812,4894
2812,4900
2812,4917
2812,4927
2812,4946
2812,5002
2812,5005
2812,5029
2812,5035
2812,5038
2812,5039
2812,5040
2812,5064
2812,5073
2812,5076
2812,5078
2812,5090
2812,5095
2812,5152
2812,5184
2812,5203
2812,5212
2812,5234
2812,5245
2812,5267
2812,5358
2812,5372
2812,5376
2812,5379
2812,5391
2812,5394
2812,5401
2812,5402
2812,5408
2812,5412
2812,5426
2812,5496
2812,5512
2812,5514
2812,5523
2812,5533
2812,5544
2812,5556
2812,5578
2812,5645
2812,5647
2812,5650
2812,5651
2812,5656
2812,5732
2812,5735
2812,5878
2812,5978
2812,6691
2812,8953
2812,10631
2812,19090
2812,27661
2812,27686
2812,28112
2812,32797
2812,38904
2812,41781
2812,54454
2812,54547
2812,54688
2812,59708
2812,60147
2812,60754
2812,60795
2812,60831
2812,60835
2812,60854
2812,60865
2812,62924
2812,64147
2812,65999
2812,68740
2812,74989
2812,77999
2812,83786
2812,87177
2812,93860
2812,119607
2812,123620
2812,123631
2812,124087
2812,130881
2812,148192
2812,148211
2812,150311
2812,216326
2812,508230
2812,3085017
2812,3468412
2812,4475485
2812,5281104
2812,5311048
2812,5311297
2812,5329102
2812,5481350
2812,5493381
2812,6398525
2812,6398970
2818,2891
2818,2895
2818,2907
2818,2949
2818,2951
2818,3003
2818,3007
2818,3016
2818,3032
2818,3062
2818,3075
2818,3117
2818,3121
2818,3152
2818,3157
2818,3158
2818,3161
2818,3222
2818,3310
2818,3333
2818,3339
2818,3345
2818,3348
2818,3350
2818,3365
2818,3372
2818,3386
2818,3393
2818,3404
2818,3405
2818,3419
2818,3440
2818,3446
2818,3449
2818,3463
2818,3476
2818,3478
2818,3488
2818,3516
2818,3559
2818,3639
2818,3640
2818,3652
2818,3658
2818,3661
2818,3672
2818,3690
2818,3696
2818,3746
2818,3749
2818,3780
2818,3878
2818,3883
2818,3890
2818,3937
2818,3954
2818,3957
2818,3961
2818,3962
2818,3964
2818,4054
2818,4075
2818,4091
2818,4112
2818,4158
2818,4168
2818,4171
2818,4173
2818,4205
2818,4236
2818,4253
2818,4259
2818,4409
2818,4411
2818,4485
2818,4506
2818,4509
2818,4510
2818,4539
2818,4543
2818,4547
2818,4583
2818,4585
2818,4594
2818,4595
2818,4599
2818,4616
2818,4634
2818,4635
2818,4666
2818,4679
2818,4691
2818,4745
2818,4748
2818,4829
2818,4856
2818,4873
2818,4885
2818,4889
2818,4894
2818,4900
2818,4909
2818,4917
2818,4927
2818,4943
2818,4946
2818,5002
2818,5005
2818,5029
2818,5038
2818,5039
2818,5064
2818,5073
2818,5077
2818,5090
2818,5095
2818,5152
2818,5184
2818,5203
2818,5234
2818,5245
2818,5267
2818,5376
2818,5379
2818,5391
2818,5401
2818,5402
2818,5454
2818,5466
2818,5512
2818,5514
2818,5533
2818,5544
2818,5572
2818,5578
2818,5650
2818,5651
2818,5656
2818,5732
2818,5734
2818,5735
2818,5978
2818,6691
2818,8953
2818,10631
2818,19090
2818,27661
2818,27991
2818,28112
2818,34312
2818,38904
2818,41774
2818,54454
2818,54688
2818,54841
2818,59708
2818,60147
2818,60184
2818,60795
2818,60831
2818,60835
2818,60854
2818,62924
2818,68740
2818,77999
2818,83786
2818,87177
2818,110635
2818,115237
2818,123620
2818,124087
2818,125889
2818,150311
2818,170361
2818,216326
2818,3468412
2818,4183806
2818,4475485
2818,4659568
2818,5311048
2818,5311297
2818,6398525
2891,2895
2891,2907
2891,2909
2891,2955
2891,2978
2891,3003
2891,3016
2891,3032
2891,3042
2891,3062
2891,3075
2891,3108
2891,3121
2891,3143
2891,3152
2891,3154
2891,3157
2891,3158
2891,3161
2891,3222
2891,3249
2891,3255
2891,3261
2891,3305
2891,3308
2891,3325
2891,3333
2891,3339
2891,3345
2891,3348
2891,3350
2891,3355
2891,3365
2891,3379
2891,3385
2891,3386
2891,3403
2891,3404
2891,3405
2891,3410
2891,3419
2891,3440
2891,3446
2891,3449
2891,3461
2891,3463
2891,3467
2891,3476
2891,3478
2891,3488
2891,3510
2891,3516
2891,3559
2891,3639
2891,3640
2891,3652
2891,3658
2891,3672
2891,3676
2891,3702
2891,3715
2891,3746
2891,3749
2891,3767
2891,3780
2891,3784
2891,3793
2891,3825
2891,3827
2891,3877
2891,3878
2891,3883
2891,3890
2891,3899
2891,3902
2891,3911
2891,3929
2891,3937
2891,3954
2891,3957
2891,3958
2891,3961
2891,3962
2891,4034
2891,4044
2891,4052
2891,4075
2891,4091
2891,4107
2891,4112
2891,4138
2891,4158
2891,4159
2891,4168
2891,4170
2891,4171
2891,4173
2891,4178
2891,4205
2891,4236
2891,4253
2891,4259
2891,4409
2891,4411
2891,4449
2891,4485
2891,4509
2891,4510
2891,4543
2891,4583
2891,4585
2891,4594
2891,4595
2891,4599
2891,4603
2891,4609
2891,4616
2891,4634
2891,4635
2891,4666
2891,4674
2891,4679
2891,4691
2891,4740
2891,4812
2891,4819
2891,4828
2891,4829
2891,4856
2891,4873
2891,4885
2891,4889
2891,4893
2891,4894
2891,4900
2891,4909
2891,4917
2891,4920
2891,4927
2891,4946
2891,4999
2891,5002
2891,5005
2891,5029
2891,5035
2891,5038
2891,5039
2891,5040
2891,5064
2891,5070
2891,5073
2891,5076
2891,5078
2891,5090
2891,5095
2891,5152
2891,5203
2891,5212
2891,5234
2891,5245
2891,5253
2891,5267
2891,5352
2891,5358
2891,5372
2891,5376
2891,5379
2891,5391
2891,5394
2891,5401
2891,5402
2891,5408
2891,5426
2891,5478
2891,5487
2891,5512
2891,5514
2891,5523
2891,5525
2891,5533
2891,5544
2891,5556
2891,5572
2891,5645
2891,5647
2891,5650
2891,5651
2891,5656
2891,5672
2891,5717
2891,5719
2891,5732
2891,5735
2891,5978
2891,6691
2891,8953
2891,10631
2891,19090
2891,27661
2891,28112
2891,38904
2891,41774
2891,41781
2891,54374
2891,54454
2891,54547
2891,54688
2891,59708
2891,60147
2891,60184
2891,60198
2891,60795
2891,60831
2891,60835
2891,60843
2891,60852
2891,60865
2891,60871
2891,62924
2891,65999
2891,68740
2891,72054
2891,77999
2891,83786
2891,87177
2891,93860
2891,104865
2891,110634
2891,110635
2891,119607
2891,123620
2891,123631
2891,124087
2891,125889
2891,130881
2891,148192
2891,150311
2891,154059
2891,163742
2891,170361
2891,216239
2891,216326
2891,443871
2891,667490
2891,1349907
2891,3085017
2891,3468412
2891,4183806
2891,4475485
2891,4659568
2891,5281104
2891,5311027
2891,5311048
2891,5311297
2891,5329102
2891,5353980
2891,5481350
2891,5487301
2891,5493381
2891,6398525
2895,2907
2895,2909
2895,2955
2895,2978
2895,3003
2895,3007
2895,3016
2895,3032
2895,3042
2895,3043
2895,3062
2895,3075
2895,3117
2895,3121
2895,3143
2895,3148
2895,3152
2895,3154
2895,3157
2895,3158
2895,3161
2895,3203
2895,3222
2895,3249
2895,3255
2895,3308
2895,3310
2895,3324
2895,3325
2895,3333
2895,3339
2895,3345
2895,3348
2895,3350
2895,3365
2895,3367
2895,3379
2895,3382
2895,3385
2895,3386
2895,3393
2895,3403
2895,3404
2895,3405
2895,3410
2895,3419
2895,3440
2895,3446
2895,3449
2895,3461
2895,3463
2895,3467
2895,3476
2895,3478
2895,3488
2895,3510
2895,3516
2895,3559
2895,3639
2895,3640
2895,3648
2895,3652
2895,3658
2895,3661
2895,3672
2895,3676
2895,3696
2895,3706
2895,3715
2895,3746
2895,3749
2895,3750
2895,3767
2895,3780
2895,3784
2895,3793
2895,3823
2895,3825
2895,3826
2895,3869
2895,3877
2895,3878
2895,3883
2895,3890
2895,3899
2895,3902
2895,3911
2895,3929
2895,3937
2895,3954
2895,3957
2895,3958
2895,3961
2895,3962
2895,4034
2895,4044
2895,4052
2895,4054
2895,4058
2895,4075
2895,4091
2895,4095
2895,4107
2895,4112
2895,4158
2895,4159
2895,4168
2895,4170
2895,4171
2895,4173
2895,4195
2895,4201
2895,4205
2895,4212
2895,4236
2895,4253
2895,4259
2895,4409
2895,4411
2895,4419
2895,4440
2895,4449
2895,4485
2895,4499
2895,4509
2895,4510
2895,4513
2895,4542
2895,4543
2895,4547
2895,4583
2895,4585
2895,4594
2895,4595
2895,4599
2895,4601
2895,4609
2895,4614
2895,4616
2895,4634
2895,4635
2895,4666
2895,4674
2895,4679
2895,4691
2895,4736
2895,4740
2895,4745
2895,4771
2895,4812
2895,4819
2895,4829
2895,4845
2895,4856
2895,4873
2895,4885
2895,4889
2895,4894
2895,4900
2895,4909
2895,4917
2895,4920
2895,4927
2895,4943
2895,4946
2895,4999
2895,5002
2895,5005
2895,5029
2895,5035
2895,5038
2895,5039
2895,5064
2895,5073
2895,5076
2895,5078
2895,5090
2895,5095
2895,5152
2895,5155
2895,5203
2895,5210
2895,5212
2895,5234
2895,5245
2895,5267
2895,5291
2895,5352
2895,5358
2895,5372
2895,5376
2895,5379
2895,5381
2895,5391
2895,5394
2895,5401
2895,5402
2895,5408
2895,5412
2895,5426
2895,5466
2895,5478
2895,5487
2895,5496
2895,5512
2895,5514
2895,5523
2895,5533
2895,5538
2895,5544
2895,5556
2895,5572
2895,5578
2895,5647
2895,5650
2895,5651
2895,5656
2895,5672
2895,5717
2895,5719
2895,5726
2895,5731
2895,5732
2895,5734
2895,5735
2895,6691
2895,8953
2895,10631
2895,12536
2895,19090
2895,24011
2895,24486
2895,27661
2895,28112
2895,32797
2895,34312
2895,38904
2895,41781
2895,54374
2895,54454
2895,54688
2895,54841
2895,57469
2895,59708
2895,60147
2895,60164
2895,60198
2895,60787
2895,60795
2895,60831
2895,60835
2895,60843
2895,60852
2895,60854
2895,60865
2895,60953
2895,62924
2895,65999
2895,68740
2895,72054
2895,77993
2895,77999
2895,83786
2895,87177
2895,91270
2895,93860
2895,104741
2895,104865
2895,110634
2895,110635
2895,119607
2895,122316
2895,123606
2895,123620
2895,123631
2895,124087
2895,125017
2895,125889
2895,130881
2895,148211
2895,150311
2895,152945
2895,154059
2895,160051
2895,163742
2895,170361
2895,197712
2895,213039
2895,216239
2895,216326
2895,443871
2895,504578
2895,667490
2895,3002190
2895,3062316
2895,3081884
2895,3085017
2895,3468412
2895,4183806
2895,4475485
2895,4659568
2895,5311027
2895,5311048
2895,5311181
2895,5311297
2895,5329102
2895,5353980
2895,5362070
2895,5381226
2895,5481350
2895,5487301
2895,6398525
2895,6398970
2895,6447131
2907,2909
2907,2955
2907,2973
2907,2978
2907,3003
2907,3016
2907,3032
2907,3043
2907,3062
2907,3075
2907,3108
2907,3121
2907,3143
2907,3148
2907,3157
2907,3161
2907,3203
2907,3222
2907,3255
2907,3310
2907,3324
2907,3325
2907,3339
2907,3345
2907,3348
2907,3350
2907,3365
2907,3367
2907,3385
2907,3386
2907,3403
2907,3405
2907,3414
2907,3419
2907,3440
2907,3446
2907,3454
2907,3461
2907,3463
2907,3467
2907,3476
2907,3478
2907,3488
2907,3510
2907,3516
2907,3559
2907,3639
2907,3640
2907,3648
2907,3652
2907,3657
2907,3658
2907,3661
2907,3672
2907,3676
2907,3690
2907,3702
2907,3715
2907,3746
2907,3749
2907,3750
2907,3767
2907,3780
2907,3784
2907,3793
2907,3823
2907,3825
2907,3826
2907,3877
2907,3883
2907,3890
2907,3899
2907,3902
2907,3911
2907,3929
2907,3937
2907,3954
2907,3957
2907,3958
2907,3961
2907,3962
2907,4052
2907,4053
2907,4058
2907,4091
2907,4112
2907,4158
2907,4159
2907,4168
2907,4170
2907,4171
2907,4173
2907,4205
2907,4212
2907,4253
2907,4259
2907,4425
2907,4485
2907,4499
2907,4510
2907,4539
2907,4583
2907,4585
2907,4594
2907,4595
2907,4603
2907,4609
2907,4616
2907,4634
2907,4635
2907,4666
2907,4674
2907,4679
2907,4691
2907,4727
2907,4739
2907,4740
2907,4812
2907,4819
2907,4829
2907,4834
2907,4873
2907,4889
2907,4893
2907,4894
2907,4900
2907,4911
2907,4917
2907,4927
2907,4943
2907,4946
2907,5005
2907,5029
2907,5038
2907,5039
2907,5064
2907,5073
2907,5076
2907,5090
2907,5184
2907,5203
2907,5212
2907,5234
2907,5245
2907,5267
2907,5291
2907,5372
2907,5376
2907,5379
2907,5391
2907,5394
2907,5401
2907,5402
2907,5426
2907,5453
2907,5496
2907,5512
2907,5514
2907,5515
2907,5523
2907,5538
2907,5544
2907,5578
2907,5645
2907,5647
2907,5650
2907,5651
2907,5656
2907,5672
2907,5726
2907,5732
2907,5735
2907,5746
2907,5978
2907,6691
2907,8953
2907,10631
2907,13342
2907,16231
2907,19090
2907,24486
2907,27661
2907,28112
2907,38904
2907,41781
2907,47725
2907,54374
2907,54454
2907,54688
2907,59708
2907,60147
2907,60184
2907,60198
2907,60754
2907,60787
2907,60831
2907,60835
2907,60852
2907,60953
2907,62924
2907,64147
2907,65999
2907,68740
2907,71616
2907,72467
2907,74989
2907,77999
2907,83786
2907,87177
2907,93860
2907,104741
2907,104865
2907,119182
2907,123620
2907,123631
2907,124087
2907,125889
2907,130881
2907,147912
2907,148192
2907,148211
2907,150311
2907,151165
2907,152945
2907,197712
2907,216326
2907,444013
2907,667490
2907,3062316
2907,3085017
2907,3468412
2907,4183806
2907,4475485
2907,5281007
2907,5311039
2907,5311048
2907,5311181
2907,5311297
2907,5353980
2907,5473385
2907,5481350
2907,6398525
2909,2949
2909,2955
2909,2973
2909,2978
2909,3003
2909,3016
2909,3032
2909,3062
2909,3075
2909,3108
2909,3121
2909,3143
2909,3152
2909,3154
2909,3157
2909,3161
2909,3222
2909,3249
2909,3255
2909,3279
2909,3305
2909,3308
2909,3310
2909,3324
2909,3325
2909,3333
2909,3339
2909,3345
2909,3348
2909,3350
2909,3355
2909,3365
2909,3367
2909,3382
2909,3384
2909,3385
2909,3386
2909,3403
2909,3404
2909,3405
2909,3414
2909,3419
2909,3440
2909,3446
2909,3454
2909,3461
2909,3463
2909,3467
2909,3476
2909,3478
2909,3488
2909,3510
2909,3516
2909,3559
2909,3637
2909,3639
2909,3640
2909,3648
2909,3652
2909,3657
2909,3658
2909,3661
2909,3672
2909,3676
2909,3690
2909,3702
2909,3715
2909,3746
2909,3749
2909,3767
2909,3784
2909,3793
2909,3821
2909,3823
2909,3825
2909,3869
2909,3877
2909,3878
2909,3883
2909,3890
2909,3899
2909,3911
2909,3914
2909,3929
2909,3937
2909,3954
2909,3957
2909,3958
2909,3961
2909,3962
2909,4034
2909,4052
2909,4053
2909,4058
2909,4075
2909,4091
2909,4107
2909,4112
2909,4138
2909,4158
2909,4159
2909,4168
2909,4170
2909,4171
2909,4173
2909,4192
2909,4200
2909,4201
2909,4205
2909,4212
2909,4236
2909,4253
2909,4259
2909,4409
2909,4411
2909,4419
2909,4473
2909,4485
2909,4509
2909,4510
2909,4513
2909,4536
2909,4539
2909,4547
2909,4583
2909,4585
2909,4594
2909,4595
2909,4599
2909,4601
2909,4603
2909,4609
2909,4616
2909,4634
2909,4635
2909,4666
2909,4674
2909,4679
2909,4691
2909,4727
2909,4730
2909,4739
2909,4740
2909,4812
2909,4819
2909,4829
2909,4834
2909,4873
2909,4885
2909,4889
2909,4894
2909,4900
2909,4909
2909,4917
2909,4927
2909,4943
2909,4946
2909,4991
2909,5002
2909,5005
2909,5029
2909,5035
2909,5038
2909,5039
2909,5040
2909,5064
2909,5073
2909,5076
2909,5090
2909,5095
2909,5152
2909,5184
2909,5203
2909,5206
2909,5212
2909,5234
2909,5245
2909,5253
2909,5267
2909,5291
2909,5352
2909,5358
2909,5372
2909,5376
2909,5379
2909,5391
2909,5401
2909,5408
2909,5412
2909,5426
2909,5453
2909,5478
2909,5487
2909,5496
2909,5512
2909,5514
2909,5523
2909,5533
2909,5538
2909,5544
2909,5556
2909,5578
2909,5645
2909,5647
2909,5650
2909,5651
2909,5656
2909,5719
2909,5732
2909,5734
2909,5735
2909,5978
2909,6691
2909,8953
2909,10631
2909,19090
2909,24486
2909,27661
2909,28112
2909,32797
2909,34312
2909,38904
2909,39765
2909,41317
2909,41781
2909,54374
2909,54454
2909,54688
2909,54808
2909,57469
2909,59708
2909,60147
2909,60184
2909,60754
2909,60795
2909,60831
2909,60835
2909,60852
2909,60865
2909,60871
2909,62924
2909,64147
2909,65027
2909,65999
2909,68740
2909,68844
2909,71329
2909,71616
2909,74989
2909,77999
2909,83786
2909,87177
2909,93860
2909,104865
2909,110634
2909,119182
2909,119607
2909,123620
2909,124087
2909,125889
2909,130881
2909,147912
2909,148192
2909,150310
2909,150311
2909,152945
2909,156419
2909,160051
2909,170361
2909,197712
2909,216239
2909,216326
2909,444013
2909,508230
2909,667490
2909,3085017
2909,3468412
2909,4183806
2909,4475485
2909,5281104
2909,5282044
2909,5282226
2909,5311027
2909,5311039
2909,5311048
2909,5311181
2909,5311297
2909,5353980
2909,5362070
2909,5381226
2909,5481350
2909,5487301
2909,5493381
2909,5493444
2909,6398525
2909,6918453
2949,2955
2949,3003
2949,3016
2949,3365
2949,3405
2949,3440
2949,3478
2949,3640
2949,3672
2949,3883
2949,3937
2949,3962
2949,4171
2949,4485
2949,4583
2949,4585
2949,4594
2949,4679
2949,4894
2949,4900
2949,5038
2949,5203
2949,5656
2949,5978
2949,6691
2949,54454
2949,60147
2949,216326
2951,3016
2951,3062
2951,3121
2951,3255
2951,3325
2951,3339
2951,3345
2951,3386
2951,3404
2951,3440
2951,3446
2951,3478
2951,3559
2951,3672
2951,3883
2951,3937
2951,3958
2951,4091
2951,4112
2951,4158
2951,4168
2951,4171
2951,4205
2951,4236
2951,4253
2951,4419
2951,4473
2951,4585
2951,4594
2951,4634
2951,4635
2951,4679
2951,4691
2951,4927
2951,4943
2951,4946
2951,5002
2951,5038
2951,5039
2951,5073
2951,5203
2951,5234
2951,5267
2951,5487
2951,5514
2951,5523
2951,5650
2951,5656
2951,5732
2951,5734
2951,54454
2951,54688
2951,60795
2951,60835
2951,125889
2955,2978
2955,3003
2955,3016
2955,3043
2955,3062
2955,3075
2955,3121
2955,3157
2955,3158
2955,3203
2955,3222
2955,3249
2955,3255
2955,3279
2955,3310
2955,3324
2955,3325
2955,3339
2955,3345
2955,3348
2955,3365
2955,3367
2955,3386
2955,3405
2955,3440
2955,3446
2955,3454
2955,3463
2955,3476
2955,3478
2955,3488
2955,3516
2955,3559
2955,3639
2955,3640
2955,3648
2955,3652
2955,3657
2955,3658
2955,3672
2955,3676
2955,3746
2955,3767
2955,3793
2955,3823
2955,3877
2955,3878
2955,3883
2955,3890
2955,3937
2955,3954
2955,3957
2955,3958
2955,3961
2955,3962
2955,4091
2955,4112
2955,4159
2955,4168
2955,4170
2955,4171
2955,4173
2955,4200
2955,4205
2955,4253
2955,4451
2955,4463
2955,4485
2955,4510
2955,4583
2955,4585
2955,4594
2955,4595
2955,4634
2955,4635
2955,4674
2955,4679
2955,4691
2955,4739
2955,4873
2955,4889
2955,4894
2955,4900
2955,4917
2955,4927
2955,4943
2955,4946
2955,4993
2955,5002
2955,5038
2955,5039
2955,5040
2955,5064
2955,5073
2955,5076
2955,5090
2955,5152
2955,5155
2955,5184
2955,5203
2955,5212
2955,5234
2955,5245
2955,5267
2955,5291
2955,5372
2955,5391
2955,5401
2955,5408
2955,5426
2955,5496
2955,5514
2955,5523
2955,5533
2955,5538
2955,5544
2955,5578
2955,5645
2955,5647
2955,5650
2955,5651
2955,5656
2955,5726
2955,5732
2955,5878
2955,5978
2955,6691
2955,8953
2955,10631
2955,19090
2955,27661
2955,32797
2955,41317
2955,54454
2955,54688
2955,59708
2955,60147
2955,60184
2955,60754
2955,60787
2955,60835
2955,60877
2955,62924
2955,64147
2955,65027
2955,68740
2955,71616
2955,74989
2955,77999
2955,83786
2955,87177
2955,93860
2955,123620
2955,130881
2955,131536
2955,148192
2955,150311
2955,152945
2955,213039
2955,216326
2955,667490
2955,3002190
2955,3085017
2955,3468412
2955,4475485
2955,5311048
2955,5311297
2955,5381226
2955,5481350
2955,6398525
2973,3003
2973,3062
2973,3365
2973,3405
2973,3440
2973,3657
2973,3883
2973,3937
2973,4510
2973,4594
2973,4894
2973,4900
2973,5039
2973,5408
2973,5645
2973,5656
2973,6691
2973,60835
2973,83786
2973,216326
2973,5493381
2978,3003
2978,3008
2978,3016
2978,3043
2978,3062
2978,3075
2978,3121
2978,3143
2978,3148
2978,3152
2978,3203
2978,3222
2978,3310
2978,3324
2978,3325
2978,3339
2978,3345
2978,3348
2978,3355
2978,3365
2978,3385
2978,3386
2978,3405
2978,3440
2978,3446
2978,3454
2978,3461
2978,3463
2978,3478
2978,3488
2978,3510
2978,3516
2978,3639
2978,3640
2978,3648
2978,3658
2978,3661
2978,3672
2978,3676
2978,3750
2978,3793
2978,3877
2978,3878
2978,3883
2978,3902
2978,3937
2978,3954
2978,3957
2978,3958
2978,3961
2978,3962
2978,4107
2978,4112
2978,4158
2978,4168
2978,4171
2978,4173
2978,4205
2978,4212
2978,4236
2978,4253
2978,4451
2978,4463
2978,4485
2978,4510
2978,4547
2978,4583
2978,4585
2978,4594
2978,4595
2978,4609
2978,4634
2978,4635
2978,4666
2978,4674
2978,4679
2978,4691
2978,4829
2978,4873
2978,4889
2978,4900
2978,4911
2978,4917
2978,4927
2978,4946
2978,5029
2978,5038
2978,5039
2978,5064
2978,5073
2978,5076
2978,5090
2978,5152
2978,5155
2978,5203
2978,5212
2978,5253
2978,5267
2978,5372
2978,5391
2978,5401
2978,5408
2978,5426
2978,5514
2978,5523
2978,5533
2978,5544
2978,5647
2978,5650
2978,5651
2978,5656
2978,5672
2978,5726
2978,5732
2978,5735
2978,5878
2978,5978
2978,6691
2978,19090
2978,27661
2978,34312
2978,38904
2978,47725
2978,54454
2978,54688
2978,59708
2978,60147
2978,60831
2978,60835
2978,60843
2978,60953
2978,62924
2978,64147
2978,65027
2978,65999
2978,68740
2978,74989
2978,77999
2978,83786
2978,87177
2978,93860
2978,123631
2978,125889
2978,148192
2978,150311
2978,151165
2978,152945
2978,176870
2978,213039
2978,216239
2978,216326
2978,3468412
2978,4475485
2978,5311048
2978,5311297
2978,5329102
2978,5481350
2978,5487301
2995,3386
2995,3440
2995,3446
2995,3958
2995,3961
2995,4585
2995,4594
2995,5090
2995,5732
2995,54454
3003,3008
3003,3016
3003,3032
3003,3040
3003,3042
3003,3043
3003,3062
3003,3075
3003,3108
3003,3121
3003,3143
3003,3148
3003,3152
3003,3154
3003,3157
3003,3158
3003,3161
3003,3168
3003,3198
3003,3203
3003,3222
3003,3249
3003,3255
3003,3261
3003,3279
3003,3308
3003,3310
3003,3324
3003,3325
3003,3333
3003,3339
3003,3345
3003,3348
3003,3350
3003,3355
3003,3365
3003,3367
3003,3379
3003,3381
3003,3382
3003,3385
3003,3386
3003,3393
3003,3394
3003,3397
3003,3403
3003,3404
3003,3405
3003,3410
3003,3414
3003,3419
3003,3440
3003,3446
3003,3454
3003,3461
3003,3463
3003,3467
3003,3476
3003,3478
3003,3488
3003,3494
3003,3510
3003,3516
3003,3559
3003,3639
3003,3640
3003,3642
3003,3648
3003,3652
3003,3657
3003,3658
3003,3661
3003,3672
3003,3676
3003,3690
3003,3696
3003,3702
3003,3715
3003,3736
3003,3746
3003,3749
3003,3750
3003,3763
3003,3767
3003,3780
3003,3784
3003,3793
3003,3821
3003,3823
3003,3825
3003,3826
3003,3827
3003,3869
3003,3877
3003,3878
3003,3883
3003,3890
3003,3899
3003,3902
3003,3911
3003,3929
3003,3937
3003,3954
3003,3957
3003,3958
3003,3961
3003,3962
3003,4034
3003,4044
3003,4052
3003,4053
3003,4054
3003,4058
3003,4064
3003,4075
3003,4091
3003,4107
3003,4112
3003,4138
3003,4158
3003,4159
3003,4168
3003,4170
3003,4171
3003,4173
3003,4178
3003,4189
3003,4192
3003,4201
3003,4205
3003,4212
3003,4236
3003,4253
3003,4259
3003,4264
3003,4409
3003,4411
3003,4419
3003,4425
3003,4449
3003,4451
3003,4463
3003,4473
3003,4485
3003,4499
3003,4506
3003,4509
3003,4510
3003,4513
3003,4539
3003,4543
3003,4547
3003,4583
3003,4585
3003,4594
3003,4595
3003,4599
3003,4601
3003,4603
3003,4609
3003,4614
3003,4616
3003,4634
3003,4635
3003,4645
3003,4666
3003,4674
3003,4675
3003,4679
3003,4691
3003,4730
3003,4739
3003,4740
3003,4748
3003,4812
3003,4819
3003,4828
3003,4829
3003,4834
3003,4845
3003,4856
3003,4873
3003,4885
3003,4889
3003,4893
3003,4894
3003,4900
3003,4909
3003,4911
3003,4917
3003,4920
3003,4927
3003,4943
3003,4946
3003,4991
3003,4999
3003,5002
3003,5005
3003,5029
3003,5035
3003,5038
3003,5039
3003,5040
3003,5064
3003,5073
3003,5076
3003,5078
3003,5090
3003,5095
3003,5152
3003,5155
3003,5184
3003,5203
3003,5206
3003,5210
3003,5212
3003,5215
3003,5234
3003,5245
3003,5253
3003,5267
3003,5291
3003,5352
3003,5358
3003,5372
3003,5376
3003,5379
3003,5391
3003,5394
3003,5401
3003,5402
3003,5408
3003,5412
3003,5426
3003,5453
3003,5472
3003,5478
3003,5487
3003,5496
3003,5512
3003,5514
3003,5515
3003,5523
3003,5525
3003,5533
3003,5538
3003,5544
3003,5556
3003,5572
3003,5578
3003,5584
3003,5645
3003,5647
3003,5650
3003,5651
3003,5656
3003,5672
3003,5719
3003,5726
3003,5732
3003,5734
3003,5735
3003,5746
3003,5878
3003,5978
3003,6691
3003,8953
3003,9052
3003,9433
3003,10631
3003,12536
3003,13342
3003,14888
3003,16231
3003,19090
3003,24011
3003,24486
3003,27661
3003,27686
3003,27991
3003,28112
3003,32797
3003,34312
3003,36339
3003,36811
3003,38904
3003,39765
3003,41317
3003,41693
3003,41781
3003,47320
3003,47725
3003,51263
3003,54374
3003,54454
3003,54547
3003,54688
3003,54841
3003,56339
3003,59708
3003,60147
3003,60184
3003,60198
3003,60696
3003,60754
3003,60787
3003,60795
3003,60815
3003,60831
3003,60835
3003,60843
3003,60852
3003,60854
3003,60865
3003,60953
3003,62924
3003,65999
3003,68740
3003,68844
3003,71616
3003,72054
3003,72467
3003,74989
3003,77999
3003,83786
3003,87177
3003,93860
3003,104741
3003,104865
3003,110635
3003,119182
3003,119607
3003,123620
3003,123631
3003,124087
3003,125889
3003,130881
3003,145068
3003,147912
3003,148192
3003,148211
3003,150310
3003,150311
3003,150610
3003,151165
3003,152945
3003,154059
3003,163742
3003,170361
3003,176870
3003,216239
3003,216326
3003,443871
3003,504578
3003,508230
3003,657298
3003,667490
3003,1349907
3003,3002190
3003,3062316
3003,3081884
3003,3085017
3003,3468412
3003,4183806
3003,4475485
3003,5281007
3003,5282226
3003,5311027
3003,5311039
3003,5311048
3003,5311297
3003,5329102
3003,5353980
3003,5381226
3003,5473385
3003,5481350
3003,5487301
3003,6398525
3003,6398970
3003,6435110
3003,6447131
3007,3016
3007,3121
3007,3308
3007,3345
3007,3348
3007,3386
3007,3446
3007,3648
3007,3672
3007,3883
3007,3937
3007,3958
3007,3961
3007,3962
3007,4091
3007,4158
3007,4171
3007,4236
3007,4253
3007,4449
3007,4543
3007,4585
3007,4594
3007,4634
3007,4635
3007,4691
3007,4829
3007,4900
3007,5002
3007,5039
3007,5073
3007,5090
3007,5203
3007,5210
3007,5512
3007,5514
3007,5538
3007,5656
3007,5732
3007,34312
3007,54454
3007,54841
3007,60795
3007,60835
3007,60854
3007,123620
3007,150311
3007,5311297
3007,5487301
3008,3016
3008,3325
3008,3348
3008,3365
3008,3405
3008,3440
3008,3658
3008,3672
3008,3954
3008,4159
3008,4168
3008,4583
3008,4594
3008,4595
3008,4666
3008,4679
3008,4873
3008,4917
3008,5039
3008,5076
3008,5533
3008,5650
3008,5726
3008,6691
3008,38904
3008,62924
3008,125889
3008,213039
3008,3002190
3008,5311297
3016,3032
3016,3042
3016,3043
3016,3062
3016,3066
3016,3075
3016,3108
3016,3121
3016,3143
3016,3148
3016,3152
3016,3154
3016,3157
3016,3158
3016,3161
3016,3168
3016,3198
3016,3203
3016,3222
3016,3249
3016,3255
3016,3261
3016,3278
3016,3305
3016,3308
3016,3310
3016,3324
3016,3325
3016,3333
3016,3339
3016,3345
3016,3348
3016,3350
3016,3355
3016,3365
3016,3367
3016,3372
3016,3373
3016,3379
3016,3382
3016,3385
3016,3386
3016,3393
3016,3394
3016,3403
3016,3404
3016,3405
3016,3410
3016,3414
3016,3419
3016,3440
3016,3446
3016,3449
3016,3454
3016,3461
3016,3463
3016,3467
3016,3476
3016,3478
3016,3488
3016,3494
3016,3510
3016,3516
3016,3559
3016,3639
3016,3640
3016,3648
3016,3652
3016,3657
3016,3658
3016,3661
3016,3672
3016,3675
3016,3676
3016,3696
3016,3702
3016,3715
3016,3736
3016,3741
3016,3746
3016,3749
3016,3750
3016,3763
3016,3767
3016,3780
3016,3784
3016,3793
3016,3823
3016,3825
3016,3826
3016,3869
3016,3877
3016,3878
3016,3883
3016,3890
3016,3899
3016,3902
3016,3911
3016,3929
3016,3937
3016,3954
3016,3957
3016,3958
3016,3961
3016,3962
3016,4034
3016,4044
3016,4046
3016,4052
3016,4053
3016,4054
3016,4058
3016,4064
3016,4075
3016,4091
3016,4095
3016,4107
3016,4112
3016,4138
3016,4140
3016,4158
3016,4159
3016,4168
3016,4170
3016,4171
3016,4173
3016,4189
3016,4192
3016,4201
3016,4205
3016,4212
3016,4236
3016,4253
3016,4259
3016,4264
3016,4409
3016,4411
3016,4419
3016,4425
3016,4428
3016,4440
3016,4449
3016,4451
3016,4463
3016,4473
3016,4485
3016,4497
3016,4499
3016,4506
3016,4509
3016,4510
3016,4513
3016,4536
3016,4539
3016,4542
3016,4543
3016,4547
3016,4583
3016,4585
3016,4594
3016,4595
3016,4599
3016,4601
3016,4603
3016,4609
3016,4614
3016,4616
3016,4634
3016,4635
3016,4645
3016,4666
3016,4674
3016,4675
3016,4679
3016,4691
3016,4730
3016,4736
3016,4740
3016,4745
3016,4748
3016,4771
3016,4812
3016,4819
3016,4828
3016,4829
3016,4834
3016,4845
3016,4856
3016,4873
3016,4885
3016,4889
3016,4894
3016,4900
3016,4909
3016,4911
3016,4917
3016,4920
3016,4927
3016,4943
3016,4946
3016,4991
3016,4999
3016,5002
3016,5005
3016,5029
3016,5035
3016,5038
3016,5039
3016,5040
3016,5064
3016,5070
3016,5073
3016,5076
3016,5077
3016,5078
3016,5090
3016,5095
3016,5152
3016,5155
3016,5184
3016,5195
3016,5203
3016,5206
3016,5210
3016,5212
3016,5234
3016,5245
3016,5253
3016,5267
3016,5291
3016,5352
3016,5358
3016,5372
3016,5376
3016,5379
3016,5391
3016,5394
3016,5401
3016,5402
3016,5408
3016,5412
3016,5426
3016,5454
3016,5466
3016,5472
3016,5478
3016,5487
3016,5496
3016,5505
3016,5512
3016,5514
3016,5523
3016,5530
3016,5533
3016,5538
3016,5544
3016,5556
3016,5572
3016,5578
3016,5584
3016,5645
3016,5647
3016,5650
3016,5651
3016,5656
3016,5672
3016,5717
3016,5719
3016,5726
3016,5731
3016,5732
3016,5734
3016,5735
3016,5746
3016,5771
3016,5878
3016,5978
3016,6691
3016,8953
3016,9433
3016,10631
3016,14888
3016,16231
3016,19090
3016,24486
3016,27661
3016,27686
3016,27991
3016,28112
3016,32797
3016,34312
3016,36339
3016,38904
3016,39765
3016,41693
3016,41774
3016,41781
3016,47320
3016,47725
3016,54374
3016,54454
3016,54547
3016,54688
3016,54808
3016,54841
3016,56339
3016,57469
3016,59708
3016,60147
3016,60184
3016,60198
3016,60612
3016,60696
3016,60795
3016,60831
3016,60835
3016,60843
3016,60852
3016,60854
3016,60865
3016,60953
3016,62924
3016,65999
3016,68740
3016,68844
3016,71158
3016,71273
3016,71329
3016,71616
3016,77993
3016,77999
3016,83786
3016,87177
3016,91270
3016,93860
3016,104741
3016,104865
3016,110634
3016,110635
3016,115237
3016,119607
3016,122316
3016,123620
3016,123631
3016,124087
3016,125017
3016,125889
3016,130881
3016,131536
3016,145068
3016,148192
3016,148211
3016,150311
3016,152945
3016,154059
3016,156419
3016,160051
3016,163742
3016,170361
3016,176168
3016,176870
3016,197712
3016,213039
3016,216239
3016,216326
3016,443871
3016,504578
3016,657298
3016,667490
3016,3002190
3016,3081884
3016,3085017
3016,3468412
3016,4183806
3016,4475485
3016,4479097
3016,4659568
3016,5281007
3016,5281104
3016,5311027
3016,5311039
3016,5311048
3016,5311082
3016,5311181
3016,5311297
3016,5329102
3016,5353980
3016,5362070
3016,5381226
3016,5481350
3016,5487301
3016,6398525
3016,6398970
3032,3042
3032,3043
3032,3062
3032,3066
3032,3075
3032,3108
3032,3121
3032,3143
3032,3152
3032,3154
3032,3157
3032,3158
3032,3161
3032,3203
3032,3222
3032,3249
3032,3255
3032,3261
3032,3305
3032,3308
3032,3310
3032,3325
3032,3333
3032,3339
3032,3345
3032,3348
3032,3350
3032,3355
3032,3365
3032,3367
3032,3385
3032,3386
3032,3393
3032,3394
3032,3397
3032,3403
3032,3404
3032,3405
3032,3410
3032,3419
3032,3440
3032,3446
3032,3449
3032,3454
3032,3461
3032,3463
3032,3467
3032,3476
3032,3478
3032,3488
3032,3494
3032,3510
3032,3516
3032,3559
3032,3637
3032,3639
3032,3640
3032,3648
3032,3652
3032,3658
3032,3661
3032,3672
3032,3676
3032,3696
3032,3702
3032,3706
3032,3715
3032,3734
3032,3746
3032,3749
3032,3750
3032,3763
3032,3767
3032,3780
3032,3784
3032,3793
3032,3823
3032,3825
3032,3826
3032,3827
3032,3877
3032,3878
3032,3883
3032,3890
3032,3899
3032,3902
3032,3911
3032,3929
3032,3937
3032,3954
3032,3957
3032,3958
3032,3961
3032,3962
3032,4034
3032,4044
3032,4052
3032,4053
3032,4058
3032,4064
3032,4075
3032,4091
3032,4107
3032,4112
3032,4138
3032,4158
3032,4159
3032,4168
3032,4170
3032,4171
3032,4173
3032,4178
3032,4189
3032,4192
3032,4200
3032,4205
3032,4236
3032,4253
3032,4259
3032,4264
3032,4409
3032,4411
3032,4451
3032,4485
3032,4506
3032,4509
3032,4510
3032,4513
3032,4536
3032,4539
3032,4542
3032,4543
3032,4547
3032,4583
3032,4585
3032,4594
3032,4595
3032,4599
3032,4601
3032,4603
3032,4609
3032,4614
3032,4616
3032,4634
3032,4635
3032,4666
3032,4674
3032,4679
3032,4691
3032,4727
3032,4740
3032,4745
3032,4748
3032,4812
3032,4828
3032,4829
3032,4834
3032,4856
3032,4873
3032,4885
3032,4889
3032,4894
3032,4900
3032,4909
3032,4917
3032,4920
3032,4927
3032,4943
3032,4946
3032,4999
3032,5002
3032,5005
3032,5029
3032,5035
3032,5038
3032,5039
3032,5064
3032,5073
3032,5076
3032,5077
3032,5078
3032,5090
3032,5095
3032,5152
3032,5155
3032,5203
3032,5206
3032,5210
3032,5212
3032,5234
3032,5245
3032,5253
3032,5267
3032,5291
3032,5352
3032,5358
3032,5372
3032,5376
3032,5379
3032,5381
3032,5391
3032,5394
3032,5401
3032,5402
3032,5408
3032,5412
3032,5426
3032,5478
3032,5487
3032,5496
3032,5512
3032,5514
3032,5523
3032,5533
3032,5538
3032,5544
3032,5556
3032,5572
3032,5578
3032,5584
3032,5645
3032,5647
3032,5650
3032,5651
3032,5656
3032,5672
3032,5717
3032,5719
3032,5721
3032,5726
3032,5731
3032,5732
3032,5734
3032,5735
3032,5746
3032,5771
3032,5978
3032,6691
3032,8953
3032,9052
3032,10631
3032,16231
3032,19090
3032,24011
3032,27661
3032,27686
3032,28112
3032,32797
3032,34312
3032,36339
3032,38904
3032,39765
3032,41693
3032,41774
3032,41781
3032,47725
3032,54374
3032,54454
3032,54547
3032,54688
3032,54841
3032,59708
3032,60147
3032,60184
3032,60198
3032,60696
3032,60787
3032,60795
3032,60815
3032,60831
3032,60835
3032,60852
3032,60854
3032,60865
3032,60953
3032,62924
3032,65999
3032,68740
3032,71273
3032,71616
3032,77993
3032,77999
3032,83786
3032,87177
3032,93860
3032,110634
3032,110635
3032,119607
3032,123620
3032,123631
3032,124087
3032,125889
3032,130881
3032,150311
3032,152945
3032,154059
3032,160051
3032,163742
3032,170361
3032,176870
3032,216239
3032,443871
3032,657298
3032,3002190
3032,3062316
3032,3081884
3032,3085017
3032,3468412
3032,4183806
3032,4475485
3032,4659568
3032,5281007
3032,5281104
3032,5282226
3032,5311048
3032,5311297
3032,5329102
3032,5353980
3032,5381226
3032,5481350
3032,5487301
3032,5493444
3032,6398525
3032,6398970
3032,6447131
3032,6918453
3040,3365
3040,3386
3040,3440
3040,3446
3040,3463
3040,3559
3040,3639
3040,3672
3040,3883
3040,3937
3040,3954
3040,3958
3040,4171
3040,4173
3040,4253
3040,4583
3040,4594
3040,4595
3040,4635
3040,4679
3040,4691
3040,4900
3040,4946
3040,5039
3040,5090
3040,5544
3040,5656
3040,6691
3040,123620
3040,4183806
3040,4475485
3042,3062
3042,3075
3042,3121
3042,3158
3042,3161
3042,3222
3042,3255
3042,3308
3042,3325
3042,3339
3042,3345
3042,3348
3042,3350
3042,3365
3042,3386
3042,3403
3042,3405
3042,3410
3042,3440
3042,3446
3042,3461
3042,3463
3042,3476
3042,3478
3042,3488
3042,3516
3042,3639
3042,3640
3042,3652
3042,3658
3042,3672
3042,3676
3042,3696
3042,3706
3042,3746
3042,3749
3042,3878
3042,3883
3042,3937
3042,3954
3042,3957
3042,3958
3042,3961
3042,3962
3042,4034
3042,4052
3042,4075
3042,4091
3042,4107
3042,4112
3042,4159
3042,4168
3042,4171
3042,4173
3042,4205
3042,4212
3042,4236
3042,4253
3042,4259
3042,4485
3042,4510
3042,4543
3042,4583
3042,4585
3042,4594
3042,4595
3042,4599
3042,4601
3042,4609
3042,4634
3042,4635
3042,4666
3042,4679
3042,4691
3042,4829
3042,4873
3042,4885
3042,4889
3042,4900
3042,4917
3042,4927
3042,4946
3042,5002
3042,5005
3042,5029
3042,5035
3042,5038
3042,5039
3042,5064
3042,5073
3042,5090
3042,5095
3042,5203
3042,5212
3042,5245
3042,5267
3042,5358
3042,5379
3042,5391
3042,5487
3042,5512
3042,5514
3042,5523
3042,5533
3042,5544
3042,5647
3042,5650
3042,5656
3042,5732
3042,5735
3042,6691
3042,10631
3042,19090
3042,27661
3042,34312
3042,54454
3042,54688
3042,60147
3042,60831
3042,60835
3042,60865
3042,62924
3042,68740
3042,77999
3042,83786
3042,87177
3042,119607
3042,123620
3042,124087
3042,125889
3042,150311
3042,170361
3042,216239
3042,4475485
3042,5311297
3042,5353980
3042,5487301
3042,6398525
3043,3062
3043,3121
3043,3143
3043,3198
3043,3203
3043,3222
3043,3261
3043,3279
3043,3324
3043,3325
3043,3339
3043,3345
3043,3348
3043,3350
3043,3365
3043,3386
3043,3405
3043,3410
3043,3414
3043,3440
3043,3446
3043,3454
3043,3463
3043,3467
3043,3478
3043,3488
3043,3559
3043,3639
3043,3640
3043,3657
3043,3658
3043,3672
3043,3676
3043,3706
3043,3715
3043,3746
3043,3767
3043,3793
3043,3823
3043,3877
3043,3878
3043,3883
3043,3937
3043,3954
3043,3957
3043,3958
3043,3961
3043,3964
3043,4044
3043,4052
3043,4091
3043,4095
3043,4158
3043,4159
3043,4168
3043,4171
3043,4173
3043,4205
3043,4253
3043,4259
3043,4428
3043,4451
3043,4463
3043,4473
3043,4485
3043,4543
3043,4547
3043,4583
3043,4585
3043,4594
3043,4595
3043,4616
3043,4634
3043,4635
3043,4666
3043,4679
3043,4691
3043,4873
3043,4889
3043,4894
3043,4900
3043,4917
3043,4927
3043,4946
3043,4993
3043,5002
3043,5029
3043,5038
3043,5039
3043,5064
3043,5073
3043,5076
3043,5090
3043,5155
3043,5203
3043,5212
3043,5215
3043,5267
3043,5297
3043,5391
3043,5401
3043,5408
3043,5544
3043,5556
3043,5578
3043,5645
3043,5647
3043,5650
3043,5651
3043,5656
3043,5726
3043,5732
3043,5734
3043,5878
3043,5978
3043,6691
3043,8953
3043,19090
3043,34312
3043,38904
3043,41781
3043,54454
3043,54688
3043,60147
3043,60787
3043,60877
3043,62924
3043,64147
3043,65027
3043,65999
3043,71616
3043,74989
3043,77999
3043,83786
3043,87177
3043,104865
3043,110634
3043,110635
3043,123620
3043,125889
3043,131536
3043,148192
3043,150311
3043,170361
3043,213039
3043,4475485
3043,5311297
3043,5381226
3043,5481350
3043,6398525
3059,3345
3059,3348
3059,3386
3059,3405
3059,3440
3059,3446
3059,3652
3059,3672
3059,3883
3059,3937
3059,3958
3059,4091
3059,4112
3059,4171
3059,4594
3059,4635
3059,4691
3059,4900
3059,4927
3059,5005
3059,5039
3059,5064
3059,5078
3059,5090
3059,5203
3059,5514
3059,5523
3059,5533
3059,5732
3059,54454
3059,77999
3059,5353980
3062,3075
3062,3108
3062,3114
3062,3121
3062,3143
3062,3148
3062,3152
3062,3154
3062,3157
3062,3158
3062,3161
3062,3203
3062,3222
3062,3249
3062,3255
3062,3261
3062,3279
3062,3305
3062,3308
3062,3310
3062,3324
3062,3325
3062,3333
3062,3339
3062,3345
3062,3348
3062,3350
3062,3355
3062,3365
3062,3367
3062,3379
3062,3381
3062,3382
3062,3384
3062,3385
3062,3386
3062,3393
3062,3397
3062,3403
3062,3404
3062,3405
3062,3410
3062,3419
3062,3440
3062,3446
3062,3449
3062,3461
3062,3463
3062,3467
3062,3476
3062,3478
3062,3488
3062,3494
3062,3510
3062,3516
3062,3559
3062,3637
3062,3639
3062,3640
3062,3648
3062,3652
3062,3657
3062,3658
3062,3661
3062,3672
3062,3676
3062,3690
3062,3696
3062,3702
3062,3715
3062,3724
3062,3736
3062,3746
3062,3749
3062,3750
3062,3767
3062,3780
3062,3784
3062,3793
3062,3823
3062,3825
3062,3826
3062,3869
3062,3877
3062,3878
3062,3883
3062,3890
3062,3899
3062,3902
3062,3911
3062,3928
3062,3929
3062,3937
3062,3954
3062,3957
3062,3958
3062,3961
3062,3962
3062,4034
3062,4052
3062,4053
3062,4054
3062,4058
3062,4064
3062,4075
3062,4091
3062,4107
3062,4112
3062,4138
3062,4158
3062,4159
3062,4168
3062,4170
3062,4171
3062,4173
3062,4178
3062,4189
3062,4192
3062,4195
3062,4200
3062,4201
3062,4205
3062,4236
3062,4253
3062,4259
3062,4264
3062,4409
3062,4411
3062,4419
3062,4449
3062,4473
3062,4485
3062,4497
3062,4499
3062,4506
3062,4509
3062,4510
3062,4513
3062,4539
3062,4543
3062,4547
3062,4583
3062,4585
3062,4594
3062,4595
3062,4599
3062,4601
3062,4603
3062,4609
3062,4614
3062,4616
3062,4634
3062,4635
3062,4666
3062,4674
3062,4675
3062,4679
3062,4691
3062,4740
3062,4745
3062,4748
3062,4812
3062,4819
3062,4828
3062,4829
3062,4834
3062,4845
3062,4856
3062,4873
3062,4885
3062,4889
3062,4894
3062,4900
3062,4909
3062,4911
3062,4913
3062,4917
3062,4920
3062,4927
3062,4932
3062,4943
3062,4946
3062,4991
3062,5002
3062,5005
3062,5029
3062,5035
3062,5038
3062,5039
3062,5040
3062,5064
3062,5073
3062,5076
3062,5077
3062,5090
3062,5095
3062,5152
3062,5155
3062,5184
3062,5203
3062,5206
3062,5212
3062,5234
3062,5245
3062,5253
3062,5267
3062,5291
3062,5352
3062,5358
3062,5372
3062,5376
3062,5379
3062,5391
3062,5394
3062,5401
3062,5402
3062,5408
3062,5412
3062,5426
3062,5454
3062,5472
3062,5478
3062,5486
3062,5487
3062,5496
3062,5505
3062,5512
3062,5514
3062,5523
3062,5525
3062,5533
3062,5544
3062,5556
3062,5578
3062,5645
3062,5647
3062,5650
3062,5651
3062,5656
3062,5672
3062,5717
3062,5719
3062,5726
3062,5732
3062,5734
3062,5735
3062,5771
3062,5978
3062,6691
3062,8953
3062,9052
3062,9433
3062,10631
3062,14888
3062,16231
3062,19090
3062,24486
3062,27661
3062,27686
3062,27991
3062,28112
3062,32797
3062,34312
3062,36339
3062,36811
3062,38904
3062,39765
3062,41774
3062,41781
3062,47725
3062,54374
3062,54454
3062,54547
3062,54688
3062,54786
3062,54841
3062,56959
3062,57469
3062,57537
3062,59708
3062,60147
3062,60184
3062,60198
3062,60696
3062,60754
3062,60795
3062,60815
3062,60831
3062,60835
3062,60843
3062,60852
3062,60854
3062,60953
3062,62924
3062,64147
3062,65999
3062,68740
3062,68844
3062,71329
3062,71616
3062,72054
3062,72938
3062,77999
3062,83786
3062,87177
3062,91270
3062,93860
3062,104741
3062,104865
3062,110634
3062,110635
3062,119607
3062,123620
3062,123631
3062,124087
3062,125017
3062,125889
3062,130881
3062,145068
3062,148192
3062,148211
3062,150310
3062,150311
3062,150610
3062,151165
3062,152945
3062,154059
3062,156419
3062,160051
3062,163742
3062,170361
3062,176168
3062,176870
3062,197712
3062,216239
3062,216326
3062,443871
3062,444013
3062,504578
3062,657298
3062,667490
3062,1349907
3062,3002190
3062,3062316
3062,3085017
3062,3468412
3062,4183806
3062,4475485
3062,4659568
3062,5281007
3062,5281104
3062,5282044
3062,5282226
3062,5311027
3062,5311039
3062,5311048
3062,5311082
3062,5311181
3062,5311297
3062,5329102
3062,5353980
3062,5362420
3062,5381226
3062,5481350
3062,5487301
3062,5493381
3062,5493444
3062,6398525
3062,6398970
3062,6435110
3066,3121
3066,3339
3066,3405
3066,3440
3066,3446
3066,3672
3066,3826
3066,3937
3066,3958
3066,4112
3066,4168
3066,4212
3066,4543
3066,4594
3066,4900
3066,4927
3066,4946
3066,5002
3066,5073
3066,5078
3066,5358
3066,5514
3066,5732
3066,4475485
3075,3108
3075,3114
3075,3121
3075,3143
3075,3148
3075,3152
3075,3154
3075,3157
3075,3158
3075,3161
3075,3222
3075,3249
3075,3255
3075,3279
3075,3305
3075,3308
3075,3310
3075,3324
3075,3325
3075,3333
3075,3339
3075,3345
3075,3348
3075,3350
3075,3355
3075,3365
3075,3367
3075,3379
3075,3385
3075,3386
3075,3393
3075,3397
3075,3403
3075,3404
3075,3405
3075,3410
3075,3419
3075,3440
3075,3446
3075,3449
3075,3454
3075,3461
3075,3463
3075,3467
3075,3476
3075,3478
3075,3488
3075,3494
3075,3510
3075,3516
3075,3559
3075,3637
3075,3639
3075,3640
3075,3648
3075,3652
3075,3657
3075,3658
3075,3661
3075,3672
3075,3676
3075,3696
3075,3702
3075,3715
3075,3746
3075,3749
3075,3750
3075,3767
3075,3780
3075,3784
3075,3793
3075,3823
3075,3825
3075,3826
3075,3869
3075,3877
3075,3878
3075,3883
3075,3890
3075,3899
3075,3902
3075,3911
3075,3928
3075,3929
3075,3937
3075,3954
3075,3957
3075,3958
3075,3961
3075,3962
3075,4034
3075,4044
3075,4052
3075,4054
3075,4058
3075,4064
3075,4075
3075,4091
3075,4107
3075,4112
3075,4138
3075,4158
3075,4159
3075,4168
3075,4170
3075,4171
3075,4173
3075,4178
3075,4189
3075,4192
3075,4200
3075,4201
3075,4205
3075,4236
3075,4253
3075,4259
3075,4409
3075,4411
3075,4425
3075,4449
3075,4463
3075,4473
3075,4485
3075,4499
3075,4506
3075,4509
3075,4510
3075,4513
3075,4539
3075,4543
3075,4547
3075,4583
3075,4585
3075,4594
3075,4595
3075,4599
3075,4601
3075,4603
3075,4609
3075,4614
3075,4616
3075,4634
3075,4635
3075,4666
3075,4674
3075,4675
3075,4679
3075,4691
3075,4740
3075,4748
3075,4771
3075,4812
3075,4819
3075,4828
3075,4829
3075,4834
3075,4845
3075,4856
3075,4873
3075,4885
3075,4889
3075,4893
3075,4894
3075,4900
3075,4909
3075,4911
3075,4917
3075,4920
3075,4927
3075,4932
3075,4943
3075,4946
3075,4991
3075,5002
3075,5005
3075,5029
3075,5035
3075,5038
3075,5039
3075,5040
3075,5064
3075,5073
3075,5076
3075,5077
3075,5078
3075,5090
3075,5095
3075,5152
3075,5203
3075,5206
3075,5210
3075,5212
3075,5234
3075,5245
3075,5253
3075,5267
3075,5291
3075,5352
3075,5358
3075,5372
3075,5376
3075,5379
3075,5391
3075,5394
3075,5401
3075,5402
3075,5408
3075,5412
3075,5426
3075,5466
3075,5472
3075,5478
3075,5487
3075,5496
3075,5512
3075,5514
3075,5523
3075,5533
3075,5544
3075,5556
3075,5572
3075,5578
3075,5596
3075,5645
3075,5647
3075,5650
3075,5651
3075,5656
3075,5672
3075,5717
3075,5719
3075,5731
3075,5732
3075,5735
3075,5978
3075,6691
3075,8953
3075,9052
3075,9433
3075,10631
3075,14888
3075,16231
3075,19090
3075,24011
3075,24486
3075,27661
3075,27686
3075,27991
3075,28112
3075,32797
3075,34312
3075,38904
3075,39765
3075,41317
3075,41774
3075,41781
3075,47725
3075,54454
3075,54688
3075,54841
3075,56959
3075,59708
3075,60147
3075,60184
3075,60198
3075,60754
3075,60795
3075,60831
3075,60835
3075,60852
3075,60854
3075,60865
3075,60953
3075,62924
3075,64147
3075,65999
3075,68740
3075,68844
3075,71329
3075,71616
3075,72054
3075,72938
3075,77993
3075,77999
3075,83786
3075,87177
3075,91270
3075,93860
3075,104741
3075,104865
3075,110634
3075,110635
3075,119607
3075,123620
3075,123631
3075,124087
3075,125017
3075,125889
3075,130881
3075,148211
3075,150311
3075,151165
3075,152945
3075,154059
3075,156419
3075,160051
3075,163742
3075,170361
3075,176168
3075,176870
3075,197712
3075,216239
3075,216326
3075,443871
3075,444013
3075,508230
3075,667490
3075,1349907
3075,3002190
3075,3085017
3075,3468412
3075,4183806
3075,4475485
3075,5281007
3075,5281104
3075,5282226
3075,5311027
3075,5311048
3075,5311082
3075,5311181
3075,5311297
3075,5329102
3075,5353980
3075,5362420
3075,5381226
3075,5481350
3075,5487301
3075,5493381
3075,5493444
3075,6398525
3075,6398970
3075,6447131
3108,3114
3108,3121
3108,3143
3108,3152
3108,3157
3108,3222
3108,3255
3108,3325
3108,3333
3108,3339
3108,3345
3108,3348
3108,3350
3108,3365
3108,3385
3108,3386
3108,3405
3108,3410
3108,3419
3108,3440
3108,3446
3108,3461
3108,3463
3108,3467
3108,3476
3108,3478
3108,3488
3108,3516
3108,3559
3108,3639
3108,3657
3108,3658
3108,3672
3108,3702
3108,3715
3108,3746
3108,3749
3108,3780
3108,3883
3108,3890
3108,3899
3108,3937
3108,3957
3108,3958
3108,3961
3108,3962
3108,4052
3108,4053
3108,4091
3108,4112
3108,4159
3108,4168
3108,4170
3108,4171
3108,4189
3108,4205
3108,4253
3108,4409
3108,4485
3108,4509
3108,4510
3108,4583
3108,4585
3108,4594
3108,4599
3108,4603
3108,4634
3108,4635
3108,4666
3108,4674
3108,4679
3108,4691
3108,4740
3108,4829
3108,4856
3108,4873
3108,4885
3108,4889
3108,4894
3108,4900
3108,4917
3108,4946
3108,5002
3108,5005
3108,5029
3108,5038
3108,5039
3108,5073
3108,5077
3108,5090
3108,5152
3108,5203
3108,5212
3108,5234
3108,5245
3108,5267
3108,5372
3108,5391
3108,5401
3108,5426
3108,5478
3108,5505
3108,5512
3108,5523
3108,5533
3108,5645
3108,5647
3108,5650
3108,5651
3108,5656
3108,5672
3108,5732
3108,5746
3108,5978
3108,6691
3108,8953
3108,9433
3108,27661
3108,38904
3108,54454
3108,54688
3108,60147
3108,60184
3108,60795
3108,60831
3108,62924
3108,65999
3108,68740
3108,77999
3108,83786
3108,87177
3108,93860
3108,104865
3108,119607
3108,123620
3108,123631
3108,124087
3108,125889
3108,150311
3108,170361
3108,216326
3108,3002190
3108,3085017
3108,3468412
3108,4475485
3108,5311048
3108,5311297
3108,6398525
3114,3121
3114,3152
3114,3222
3114,3325
3114,3345
3114,3440
3114,3476
3114,3780
3114,3883
3114,3958
3114,3961
3114,4171
3114,4485
3114,4510
3114,4583
3114,4594
3114,4635
3114,4889
3114,4894
3114,5039
3114,5267
3114,5647
3114,5650
3114,5732
3114,6691
3114,54454
3114,54688
3114,83786
3114,3085017
3117,3121
3117,3386
3117,3559
3117,3639
3117,3929
3117,3958
3117,4205
3117,4585
3117,5073
3117,28112
3121,3143
3121,3152
3121,3154
3121,3157
3121,3158
3121,3161
3121,3203
3121,3222
3121,3249
3121,3255
3121,3261
3121,3291
3121,3308
3121,3310
3121,3324
3121,3325
3121,3333
3121,3339
3121,3345
3121,3348
3121,3350
3121,3355
3121,3365
3121,3367
3121,3372
3121,3379
3121,3381
3121,3382
3121,3385
3121,3386
3121,3393
3121,3403
3121,3404
3121,3405
3121,3410
3121,3414
3121,3419
3121,3440
3121,3446
3121,3449
3121,3454
3121,3461
3121,3463
3121,3467
3121,3476
3121,3478
3121,3488
3121,3494
3121,3510
3121,3516
3121,3559
3121,3639
3121,3640
3121,3648
3121,3652
3121,3658
3121,3661
3121,3672
3121,3675
3121,3676
3121,3690
3121,3696
3121,3702
3121,3715
3121,3746
3121,3749
3121,3750
3121,3767
3121,3780
3121,3793
3121,3823
3121,3825
3121,3826
3121,3827
3121,3869
3121,3877
3121,3878
3121,3883
3121,3890
3121,3899
3121,3902
3121,3911
3121,3929
3121,3937
3121,3954
3121,3957
3121,3958
3121,3961
3121,3962
3121,3964
3121,4034
3121,4052
3121,4054
3121,4058
3121,4064
3121,4075
3121,4091
3121,4107
3121,4112
3121,4158
3121,4159
3121,4168
3121,4170
3121,4171
3121,4173
3121,4189
3121,4192
3121,4200
3121,4201
3121,4205
3121,4236
3121,4253
3121,4259
3121,4409
3121,4411
3121,4428
3121,4440
3121,4449
3121,4451
3121,4463
3121,4473
3121,4485
3121,4497
3121,4506
3121,4509
3121,4510
3121,4513
3121,4539
3121,4542
3121,4543
3121,4547
3121,4583
3121,4585
3121,4594
3121,4595
3121,4599
3121,4601
3121,4603
3121,4609
3121,4614
3121,4616
3121,4634
3121,4635
3121,4666
3121,4674
3121,4679
3121,4691
3121,4748
3121,4771
3121,4812
3121,4819
3121,4828
3121,4829
3121,4834
3121,4845
3121,4856
3121,4873
3121,4885
3121,4889
3121,4894
3121,4900
3121,4909
3121,4917
3121,4920
3121,4927
3121,4943
3121,4946
3121,4999
3121,5002
3121,5005
3121,5029
3121,5035
3121,5038
3121,5039
3121,5040
3121,5064
3121,5073
3121,5076
3121,5077
3121,5078
3121,5090
3121,5095
3121,5152
3121,5155
3121,5184
3121,5195
3121,5203
3121,5206
3121,5212
3121,5234
3121,5245
3121,5267
3121,5291
3121,5358
3121,5372
3121,5376
3121,5379
3121,5391
3121,5394
3121,5401
3121,5402
3121,5408
3121,5412
3121,5426
3121,5454
3121,5466
3121,5472
3121,5478
3121,5487
3121,5496
3121,5512
3121,5514
3121,5523
3121,5533
3121,5538
3121,5544
3121,5556
3121,5572
3121,5578
3121,5584
3121,5645
3121,5647
3121,5650
3121,5651
3121,5656
3121,5717
3121,5719
3121,5726
3121,5731
3121,5732
3121,5734
3121,5735
3121,5978
3121,6691
3121,8953
3121,9433
3121,10631
3121,16231
3121,19090
3121,27661
3121,27686
3121,27991
3121,28112
3121,34312
3121,38904
3121,39765
3121,41774
3121,41781
3121,51634
3121,54454
3121,54688
3121,54808
3121,54841
3121,56339
3121,57537
3121,59708
3121,60147
3121,60184
3121,60696
3121,60754
3121,60795
3121,60831
3121,60835
3121,60852
3121,60854
3121,60877
3121,60953
3121,62924
3121,64147
3121,65027
3121,65999
3121,68740
3121,71158
3121,71329
3121,74989
3121,77993
3121,77999
3121,83786
3121,87177
3121,104865
3121,110634
3121,110635
3121,115237
3121,119607
3121,123620
3121,123631
3121,124087
3121,125017
3121,125889
3121,130881
3121,148192
3121,150311
3121,152945
3121,154059
3121,156419
3121,160051
3121,170361
3121,176870
3121,213039
3121,216239
3121,443871
3121,444013
3121,667490
3121,3002190
3121,3062316
3121,3081884
3121,3085017
3121,3468412
3121,4475485
3121,4659568
3121,5281104
3121,5311027
3121,5311039
3121,5311048
3121,5311297
3121,5353980
3121,5362070
3121,5381226
3121,5481350
3121,5487301
3121,5493381
3121,6398525
3121,6398970
3121,6447131
3143,3148
3143,3152
3143,3154
3143,3157
3143,3158
3143,3222
3143,3255
3143,3308
3143,3310
3143,3325
3143,3333
3143,3339
3143,3345
3143,3348
3143,3350
3143,3365
3143,3379
3143,3382
3143,3385
3143,3386
3143,3397
3143,3403
3143,3405
3143,3410
3143,3419
3143,3440
3143,3446
3143,3461
3143,3463
3143,3467
3143,3476
3143,3478
3143,3488
3143,3510
3143,3516
3143,3559
3143,3639
3143,3640
3143,3648
3143,3657
3143,3658
3143,3672
3143,3676
3143,3690
3143,3696
3143,3702
3143,3746
3143,3749
3143,3750
3143,3780
3143,3823
3143,3825
3143,3826
3143,3877
3143,3883
3143,3890
3143,3902
3143,3911
3143,3929
3143,3937
3143,3954
3143,3957
3143,3958
3143,3961
3143,3962
3143,4052
3143,4058
3143,4075
3143,4091
3143,4107
3143,4112
3143,4138
3143,4158
3143,4159
3143,4168
3143,4170
3143,4171
3143,4173
3143,4178
3143,4200
3143,4205
3143,4212
3143,4236
3143,4253
3143,4259
3143,4264
3143,4485
3143,4510
3143,4547
3143,4583
3143,4585
3143,4594
3143,4595
3143,4609
3143,4616
3143,4634
3143,4635
3143,4666
3143,4674
3143,4679
3143,4691
3143,4740
3143,4819
3143,4829
3143,4873
3143,4889
3143,4894
3143,4900
3143,4917
3143,4927
3143,4946
3143,5002
3143,5005
3143,5029
3143,5035
3143,5038
3143,5039
3143,5073
3143,5076
3143,5078
3143,5090
3143,5152
3143,5203
3143,5212
3143,5234
3143,5245
3143,5253
3143,5267
3143,5291
3143,5358
3143,5376
3143,5391
3143,5394
3143,5401
3143,5408
3143,5426
3143,5478
3143,5496
3143,5512
3143,5514
3143,5523
3143,5525
3143,5533
3143,5544
3143,5556
3143,5647
3143,5650
3143,5651
3143,5656
3143,5672
3143,5732
3143,5735
3143,5746
3143,5878
3143,6691
3143,8953
3143,9052
3143,10631
3143,19090
3143,24486
3143,27661
3143,28112
3143,38904
3143,41781
3143,47725
3143,54454
3143,54547
3143,54688
3143,59708
3143,60147
3143,60184
3143,60198
3143,60831
3143,60835
3143,60843
3143,60852
3143,60953
3143,62924
3143,65999
3143,68740
3143,72467
3143,77999
3143,82146
3143,83786
3143,87177
3143,93860
3143,104741
3143,110635
3143,119607
3143,123620
3143,123631
3143,124087
3143,125889
3143,130881
3143,148192
3143,148211
3143,150311
3143,151165
3143,152945
3143,163742
3143,176870
3143,216239
3143,216326
3143,443871
3143,1349907
3143,3002190
3143,3468412
3143,4183806
3143,4475485
3143,5282226
3143,5311027
3143,5311048
3143,5311297
3143,5329102
3143,5481350
3143,6398525
3148,3154
3148,3161
3148,3222
3148,3310
3148,3324
3148,3325
3148,3333
3148,3345
3148,3348
3148,3350
3148,3365
3148,3367
3148,3385
3148,3386
3148,3405
3148,3419
3148,3440
3148,3446
3148,3461
3148,3467
3148,3476
3148,3478
3148,3488
3148,3510
3148,3639
3148,3640
3148,3648
3148,3658
3148,3661
3148,3672
3148,3676
3148,3715
3148,3746
3148,3749
3148,3826
3148,3883
3148,3902
3148,3911
3148,3937
3148,3954
3148,3957
3148,3958
3148,3961
3148,3962
3148,4052
3148,4053
3148,4058
3148,4091
3148,4112
3148,4168
3148,4171
3148,4173
3148,4212
3148,4253
3148,4259
3148,4485
3148,4510
3148,4583
3148,4594
3148,4595
3148,4609
3148,4635
3148,4666
3148,4674
3148,4679
3148,4691
3148,4873
3148,4889
3148,4900
3148,4917
3148,4927
3148,4943
3148,5002
3148,5029
3148,5039
3148,5090
3148,5152
3148,5203
3148,5212
3148,5234
3148,5245
3148,5358
3148,5376
3148,5391
3148,5394
3148,5426
3148,5472
3148,5523
3148,5544
3148,5647
3148,5650
3148,5651
3148,5656
3148,5672
3148,5732
3148,5735
3148,5978
3148,6691
3148,8953
3148,14888
3148,19090
3148,38904
3148,54454
3148,54688
3148,59708
3148,60147
3148,60831
3148,60835
3148,60843
3148,60953
3148,62924
3148,64147
3148,68740
3148,77999
3148,83786
3148,87177
3148,93860
3148,119607
3148,130881
3148,148211
3148,151165
3148,216326
3148,3002190
3148,3468412
3148,5281007
3148,5311027
3148,5311048
3148,5311297
3148,6398525
3152,3154
3152,3157
3152,3161
3152,3222
3152,3308
3152,3325
3152,3333
3152,3339
3152,3345
3152,3348
3152,3350
3152,3355
3152,3365
3152,3379
3152,3385
3152,3386
3152,3403
3152,3404
3152,3405
3152,3419
3152,3440
3152,3446
3152,3449
3152,3463
3152,3467
3152,3476
3152,3478
3152,3488
3152,3510
3152,3516
3152,3559
3152,3637
3152,3639
3152,3640
3152,3648
3152,3652
3152,3657
3152,3658
3152,3672
3152,3675
3152,3676
3152,3696
3152,3702
3152,3715
3152,3724
3152,3746
3152,3749
3152,3780
3152,3825
3152,3869
3152,3878
3152,3883
3152,3890
3152,3899
3152,3911
3152,3937
3152,3954
3152,3957
3152,3958
3152,3961
3152,3962
3152,4034
3152,4052
3152,4054
3152,4075
3152,4091
3152,4107
3152,4112
3152,4158
3152,4159
3152,4168
3152,4170
3152,4171
3152,4173
3152,4178
3152,4205
3152,4212
3152,4236
3152,4253
3152,4259
3152,4409
3152,4411
3152,4449
3152,4485
3152,4499
3152,4506
3152,4509
3152,4510
3152,4513
3152,4539
3152,4543
3152,4547
3152,4583
3152,4585
3152,4594
3152,4595
3152,4603
3152,4616
3152,4634
3152,4635
3152,4666
3152,4674
3152,4679
3152,4691
3152,4723
3152,4740
3152,4745
3152,4829
3152,4873
3152,4885
3152,4889
3152,4893
3152,4894
3152,4900
3152,4909
3152,4917
3152,4927
3152,4943
3152,4946
3152,4991
3152,4999
3152,5002
3152,5005
3152,5029
3152,5035
3152,5038
3152,5039
3152,5073
3152,5077
3152,5090
3152,5095
3152,5152
3152,5203
3152,5212
3152,5234
3152,5245
3152,5253
3152,5267
3152,5291
3152,5358
3152,5372
3152,5376
3152,5379
3152,5391
3152,5394
3152,5401
3152,5408
3152,5426
3152,5466
3152,5472
3152,5478
3152,5487
3152,5496
3152,5512
3152,5514
3152,5523
3152,5530
3152,5533
3152,5544
3152,5556
3152,5572
3152,5578
3152,5596
3152,5645
3152,5647
3152,5650
3152,5651
3152,5656
3152,5732
3152,5734
3152,5735
3152,6691
3152,9052
3152,19090
3152,24486
3152,27661
3152,28112
3152,34312
3152,38904
3152,41774
3152,41781
3152,47725
3152,54454
3152,54547
3152,54688
3152,54841
3152,57537
3152,59708
3152,60147
3152,60184
3152,60198
3152,60795
3152,60831
3152,60835
3152,60852
3152,60854
3152,62924
3152,65999
3152,68740
3152,71329
3152,71616
3152,72054
3152,77999
3152,83786
3152,87177
3152,110634
3152,110635
3152,119607
3152,122316
3152,123620
3152,123631
3152,124087
3152,125889
3152,130881
3152,150310
3152,150311
3152,152945
3152,154059
3152,163742
3152,170361
3152,216239
3152,216326
3152,443871
3152,1349907
3152,3085017
3152,3468412
3152,4183806
3152,4475485
3152,4659568
3152,5282226
3152,5311027
3152,5311048
3152,5311297
3152,5487301
3152,6398525
3154,3157
3154,3161
3154,3222
3154,3255
3154,3308
3154,3325
3154,3333
3154,3339
3154,3345
3154,3348
3154,3350
3154,3365
3154,3367
3154,3384
3154,3385
3154,3386
3154,3403
3154,3405
3154,3440
3154,3446
3154,3449
3154,3461
3154,3467
3154,3476
3154,3478
3154,3488
3154,3559
3154,3639
3154,3640
3154,3648
3154,3658
3154,3661
3154,3672
3154,3676
3154,3702
3154,3715
3154,3746
3154,3749
3154,3826
3154,3883
3154,3929
3154,3937
3154,3954
3154,3958
3154,3961
3154,3962
3154,4034
3154,4052
3154,4054
3154,4091
3154,4112
3154,4168
3154,4171
3154,4205
3154,4253
3154,4259
3154,4485
3154,4510
3154,4583
3154,4585
3154,4594
3154,4595
3154,4609
3154,4634
3154,4635
3154,4666
3154,4674
3154,4679
3154,4691
3154,4740
3154,4819
3154,4829
3154,4873
3154,4889
3154,4894
3154,4900
3154,4917
3154,4927
3154,4946
3154,5002
3154,5005
3154,5029
3154,5035
3154,5038
3154,5039
3154,5073
3154,5090
3154,5095
3154,5203
3154,5212
3154,5245
3154,5267
3154,5291
3154,5379
3154,5391
3154,5401
3154,5478
3154,5512
3154,5514
3154,5523
3154,5544
3154,5650
3154,5651
3154,5656
3154,5732
3154,5735
3154,6691
3154,19090
3154,27661
3154,38904
3154,54454
3154,54808
3154,59708
3154,60147
3154,60831
3154,60835
3154,60852
3154,62924
3154,64147
3154,65999
3154,68740
3154,68844
3154,71329
3154,77999
3154,83786
3154,87177
3154,119607
3154,123620
3154,124087
3154,125889
3154,130881
3154,148211
3154,150311
3154,152945
3154,154059
3154,170361
3154,216239
3154,3002190
3154,3468412
3154,4475485
3154,5282226
3154,5311027
3154,5311297
3154,5329102
3157,3158
3157,3161
3157,3222
3157,3249
3157,3255
3157,3305
3157,3308
3157,3325
3157,3333
3157,3339
3157,3345
3157,3348
3157,3350
3157,3365
3157,3367
3157,3379
3157,3382
3157,3385
3157,3386
3157,3393
3157,3403
3157,3404
3157,3405
3157,3410
3157,3419
3157,3440
3157,3446
3157,3449
3157,3454
3157,3461
3157,3463
3157,3467
3157,3476
3157,3478
3157,3488
3157,3510
3157,3516
3157,3559
3157,3637
3157,3639
3157,3640
3157,3648
3157,3652
3157,3657
3157,3658
3157,3672
3157,3676
3157,3696
3157,3702
3157,3715
3157,3746
3157,3749
3157,3750
3157,3763
3157,3767
3157,3780
3157,3784
3157,3793
3157,3823
3157,3825
3157,3869
3157,3877
3157,3878
3157,3883
3157,3890
3157,3899
3157,3902
3157,3911
3157,3928
3157,3929
3157,3937
3157,3954
3157,3957
3157,3958
3157,3961
3157,3962
3157,4034
3157,4052
3157,4054
3157,4075
3157,4091
3157,4107
3157,4112
3157,4138
3157,4158
3157,4159
3157,4168
3157,4170
3157,4171
3157,4173
3157,4178
3157,4189
3157,4201
3157,4205
3157,4236
3157,4253
3157,4259
3157,4409
3157,4411
3157,4449
3157,4485
3157,4499
3157,4506
3157,4509
3157,4510
3157,4513
3157,4543
3157,4547
3157,4583
3157,4585
3157,4594
3157,4595
3157,4599
3157,4601
3157,4603
3157,4609
3157,4616
3157,4634
3157,4635
3157,4666
3157,4674
3157,4679
3157,4691
3157,4740
3157,4771
3157,4829
3157,4873
3157,4885
3157,4889
3157,4893
3157,4894
3157,4900
3157,4909
3157,4917
3157,4927
3157,4943
3157,4946
3157,5002
3157,5005
3157,5029
3157,5035
3157,5038
3157,5039
3157,5040
3157,5064
3157,5073
3157,5076
3157,5077
3157,5090
3157,5095
3157,5152
3157,5155
3157,5203
3157,5206
3157,5210
3157,5212
3157,5234
3157,5245
3157,5253
3157,5267
3157,5291
3157,5352
3157,5358
3157,5372
3157,5376
3157,5379
3157,5391
3157,5394
3157,5401
3157,5402
3157,5408
3157,5412
3157,5426
3157,5466
3157,5472
3157,5478
3157,5487
3157,5496
3157,5505
3157,5512
3157,5514
3157,5523
3157,5525
3157,5533
3157,5544
3157,5556
3157,5578
3157,5584
3157,5645
3157,5647
3157,5650
3157,5651
3157,5656
3157,5719
3157,5732
3157,5735
3157,5978
3157,6691
3157,8953
3157,9052
3157,10631
3157,16231
3157,19090
3157,24486
3157,27661
3157,28112
3157,32797
3157,34312
3157,38904
3157,39765
3157,41317
3157,41774
3157,41781
3157,47320
3157,47725
3157,54454
3157,54688
3157,59708
3157,60147
3157,60184
3157,60754
3157,60795
3157,60831
3157,60835
3157,60852
3157,60854
3157,60953
3157,62924
3157,64147
3157,65999
3157,68740
3157,71329
3157,72054
3157,77999
3157,83786
3157,87177
3157,91270
3157,93860
3157,104865
3157,110634
3157,110635
3157,119607
3157,123620
3157,123631
3157,124087
3157,125889
3157,130881
3157,150311
3157,150610
3157,152945
3157,154059
3157,156419
3157,160051
3157,170361
3157,176168
3157,176870
3157,213039
3157,216239
3157,216326
3157,443871
3157,444013
3157,3085017
3157,3468412
3157,4183806
3157,4475485
3157,4659568
3157,5281104
3157,5282226
3157,5311027
3157,5311039
3157,5311048
3157,5311297
3157,5329102
3157,5353980
3157,5362420
3157,5381226
3157,5481350
3157,5487301
3157,5493444
3157,6398525
3158,3161
3158,3222
3158,3249
3158,3325
3158,3333
3158,3339
3158,3345
3158,3348
3158,3350
3158,3365
3158,3386
3158,3393
3158,3403
3158,3404
3158,3405
3158,3410
3158,3419
3158,3440
3158,3446
3158,3461
3158,3463
3158,3467
3158,3476
3158,3478
3158,3488
3158,3516
3158,3559
3158,3639
3158,3640
3158,3648
3158,3652
3158,3658
3158,3672
3158,3676
3158,3696
3158,3702
3158,3715
3158,3746
3158,3749
3158,3780
3158,3826
3158,3827
3158,3877
3158,3878
3158,3883
3158,3890
3158,3899
3158,3902
3158,3937
3158,3954
3158,3957
3158,3958
3158,3961
3158,3962
3158,4034
3158,4052
3158,4054
3158,4058
3158,4075
3158,4091
3158,4095
3158,4107
3158,4112
3158,4158
3158,4159
3158,4168
3158,4170
3158,4171
3158,4173
3158,4205
3158,4236
3158,4253
3158,4259
3158,4264
3158,4409
3158,4411
3158,4419
3158,4440
3158,4449
3158,4485
3158,4510
3158,4513
3158,4543
3158,4583
3158,4585
3158,4594
3158,4595
3158,4599
3158,4601
3158,4609
3158,4616
3158,4634
3158,4635
3158,4666
3158,4674
3158,4679
3158,4691
3158,4829
3158,4845
3158,4856
3158,4873
3158,4885
3158,4889
3158,4894
3158,4900
3158,4917
3158,4920
3158,4927
3158,4946
3158,5002
3158,5005
3158,5029
3158,5035
3158,5038
3158,5039
3158,5064
3158,5073
3158,5076
3158,5078
3158,5090
3158,5095
3158,5152
3158,5203
3158,5212
3158,5245
3158,5267
3158,5358
3158,5372
3158,5376
3158,5379
3158,5381
3158,5391
3158,5408
3158,5426
3158,5454
3158,5466
3158,5487
3158,5512
3158,5514
3158,5523
3158,5533
3158,5538
3158,5544
3158,5556
3158,5584
3158,5650
3158,5651
3158,5656
3158,5717
3158,5719
3158,5731
3158,5732
3158,5734
3158,5735
3158,6691
3158,10631
3158,19090
3158,24486
3158,27661
3158,28112
3158,32797
3158,34312
3158,38904
3158,41781
3158,48175
3158,54454
3158,54688
3158,54841
3158,59708
3158,60147
3158,60795
3158,60831
3158,60835
3158,60852
3158,60854
3158,62924
3158,65999
3158,68740
3158,71158
3158,77999
3158,83786
3158,87177
3158,110635
3158,115237
3158,119607
3158,123620
3158,124087
3158,125017
3158,125889
3158,130881
3158,148192
3158,150311
3158,170361
3158,216326
3158,443871
3158,3002190
3158,3468412
3158,4475485
3158,5311048
3158,5311297
3158,5353980
3158,5487301
3158,6398525
3161,3203
3161,3222
3161,3249
3161,3255
3161,3308
3161,3310
3161,3324
3161,3325
3161,3333
3161,3339
3161,3345
3161,3348
3161,3350
3161,3365
3161,3367
3161,3379
3161,3384
3161,3385
3161,3386
3161,3393
3161,3403
3161,3404
3161,3405
3161,3410
3161,3419
3161,3440
3161,3446
3161,3449
3161,3454
3161,3461
3161,3463
3161,3467
3161,3476
3161,3478
3161,3488
3161,3494
3161,3510
3161,3516
3161,3559
3161,3639
3161,3640
3161,3648
3161,3652
3161,3657
3161,3658
3161,3661
3161,3672
3161,3676
3161,3696
3161,3702
3161,3715
3161,3746
3161,3749
3161,3750
3161,3767
3161,3780
3161,3793
3161,3823
3161,3826
3161,3827
3161,3878
3161,3883
3161,3890
3161,3899
3161,3911
3161,3929
3161,3937
3161,3954
3161,3957
3161,3958
3161,3961
3161,3962
3161,4034
3161,4044
3161,4052
3161,4054
3161,4058
3161,4075
3161,4091
3161,4107
3161,4112
3161,4158
3161,4159
3161,4168
3161,4170
3161,4171
3161,4173
3161,4189
3161,4200
3161,4205
3161,4236
3161,4253
3161,4259
3161,4409
3161,4411
3161,4449
3161,4485
3161,4499
3161,4510
3161,4513
3161,4542
3161,4543
3161,4583
3161,4585
3161,4594
3161,4595
3161,4599
3161,4601
3161,4609
3161,4614
3161,4616
3161,4634
3161,4635
3161,4666
3161,4674
3161,4679
3161,4691
3161,4740
3161,4829
3161,4834
3161,4856
3161,4873
3161,4885
3161,4889
3161,4894
3161,4900
3161,4917
3161,4920
3161,4927
3161,4943
3161,4946
3161,5002
3161,5005
3161,5029
3161,5035
3161,5038
3161,5039
3161,5040
3161,5064
3161,5073
3161,5076
3161,5077
3161,5078
3161,5090
3161,5095
3161,5152
3161,5155
3161,5203
3161,5212
3161,5234
3161,5245
3161,5267
3161,5297
3161,5358
3161,5379
3161,5381
3161,5391
3161,5394
3161,5401
3161,5402
3161,5408
3161,5412
3161,5426
3161,5466
3161,5478
3161,5487
3161,5496
3161,5512
3161,5514
3161,5523
3161,5533
3161,5538
3161,5544
3161,5578
3161,5647
3161,5650
3161,5651
3161,5656
3161,5672
3161,5719
3161,5731
3161,5732
3161,5735
3161,6691
3161,8953
3161,10631
3161,12536
3161,19090
3161,27661
3161,28112
3161,32797
3161,34312
3161,38904
3161,41781
3161,47725
3161,48175
3161,54374
3161,54454
3161,54688
3161,54808
3161,54841
3161,59708
3161,60147
3161,60164
3161,60184
3161,60696
3161,60795
3161,60831
3161,60835
3161,60854
3161,60865
3161,60953
3161,62924
3161,68740
3161,71158
3161,71329
3161,72054
3161,77999
3161,83786
3161,87177
3161,93860
3161,104865
3161,110634
3161,110635
3161,119607
3161,123620
3161,124087
3161,125889
3161,130881
3161,148211
3161,150311
3161,150610
3161,154059
3161,170361
3161,176870
3161,197712
3161,216326
3161,667490
3161,3002190
3161,3468412
3161,4183806
3161,4475485
3161,4659568
3161,5311039
3161,5311048
3161,5311297
3161,5353980
3161,5362070
3161,5381226
3161,5487301
3161,6398525
3161,6398970
3161,6447131
3168,3325
3168,3345
3168,3386
3168,3405
3168,3440
3168,3446
3168,3467
3168,3639
3168,3648
3168,3661
3168,3672
3168,3676
3168,3763
3168,3826
3168,3878
3168,3883
3168,3958
3168,4168
3168,4171
3168,4192
3168,4253
3168,4419
3168,4510
3168,4585
3168,4594
3168,4595
3168,4616
3168,4635
3168,4675
3168,4679
3168,4873
3168,4917
3168,4927
3168,4943
3168,5002
3168,5039
3168,5073
3168,5090
3168,5203
3168,5206
3168,5234
3168,5391
3168,5514
3168,5523
3168,5656
3168,5732
3168,6691
3168,36339
3168,39765
3168,41693
3168,47320
3168,54454
3168,60696
3168,60854
3168,62924
3168,83786
3198,3345
3198,3365
3198,3405
3198,3440
3198,3446
3198,3478
3198,3823
3198,3877
3198,3883
3198,3890
3198,3937
3198,3954
3198,3958
3198,3961
3198,4091
3198,4171
3198,4583
3198,4594
3198,4691
3198,5073
3198,5155
3198,5726
3198,5732
3198,6691
3198,62924
3198,68740
3198,77999
3198,83786
3198,123620
3198,125889
3203,3222
3203,3279
3203,3310
3203,3324
3203,3325
3203,3339
3203,3345
3203,3348
3203,3350
3203,3365
3203,3386
3203,3405
3203,3414
3203,3419
3203,3440
3203,3446
3203,3454
3203,3463
3203,3467
3203,3476
3203,3478
3203,3488
3203,3639
3203,3640
3203,3652
3203,3657
3203,3658
3203,3672
3203,3702
3203,3706
3203,3715
3203,3749
3203,3767
3203,3793
3203,3823
3203,3827
3203,3877
3203,3878
3203,3883
3203,3937
3203,3954
3203,3957
3203,3958
3203,3961
3203,4091
3203,4095
3203,4112
3203,4159
3203,4168
3203,4171
3203,4173
3203,4205
3203,4236
3203,4253
3203,4259
3203,4451
3203,4463
3203,4543
3203,4583
3203,4585
3203,4594
3203,4595
3203,4616
3203,4634
3203,4635
3203,4666
3203,4679
3203,4691
3203,4829
3203,4873
3203,4889
3203,4894
3203,4900
3203,4917
3203,4927
3203,4993
3203,5002
3203,5029
3203,5038
3203,5039
3203,5064
3203,5076
3203,5090
3203,5155
3203,5203
3203,5212
3203,5215
3203,5234
3203,5267
3203,5297
3203,5372
3203,5391
3203,5402
3203,5408
3203,5523
3203,5544
3203,5645
3203,5647
3203,5650
3203,5651
3203,5656
3203,5726
3203,5732
3203,5734
3203,5878
3203,5978
3203,6691
3203,10631
3203,19090
3203,28112
3203,34312
3203,38904
3203,54454
3203,54688
3203,59708
3203,60147
3203,60787
3203,60831
3203,60871
3203,60877
3203,62924
3203,64147
3203,65027
3203,71616
3203,74989
3203,83786
3203,104865
3203,110635
3203,123620
3203,131536
3203,148192
3203,150311
3203,213039
3203,3002190
3203,4475485
3203,5311297
3203,5353980
3203,5381226
3203,5481350
3203,6398525
3222,3249
3222,3255
3222,3305
3222,3308
3222,3310
3222,3324
3222,3325
3222,3333
3222,3339
3222,3345
3222,3348
3222,3350
3222,3365
3222,3367
3222,3379
3222,3382
3222,3385
3222,3386
3222,3393
3222,3397
3222,3403
3222,3404
3222,3405
3222,3410
3222,3414
3222,3419
3222,3440
3222,3446
3222,3449
3222,3454
3222,3461
3222,3463
3222,3467
3222,3476
3222,3478
3222,3488
3222,3510
3222,3516
3222,3559
3222,3637
3222,3639
3222,3640
3222,3648
3222,3652
3222,3657
3222,3658
3222,3661
3222,3672
3222,3676
3222,3696
3222,3702
3222,3715
3222,3724
3222,3736
3222,3746
3222,3749
3222,3750
3222,3763
3222,3767
3222,3780
3222,3784
3222,3793
3222,3823
3222,3825
3222,3826
3222,3869
3222,3877
3222,3878
3222,3883
3222,3890
3222,3899
3222,3902
3222,3911
3222,3929
3222,3937
3222,3954
3222,3957
3222,3958
3222,3961
3222,3962
3222,4034
3222,4044
3222,4052
3222,4054
3222,4058
3222,4075
3222,4091
3222,4095
3222,4107
3222,4112
3222,4138
3222,4158
3222,4159
3222,4168
3222,4170
3222,4171
3222,4173
3222,4178
3222,4189
3222,4192
3222,4201
3222,4205
3222,4211
3222,4236
3222,4253
3222,4259
3222,4264
3222,4409
3222,4411
3222,4463
3222,4473
3222,4485
3222,4499
3222,4506
3222,4509
3222,4510
3222,4513
3222,4539
3222,4542
3222,4543
3222,4547
3222,4583
3222,4585
3222,4594
3222,4595
3222,4599
3222,4603
3222,4609
3222,4614
3222,4616
3222,4634
3222,4635
3222,4666
3222,4674
3222,4675
3222,4679
3222,4691
3222,4740
3222,4745
3222,4748
3222,4812
3222,4819
3222,4828
3222,4829
3222,4834
3222,4845
3222,4856
3222,4873
3222,4885
3222,4889
3222,4893
3222,4894
3222,4900
3222,4909
3222,4911
3222,4917
3222,4920
3222,4927
3222,4932
3222,4943
3222,4946
3222,4991
3222,5002
3222,5005
3222,5029
3222,5035
3222,5038
3222,5039
3222,5040
3222,5064
3222,5073
3222,5076
3222,5077
3222,5078
3222,5090
3222,5095
3222,5152
3222,5155
3222,5184
3222,5203
3222,5210
3222,5212
3222,5234
3222,5245
3222,5253
3222,5267
3222,5291
3222,5352
3222,5358
3222,5372
3222,5376
3222,5379
3222,5391
3222,5394
3222,5401
3222,5402
3222,5408
3222,5426
3222,5472
3222,5478
3222,5486
3222,5487
3222,5496
3222,5505
3222,5512
3222,5514
3222,5523
3222,5533
3222,5538
3222,5544
3222,5556
3222,5572
3222,5578
3222,5584
3222,5645
3222,5647
3222,5650
3222,5651
3222,5656
3222,5672
3222,5717
3222,5719
3222,5726
3222,5732
3222,5734
3222,5735
3222,5771
3222,5978
3222,6691
3222,8953
3222,9052
3222,9433
3222,10631
3222,16231
3222,19090
3222,24486
3222,27661
3222,27686
3222,27991
3222,28112
3222,32797
3222,34312
3222,38904
3222,39765
3222,41774
3222,41781
3222,47725
3222,54374
3222,54454
3222,54688
3222,54841
3222,56959
3222,57537
3222,59708
3222,60147
3222,60198
3222,60795
3222,60831
3222,60835
3222,60843
3222,60852
3222,60854
3222,60865
3222,60953
3222,62924
3222,64147
3222,65999
3222,68740
3222,71329
3222,71616
3222,72054
3222,77999
3222,83786
3222,87177
3222,91270
3222,93860
3222,104741
3222,104865
3222,110634
3222,110635
3222,115237
3222,119607
3222,123620
3222,123631
3222,124087
3222,125017
3222,125889
3222,130881
3222,148192
3222,150310
3222,150311
3222,150610
3222,151165
3222,152945
3222,154059
3222,156419
3222,160051
3222,163742
3222,170361
3222,176168
3222,176870
3222,197712
3222,213039
3222,216239
3222,216326
3222,443871
3222,508230
3222,1349907
3222,3002190
3222,3062316
3222,3085017
3222,3468412
3222,4183806
3222,4475485
3222,4659568
3222,5281104
3222,5282226
3222,5311027
3222,5311048
3222,5311082
3222,5311181
3222,5311297
3222,5329102
3222,5353980
3222,5362420
3222,5381226
3222,5481350
3222,5487301
3222,5493381
3222,5493444
3222,6398525
3222,6436173
3249,3305
3249,3308
3249,3325
3249,3333
3249,3339
3249,3345
3249,3348
3249,3365
3249,3386
3249,3405
3249,3410
3249,3419
3249,3440
3249,3446
3249,3463
3249,3476
3249,3478
3249,3488
3249,3516
3249,3639
3249,3640
3249,3648
3249,3652
3249,3672
3249,3676
3249,3715
3249,3746
3249,3749
3249,3767
3249,3780
3249,3877
3249,3878
3249,3883
3249,3890
3249,3899
3249,3911
3249,3937
3249,3954
3249,3957
3249,3958
3249,3961
3249,3962
3249,4034
3249,4052
3249,4075
3249,4091
3249,4107
3249,4112
3249,4159
3249,4168
3249,4170
3249,4171
3249,4189
3249,4201
3249,4205
3249,4253
3249,4409
3249,4411
3249,4485
3249,4509
3249,4510
3249,4543
3249,4547
3249,4583
3249,4585
3249,4594
3249,4634
3249,4635
3249,4674
3249,4679
3249,4691
3249,4740
3249,4873
3249,4885
3249,4889
3249,4894
3249,4900
3249,4917
3249,4927
3249,4946
3249,5002
3249,5029
3249,5035
3249,5038
3249,5039
3249,5073
3249,5090
3249,5203
3249,5234
3249,5245
3249,5267
3249,5372
3249,5391
3249,5408
3249,5487
3249,5512
3249,5514
3249,5523
3249,5544
3249,5645
3249,5650
3249,5656
3249,5726
3249,5732
3249,6691
3249,8953
3249,10631
3249,24486
3249,27661
3249,28112
3249,54454
3249,54688
3249,59708
3249,60147
3249,60835
3249,60852
3249,62924
3249,65999
3249,68740
3249,77993
3249,77999
3249,83786
3249,87177
3249,93860
3249,123620
3249,125889
3249,130881
3249,150311
3249,156419
3249,170361
3249,667490
3249,3002190
3249,3081884
3249,3085017
3249,5281104
3249,5282226
3249,5311297
3249,5353980
3249,6398525
3255,3279
3255,3308
3255,3310
3255,3325
3255,3333
3255,3339
3255,3345
3255,3348
3255,3365
3255,3382
3255,3385
3255,3386
3255,3393
3255,3403
3255,3404
3255,3405
3255,3410
3255,3419
3255,3440
3255,3446
3255,3454
3255,3463
3255,3467
3255,3476
3255,3478
3255,3488
3255,3510
3255,3516
3255,3559
3255,3639
3255,3640
3255,3648
3255,3652
3255,3658
3255,3672
3255,3676
3255,3715
3255,3746
3255,3749
3255,3767
3255,3780
3255,3793
3255,3823
3255,3826
3255,3827
3255,3877
3255,3878
3255,3883
3255,3890
3255,3899
3255,3911
3255,3928
3255,3929
3255,3937
3255,3954
3255,3957
3255,3958
3255,3961
3255,3962
3255,4034
3255,4052
3255,4058
3255,4075
3255,4091
3255,4107
3255,4112
3255,4138
3255,4158
3255,4159
3255,4168
3255,4170
3255,4171
3255,4173
3255,4178
3255,4189
3255,4192
3255,4200
3255,4205
3255,4236
3255,4253
3255,4259
3255,4264
3255,4409
3255,4411
3255,4419
3255,4463
3255,4485
3255,4509
3255,4510
3255,4543
3255,4583
3255,4585
3255,4594
3255,4595
3255,4599
3255,4603
3255,4614
3255,4634
3255,4635
3255,4645
3255,4666
3255,4679
3255,4691
3255,4740
3255,4812
3255,4829
3255,4834
3255,4856
3255,4873
3255,4885
3255,4889
3255,4894
3255,4900
3255,4917
3255,4927
3255,4943
3255,4946
3255,4991
3255,5002
3255,5005
3255,5029
3255,5035
3255,5038
3255,5039
3255,5040
3255,5073
3255,5076
3255,5090
3255,5095
3255,5152
3255,5155
3255,5203
3255,5212
3255,5234
3255,5245
3255,5253
3255,5267
3255,5291
3255,5358
3255,5372
3255,5379
3255,5391
3255,5402
3255,5412
3255,5478
3255,5487
3255,5496
3255,5512
3255,5514
3255,5523
3255,5533
3255,5538
3255,5544
3255,5556
3255,5572
3255,5578
3255,5584
3255,5645
3255,5647
3255,5650
3255,5651
3255,5656
3255,5726
3255,5732
3255,5735
3255,6691
3255,8953
3255,9433
3255,10631
3255,24486
3255,27661
3255,27686
3255,27991
3255,28112
3255,32797
3255,36811
3255,38904
3255,39765
3255,41693
3255,41781
3255,48175
3255,51263
3255,54374
3255,54454
3255,54688
3255,54808
3255,54841
3255,59708
3255,60147
3255,60164
3255,60795
3255,60831
3255,60835
3255,60865
3255,60953
3255,62924
3255,68740
3255,71616
3255,77999
3255,83786
3255,87177
3255,93860
3255,104865
3255,110635
3255,119607
3255,123620
3255,123631
3255,124087
3255,125889
3255,130881
3255,145068
3255,148192
3255,150311
3255,170361
3255,504578
3255,3002190
3255,3085017
3255,3468412
3255,4183806
3255,4475485
3255,5311027
3255,5311048
3255,5311297
3255,5353980
3255,5381226
3255,5487301
3255,5493381
3255,6398525
3255,6398970
3261,3325
3261,3345
3261,3365
3261,3386
3261,3393
3261,3404
3261,3405
3261,3440
3261,3446
3261,3476
3261,3488
3261,3559
3261,3672
3261,3715
3261,3746
3261,3825
3261,3877
3261,3883
3261,3899
3261,3929
3261,3937
3261,3954
3261,3957
3261,3958
3261,4044
3261,4052
3261,4058
3261,4112
3261,4158
3261,4159
3261,4168
3261,4171
3261,4173
3261,4253
3261,4409
3261,4506
3261,4510
3261,4513
3261,4583
3261,4585
3261,4594
3261,4635
3261,4679
3261,4691
3261,4740
3261,4873
3261,4889
3261,4900
3261,4927
3261,4999
3261,5002
3261,5029
3261,5039
3261,5064
3261,5073
3261,5076
3261,5090
3261,5152
3261,5155
3261,5203
3261,5212
3261,5267
3261,5391
3261,5408
3261,5487
3261,5512
3261,5514
3261,5523
3261,5556
3261,5572
3261,5645
3261,5650
3261,5651
3261,5656
3261,5732
3261,5735
3261,6691
3261,10631
3261,27661
3261,28112
3261,60787
3261,62924
3261,65999
3261,77999
3261,83786
3261,115237
3261,119607
3261,125889
3261,3468412
3261,5311048
3278,3440
3278,3446
3278,3784
3278,4171
3278,4594
3278,6691
3279,3325
3279,3345
3279,3365
3279,3405
3279,3414
3279,3440
3279,3446
3279,3454
3279,3640
3279,3658
3279,3672
3279,3706
3279,3715
3279,3767
3279,3793
3279,3877
3279,3929
3279,3937
3279,3958
3279,3961
3279,4107
3279,4112
3279,4168
3279,4173
3279,4253
3279,4259
3279,4463
3279,4583
3279,4594
3279,4595
3279,4603
3279,4635
3279,4679
3279,4873
3279,4894
3279,4900
3279,4917
3279,4927
3279,4943
3279,5038
3279,5039
3279,5064
3279,5076
3279,5090
3279,5155
3279,5203
3279,5234
3279,5267
3279,5297
3279,5372
3279,5408
3279,5650
3279,5651
3279,5656
3279,5726
3279,5732
3279,6691
3279,54454
3279,54688
3279,59708
3279,60787
3279,60831
3279,60877
3279,64147
3279,71616
3279,74989
3279,83786
3279,148192
3279,150311
3279,213039
3279,3468412
3279,5311039
3279,5353980
3279,5381226
3279,5481350
3291,3878
3291,5514
3291,34312
3291,59708
3305,3325
3305,3339
3305,3405
3305,3440
3305,3446
3305,3454
3305,3639
3305,3640
3305,3648
3305,3652
3305,3661
3305,3672
3305,3676
3305,3702
3305,3715
3305,3746
3305,3767
3305,3825
3305,3883
3305,3899
3305,3937
3305,3954
3305,3958
3305,3961
3305,4052
3305,4112
3305,4158
3305,4159
3305,4168
3305,4171
3305,4173
3305,4409
3305,4485
3305,4510
3305,4594
3305,4595
3305,4616
3305,4674
3305,4679
3305,4691
3305,4894
3305,4900
3305,4909
3305,5029
3305,5035
3305,5038
3305,5039
3305,5073
3305,5090
3305,5203
3305,5245
3305,5267
3305,5352
3305,5372
3305,5391
3305,5523
3305,5650
3305,5732
3305,6691
3305,27661
3305,54454
3305,54688
3305,60831
3305,62924
3305,65999
3305,83786
3305,87177
3305,123631
3305,3468412
3305,4183806
3305,5353980
3308,3325
3308,3333
3308,3339
3308,3345
3308,3348
3308,3350
3308,3365
3308,3379
3308,3385
3308,3386
3308,3393
3308,3394
3308,3403
3308,3404
3308,3405
3308,3410
3308,3419
3308,3440
3308,3446
3308,3461
3308,3463
3308,3476
3308,3478
3308,3488
3308,3510
3308,3516
3308,3639
3308,3640
3308,3652
3308,3658
3308,3672
3308,3676
3308,3696
3308,3715
3308,3746
3308,3749
3308,3767
3308,3780
3308,3823
3308,3825
3308,3826
3308,3878
3308,3883
3308,3890
3308,3899
3308,3902
3308,3911
3308,3937
3308,3957
3308,3958
3308,3961
3308,3962
3308,4034
3308,4052
3308,4054
3308,4058
3308,4091
3308,4107
3308,4112
3308,4158
3308,4159
3308,4168
3308,4170
3308,4171
3308,4205
3308,4236
3308,4253
3308,4259
3308,4409
3308,4411
3308,4449
3308,4485
3308,4510
3308,4513
3308,4543
3308,4547
3308,4583
3308,4585
3308,4594
3308,4595
3308,4603
3308,4609
3308,4634
3308,4635
3308,4666
3308,4674
3308,4679
3308,4691
3308,4740
3308,4829
3308,4856
3308,4873
3308,4885
3308,4889
3308,4894
3308,4900
3308,4917
3308,4927
3308,4946
3308,5002
3308,5005
3308,5029
3308,5035
3308,5038
3308,5039
3308,5064
3308,5073
3308,5078
3308,5090
3308,5095
3308,5152
3308,5203
3308,5210
3308,5212
3308,5245
3308,5267
3308,5352
3308,5358
3308,5372
3308,5376
3308,5379
3308,5381
3308,5391
3308,5401
3308,5402
3308,5487
3308,5512
3308,5514
3308,5523
3308,5533
3308,5544
3308,5556
3308,5645
3308,5647
3308,5650
3308,5651
3308,5656
3308,5731
3308,5732
3308,5735
3308,6691
3308,10631
3308,19090
3308,27661
3308,32797
3308,38904
3308,41781
3308,47725
3308,54454
3308,54688
3308,59708
3308,60147
3308,60795
3308,60831
3308,60835
3308,60854
3308,62924
3308,65999
3308,68740
3308,77993
3308,77999
3308,83786
3308,87177
3308,91270
3308,93860
3308,110635
3308,119607
3308,123620
3308,124087
3308,125889
3308,130881
3308,150311
3308,150610
3308,152945
3308,154059
3308,170361
3308,443871
3308,3002190
3308,3468412
3308,4183806
3308,4475485
3308,4659568
3308,5311297
3308,5353980
3308,5487301
3308,6398525
3308,6918453
3310,3324
3310,3325
3310,3339
3310,3345
3310,3348
3310,3350
3310,3365
3310,3367
3310,3385
3310,3386
3310,3405
3310,3410
3310,3440
3310,3446
3310,3454
3310,3461
3310,3467
3310,3476
3310,3478
3310,3488
3310,3510
3310,3559
3310,3639
3310,3640
3310,3648
3310,3657
3310,3658
3310,3661
3310,3672
3310,3676
3310,3690
3310,3746
3310,3749
3310,3750
3310,3793
3310,3821
3310,3825
3310,3877
3310,3883
3310,3911
3310,3929
3310,3937
3310,3954
3310,3957
3310,3958
3310,3961
3310,4053
3310,4058
3310,4091
3310,4112
3310,4159
3310,4168
3310,4171
3310,4173
3310,4200
3310,4205
3310,4211
3310,4212
3310,4253
3310,4259
3310,4419
3310,4425
3310,4485
3310,4510
3310,4513
3310,4539
3310,4543
3310,4583
3310,4585
3310,4594
3310,4595
3310,4603
3310,4609
3310,4616
3310,4634
3310,4635
3310,4666
3310,4674
3310,4679
3310,4691
3310,4812
3310,4829
3310,4834
3310,4873
3310,4894
3310,4900
3310,4917
3310,4927
3310,4943
3310,4946
3310,5029
3310,5038
3310,5039
3310,5076
3310,5090
3310,5184
3310,5203
3310,5212
3310,5234
3310,5267
3310,5291
3310,5372
3310,5376
3310,5379
3310,5391
3310,5394
3310,5426
3310,5453
3310,5478
3310,5496
3310,5512
3310,5514
3310,5515
3310,5523
3310,5538
3310,5544
3310,5556
3310,5578
3310,5645
3310,5647
3310,5650
3310,5651
3310,5656
3310,5672
3310,5732
3310,5734
3310,5746
3310,5978
3310,6691
3310,8953
3310,13342
3310,14888
3310,19090
3310,24486
3310,27661
3310,34312
3310,38904
3310,41781
3310,47725
3310,54374
3310,54454
3310,54688
3310,59708
3310,60147
3310,60184
3310,60754
3310,60831
3310,60953
3310,62924
3310,65999
3310,68740
3310,71616
3310,72467
3310,77999
3310,83786
3310,87177
3310,93860
3310,119182
3310,123620
3310,123631
3310,124087
3310,125889
3310,130881
3310,147912
3310,148211
3310,150311
3310,151165
3310,216326
3310,444013
3310,667490
3310,3062316
3310,3085017
3310,3468412
3310,4475485
3310,5311039
3310,5311048
3310,5311297
3310,5353980
3310,5473385
3310,6398525
3324,3325
3324,3339
3324,3345
3324,3348
3324,3350
3324,3365
3324,3367
3324,3386
3324,3405
3324,3419
3324,3440
3324,3446
3324,3463
3324,3467
3324,3476
3324,3478
3324,3488
3324,3510
3324,3639
3324,3652
3324,3672
3324,3676
3324,3746
3324,3877
3324,3878
3324,3883
3324,3890
3324,3937
3324,3957
3324,3958
3324,3961
3324,4052
3324,4091
3324,4112
3324,4158
3324,4159
3324,4168
3324,4170
3324,4171
3324,4173
3324,4205
3324,4236
3324,4253
3324,4259
3324,4409
3324,4485
3324,4509
3324,4583
3324,4585
3324,4594
3324,4595
3324,4614
3324,4635
3324,4674
3324,4679
3324,4691
3324,4873
3324,4885
3324,4889
3324,4894
3324,4900
3324,4911
3324,4917
3324,4927
3324,4946
3324,5002
3324,5029
3324,5035
3324,5038
3324,5039
3324,5040
3324,5064
3324,5076
3324,5090
3324,5203
3324,5245
3324,5267
3324,5358
3324,5372
3324,5379
3324,5391
3324,5402
3324,5408
3324,5426
3324,5512
3324,5514
3324,5523
3324,5538
3324,5544
3324,5647
3324,5650
3324,5651
3324,5656
3324,5719
3324,5732
3324,5735
3324,5878
3324,5978
3324,6691
3324,8953
3324,10631
3324,19090
3324,27661
3324,34312
3324,38904
3324,54454
3324,54688
3324,59708
3324,60831
3324,60835
3324,60865
3324,62924
3324,64147
3324,68740
3324,74989
3324,77999
3324,83786
3324,87177
3324,93860
3324,119607
3324,125889
3324,130881
3324,148211
3324,150311
3324,213039
3324,216326
3324,3468412
3324,4475485
3324,5311048
3324,5311297
3324,5481350
3325,3333
3325,3339
3325,3345
3325,3348
3325,3350
3325,3365
3325,3367
3325,3379
3325,3382
3325,3385
3325,3386
3325,3393
3325,3394
3325,3397
3325,3403
3325,3404
3325,3405
3325,3410
3325,3414
3325,3419
3325,3440
3325,3446
3325,3449
3325,3454
3325,3461
3325,3463
3325,3467
3325,3476
3325,3478
3325,3488
3325,3494
3325,3510
3325,3516
3325,3559
3325,3637
3325,3639
3325,3640
3325,3648
3325,3652
3325,3657
3325,3658
3325,3661
3325,3672
3325,3676
3325,3690
3325,3696
3325,3702
3325,3715
3325,3724
3325,3730
3325,3734
3325,3741
3325,3746
3325,3749
3325,3750
3325,3763
3325,3767
3325,3780
3325,3784
3325,3793
3325,3821
3325,3823
3325,3825
3325,3826
3325,3827
3325,3869
3325,3877
3325,3878
3325,3883
3325,3890
3325,3899
3325,3902
3325,3911
3325,3929
3325,3937
3325,3954
3325,3957
3325,3958
3325,3961
3325,3962
3325,4034
3325,4044
3325,4052
3325,4053
3325,4054
3325,4058
3325,4075
3325,4091
3325,4107
3325,4112
3325,4138
3325,4158
3325,4159
3325,4168
3325,4170
3325,4171
3325,4173
3325,4178
3325,4189
3325,4192
3325,4200
3325,4201
3325,4205
3325,4212
3325,4236
3325,4253
3325,4259
3325,4264
3325,4409
3325,4411
3325,4419
3325,4449
3325,4463
3325,4473
3325,4485
3325,4499
3325,4506
3325,4509
3325,4510
3325,4513
3325,4539
3325,4543
3325,4547
3325,4583
3325,4585
3325,4594
3325,4595
3325,4599
3325,4601
3325,4603
3325,4609
3325,4614
3325,4616
3325,4634
3325,4635
3325,4666
3325,4674
3325,4675
3325,4679
3325,4691
3325,4727
3325,4740
3325,4745
3325,4748
3325,4771
3325,4812
3325,4819
3325,4829
3325,4834
3325,4845
3325,4856
3325,4873
3325,4885
3325,4889
3325,4893
3325,4894
3325,4900
3325,4909
3325,4911
3325,4917
3325,4920
3325,4927
3325,4943
3325,4946
3325,4991
3325,4999
3325,5002
3325,5005
3325,5029
3325,5035
3325,5038
3325,5039
3325,5040
3325,5064
3325,5073
3325,5076
3325,5077
3325,5078
3325,5090
3325,5095
3325,5152
3325,5155
3325,5184
3325,5203
3325,5206
3325,5210
3325,5212
3325,5234
3325,5245
3325,5253
3325,5267
3325,5291
3325,5352
3325,5358
3325,5372
3325,5376
3325,5379
3325,5391
3325,5394
3325,5401
3325,5402
3325,5408
3325,5412
3325,5426
3325,5466
3325,5472
3325,5478
3325,5487
3325,5496
3325,5512
3325,5514
3325,5515
3325,5523
3325,5525
3325,5533
3325,5538
3325,5544
3325,5556
3325,5572
3325,5578
3325,5593
3325,5645
3325,5647
3325,5650
3325,5651
3325,5656
3325,5672
3325,5717
3325,5719
3325,5726
3325,5731
3325,5732
3325,5734
3325,5735
3325,5771
3325,5978
3325,6691
3325,8953
3325,9433
3325,10631
3325,13342
3325,14888
3325,19090
3325,24486
3325,27661
3325,27686
3325,27991
3325,28112
3325,32797
3325,34312
3325,36339
3325,38904
3325,39765
3325,41774
3325,41781
3325,47725
3325,54374
3325,54454
3325,54547
3325,54688
3325,54841
3325,56339
3325,59708
3325,60147
3325,60184
3325,60198
3325,60612
3325,60696
3325,60754
3325,60787
3325,60795
3325,60815
3325,60831
3325,60835
3325,60843
3325,60852
3325,60854
3325,60865
3325,60871
3325,60877
3325,60953
3325,62924
3325,64147
3325,65999
3325,68740
3325,68844
3325,71329
3325,71616
3325,72054
3325,72467
3325,74989
3325,77993
3325,77999
3325,83786
3325,87177
3325,93860
3325,104741
3325,104865
3325,110634
3325,110635
3325,119182
3325,119607
3325,123620
3325,123631
3325,124087
3325,125889
3325,130881
3325,131536
3325,148192
3325,148211
3325,150310
3325,150311
3325,151165
3325,152945
3325,153941
3325,154059
3325,156419
3325,160051
3325,163742
3325,170361
3325,176870
3325,197712
3325,213039
3325,216239
3325,216326
3325,443871
3325,444033
3325,508230
3325,667490
3325,1349907
3325,3002190
3325,3062316
3325,3081884
3325,3085017
3325,3468412
3325,4183806
3325,4475485
3325,4659568
3325,5281104
3325,5282226
3325,5311027
3325,5311039
3325,5311048
3325,5311082
3325,5311181
3325,5311297
3325,5329102
3325,5353980
3325,5381226
3325,5481350
3325,5487301
3325,5493381
3325,6398525
3325,6398970
3325,6435110
3325,6447131
3333,3339
3333,3345
3333,3348
3333,3350
3333,3355
3333,3365
3333,3379
3333,3385
3333,3386
3333,3403
3333,3405
3333,3410
3333,3419
3333,3440
3333,3446
3333,3449
3333,3461
3333,3463
3333,3476
3333,3478
3333,3488
3333,3516
3333,3559
3333,3637
3333,3639
3333,3640
3333,3648
3333,3652
3333,3657
3333,3658
3333,3672
3333,3676
3333,3702
3333,3715
3333,3746
3333,3749
3333,3780
3333,3793
3333,3823
3333,3825
3333,3826
3333,3869
3333,3877
3333,3878
3333,3883
3333,3890
3333,3899
3333,3911
3333,3914
3333,3928
3333,3929
3333,3937
3333,3954
3333,3957
3333,3958
3333,3961
3333,3962
3333,4034
3333,4052
3333,4054
3333,4075
3333,4091
3333,4107
3333,4112
3333,4138
3333,4159
3333,4168
3333,4170
3333,4171
3333,4173
3333,4201
3333,4205
3333,4236
3333,4253
3333,4259
3333,4409
3333,4411
3333,4485
3333,4509
3333,4510
3333,4542
3333,4543
3333,4547
3333,4583
3333,4585
3333,4594
3333,4595
3333,4599
3333,4609
3333,4616
3333,4634
3333,4635
3333,4666
3333,4674
3333,4679
3333,4691
3333,4740
3333,4829
3333,4856
3333,4873
3333,4885
3333,4889
3333,4894
3333,4900
3333,4909
3333,4917
3333,4927
3333,4932
3333,4943
3333,4946
3333,5002
3333,5005
3333,5029
3333,5035
3333,5038
3333,5039
3333,5040
3333,5064
3333,5073
3333,5076
3333,5090
3333,5095
3333,5152
3333,5203
3333,5212
3333,5234
3333,5245
3333,5253
3333,5267
3333,5291
3333,5352
3333,5372
3333,5379
3333,5391
3333,5394
3333,5401
3333,5402
3333,5408
3333,5426
3333,5478
3333,5512
3333,5514
3333,5523
3333,5544
3333,5584
3333,5645
3333,5647
3333,5650
3333,5651
3333,5656
3333,5732
3333,5735
3333,5746
3333,6691
3333,8953
3333,10631
3333,19090
3333,24011
3333,27661
3333,28112
3333,32797
3333,38904
3333,41774
3333,41781
3333,54374
3333,54454
3333,54688
3333,56959
3333,59708
3333,60147
3333,60184
3333,60754
3333,60795
3333,60831
3333,60835
3333,60852
3333,62924
3333,65999
3333,68740
3333,71329
3333,71616
3333,77999
3333,83786
3333,87177
3333,93860
3333,104865
3333,110634
3333,110635
3333,119607
3333,123620
3333,123631
3333,124087
3333,125889
3333,130881
3333,150311
3333,152945
3333,154059
3333,156419
3333,170361
3333,176168
3333,197712
3333,216239
3333,216326
3333,443871
3333,508230
3333,3085017
3333,3468412
3333,4475485
3333,5281007
3333,5281104
3333,5282226
3333,5311027
3333,5311048
3333,5311181
3333,5311297
3333,5329102
3333,5353980
3333,5487301
3333,5493444
3333,6398525
3339,3345
3339,3348
3339,3350
3339,3355
3339,3365
3339,3367
3339,3379
3339,3382
3339,3384
3339,3385
3339,3386
3339,3393
3339,3403
3339,3404
3339,3405
3339,3410
3339,3419
3339,3440
3339,3446
3339,3449
3339,3461
3339,3463
3339,3467
3339,3476
3339,3478
3339,3488
3339,3516
3339,3559
3339,3639
3339,3640
3339,3648
3339,3652
3339,3657
3339,3658
3339,3672
3339,3676
3339,3696
3339,3702
3339,3706
3339,3715
3339,3741
3339,3746
3339,3749
3339,3780
3339,3784
3339,3793
3339,3823
3339,3825
3339,3826
3339,3877
3339,3878
3339,3883
3339,3890
3339,3899
3339,3902
3339,3911
3339,3929
3339,3937
3339,3954
3339,3957
3339,3958
3339,3961
3339,3962
3339,4034
3339,4044
3339,4052
3339,4054
3339,4058
3339,4075
3339,4091
3339,4095
3339,4107
3339,4112
3339,4138
3339,4158
3339,4159
3339,4168
3339,4170
3339,4171
3339,4173
3339,4189
3339,4195
3339,4201
3339,4205
3339,4236
3339,4253
3339,4259
3339,4409
3339,4411
3339,4449
3339,4463
3339,4473
3339,4485
3339,4499
3339,4509
3339,4510
3339,4513
3339,4536
3339,4539
3339,4542
3339,4543
3339,4547
3339,4583
3339,4585
3339,4594
3339,4595
3339,4599
3339,4601
3339,4609
3339,4614
3339,4616
3339,4634
3339,4635
3339,4666
3339,4674
3339,4679
3339,4691
3339,4740
3339,4748
3339,4771
3339,4819
3339,4828
3339,4829
3339,4845
3339,4856
3339,4873
3339,4885
3339,4889
3339,4894
3339,4900
3339,4909
3339,4917
3339,4920
3339,4927
3339,4943
3339,4946
3339,4999
3339,5002
3339,5005
3339,5029
3339,5035
3339,5038
3339,5039
3339,5040
3339,5064
3339,5073
3339,5076
3339,5077
3339,5078
3339,5090
3339,5095
3339,5152
3339,5155
3339,5203
3339,5210
3339,5212
3339,5234
3339,5245
3339,5253
3339,5267
3339,5291
3339,5352
3339,5358
3339,5372
3339,5376
3339,5379
3339,5391
3339,5394
3339,5401
3339,5402
3339,5408
3339,5426
3339,5454
3339,5472
3339,5478
3339,5487
3339,5496
3339,5512
3339,5514
3339,5523
3339,5525
3339,5533
3339,5538
3339,5544
3339,5556
3339,5572
3339,5645
3339,5647
3339,5650
3339,5651
3339,5656
3339,5717
3339,5719
3339,5726
3339,5731
3339,5732
3339,5734
3339,5735
3339,5878
3339,5978
3339,6691
3339,8953
3339,9052
3339,10631
3339,16231
3339,19090
3339,24486
3339,27661
3339,28112
3339,32797
3339,34312
3339,38904
3339,41317
3339,41774
3339,41781
3339,54374
3339,54454
3339,54688
3339,54841
3339,56959
3339,59708
3339,60147
3339,60184
3339,60198
3339,60754
3339,60787
3339,60795
3339,60831
3339,60835
3339,60852
3339,60854
3339,60865
3339,60877
3339,60953
3339,62924
3339,65027
3339,65999
3339,68740
3339,68844
3339,71158
3339,71329
3339,72054
3339,74989
3339,77993
3339,77999
3339,82146
3339,83786
3339,87177
3339,91270
3339,93860
3339,104865
3339,110634
3339,110635
3339,119607
3339,123620
3339,124087
3339,125017
3339,125889
3339,130881
3339,131536
3339,148192
3339,150310
3339,150311
3339,152945
3339,154059
3339,156419
3339,160051
3339,163742
3339,170361
3339,197712
3339,213039
3339,216239
3339,216326
3339,443871
3339,667490
3339,3002190
3339,3062316
3339,3081884
3339,3085017
3339,3468412
3339,4183806
3339,4475485
3339,5281104
3339,5311027
3339,5311048
3339,5311297
3339,5329102
3339,5353980
3339,5481350
3339,5487301
3339,5493381
3339,5493444
3339,6398525
3339,6398970
3339,6447131
3345,3348
3345,3350
3345,3355
3345,3365
3345,3367
3345,3373
3345,3379
3345,3382
3345,3385
3345,3386
3345,3393
3345,3394
3345,3397
3345,3403
3345,3404
3345,3405
3345,3410
3345,3419
3345,3440
3345,3446
3345,3449
3345,3454
3345,3461
3345,3463
3345,3467
3345,3476
3345,3478
3345,3488
3345,3494
3345,3510
3345,3516
3345,3559
3345,3562
3345,3639
3345,3640
3345,3648
3345,3652
3345,3657
3345,3658
3345,3661
3345,3672
3345,3676
3345,3690
3345,3696
3345,3702
3345,3715
3345,3724
3345,3734
3345,3746
3345,3749
3345,3750
3345,3763
3345,3767
3345,3780
3345,3784
3345,3793
3345,3821
3345,3823
3345,3825
3345,3826
3345,3869
3345,3877
3345,3878
3345,3883
3345,3890
3345,3899
3345,3902
3345,3911
3345,3929
3345,3937
3345,3954
3345,3957
3345,3958
3345,3961
3345,3962
3345,3964
3345,4034
3345,4044
3345,4052
3345,4053
3345,4054
3345,4058
3345,4064
3345,4075
3345,4091
3345,4095
3345,4107
3345,4112
3345,4138
3345,4158
3345,4159
3345,4168
3345,4170
3345,4171
3345,4173
3345,4178
3345,4189
3345,4192
3345,4200
3345,4201
3345,4205
3345,4212
3345,4236
3345,4253
3345,4259
3345,4264
3345,4409
3345,4411
3345,4419
3345,4425
3345,4440
3345,4449
3345,4463
3345,4473
3345,4485
3345,4497
3345,4499
3345,4506
3345,4509
3345,4510
3345,4513
3345,4536
3345,4539
3345,4542
3345,4543
3345,4547
3345,4583
3345,4585
3345,4594
3345,4595
3345,4599
3345,4601
3345,4603
3345,4607
3345,4609
3345,4614
3345,4616
3345,4634
3345,4635
3345,4666
3345,4674
3345,4675
3345,4679
3345,4691
3345,4736
3345,4740
3345,4748
3345,4812
3345,4819
3345,4829
3345,4834
3345,4845
3345,4856
3345,4873
3345,4885
3345,4889
3345,4894
3345,4900
3345,4909
3345,4911
3345,4917
3345,4920
3345,4927
3345,4943
3345,4946
3345,4991
3345,5002
3345,5005
3345,5029
3345,5035
3345,5038
3345,5039
3345,5040
3345,5064
3345,5070
3345,5073
3345,5076
3345,5077
3345,5078
3345,5090
3345,5095
3345,5152
3345,5155
3345,5184
3345,5203
3345,5206
3345,5210
3345,5212
3345,5234
3345,5245
3345,5253
3345,5267
3345,5291
3345,5352
3345,5358
3345,5372
3345,5376
3345,5379
3345,5391
3345,5394
3345,5401
3345,5402
3345,5408
3345,5412
3345,5426
3345,5466
3345,5472
3345,5478
3345,5487
3345,5496
3345,5512
3345,5514
3345,5515
3345,5523
3345,5533
3345,5538
3345,5544
3345,5556
3345,5578
3345,5596
3345,5645
3345,5647
3345,5650
3345,5651
3345,5656
3345,5672
3345,5717
3345,5719
3345,5726
3345,5731
3345,5732
3345,5734
3345,5735
3345,5771
3345,5878
3345,5978
3345,6691
3345,8953
3345,9052
3345,9433
3345,10631
3345,12536
3345,13342
3345,14888
3345,16231
3345,19090
3345,24486
3345,27661
3345,27686
3345,27991
3345,28112
3345,32797
3345,34312
3345,36339
3345,36811
3345,38904
3345,39765
3345,41693
3345,41774
3345,41781
3345,42113
3345,47320
3345,47725
3345,51263
3345,54374
3345,54454
3345,54547
3345,54688
3345,54841
3345,56339
3345,56959
3345,57537
3345,59708
3345,60147
3345,60164
3345,60184
3345,60198
3345,60612
3345,60696
3345,60795
3345,60815
3345,60831
3345,60835
3345,60843
3345,60852
3345,60854
3345,60865
3345,60877
3345,60953
3345,62924
3345,64147
3345,65999
3345,68740
3345,71273
3345,71329
3345,71616
3345,72054
3345,72467
3345,74989
3345,77993
3345,77999
3345,83786
3345,87177
3345,91270
3345,93860
3345,104741
3345,104865
3345,110634
3345,110635
3345,115237
3345,119607
3345,123606
3345,123620
3345,123631
3345,124087
3345,125017
3345,125889
3345,130881
3345,131536
3345,145068
3345,147912
3345,148192
3345,148211
3345,150310
3345,150311
3345,150610
3345,151165
3345,152945
3345,154059
3345,156419
3345,160051
3345,163742
3345,170361
3345,176168
3345,176870
3345,197712
3345,213039
3345,216239
3345,216326
3345,443871
3345,504578
3345,657298
3345,667490
3345,1349907
3345,3002190
3345,3062316
3345,3081884
3345,3085017
3345,3468412
3345,4183806
3345,4475485
3345,5281007
3345,5281104
3345,5282044
3345,5282226
3345,5311027
3345,5311039
3345,5311048
3345,5311082
3345,5311181
3345,5311297
3345,5329102
3345,5353980
3345,5381226
3345,5481350
3345,5487301
3345,5493381
3345,5493444
3345,6398525
3348,3350
3348,3355
3348,3365
3348,3379
3348,3382
3348,3385
3348,3386
3348,3393
3348,3403
3348,3404
3348,3405
3348,3410
3348,3419
3348,3440
3348,3446
3348,3449
3348,3461
3348,3463
3348,3467
3348,3476
3348,3478
3348,3488
3348,3494
3348,3510
3348,3516
3348,3559
3348,3639
3348,3640
3348,3642
3348,3648
3348,3652
3348,3657
3348,3658
3348,3672
3348,3676
3348,3696
3348,3702
3348,3706
3348,3715
3348,3736
3348,3746
3348,3749
3348,3750
3348,3767
3348,3780
3348,3784
3348,3793
3348,3823
3348,3825
3348,3826
3348,3827
3348,3869
3348,3877
3348,3878
3348,3883
3348,3890
3348,3899
3348,3902
3348,3911
3348,3914
3348,3929
3348,3937
3348,3954
3348,3957
3348,3958
3348,3961
3348,3962
3348,4034
3348,4052
3348,4054
3348,4058
3348,4075
3348,4091
3348,4095
3348,4107
3348,4112
3348,4138
3348,4158
3348,4159
3348,4168
3348,4170
3348,4171
3348,4173
3348,4200
3348,4205
3348,4212
3348,4236
3348,4253
3348,4259
3348,4264
3348,4409
3348,4411
3348,4440
3348,4449
3348,4451
3348,4463
3348,4485
3348,4499
3348,4509
3348,4510
3348,4513
3348,4536
3348,4542
3348,4543
3348,4547
3348,4583
3348,4585
3348,4594
3348,4595
3348,4599
3348,4601
3348,4603
3348,4609
3348,4614
3348,4616
3348,4634
3348,4635
3348,4666
3348,4674
3348,4679
3348,4691
3348,4740
3348,4748
3348,4771
3348,4819
3348,4829
3348,4845
3348,4856
3348,4873
3348,4885
3348,4889
3348,4894
3348,4900
3348,4909
3348,4917
3348,4920
3348,4927
3348,4943
3348,4946
3348,4991
3348,4999
3348,5002
3348,5005
3348,5029
3348,5035
3348,5038
3348,5039
3348,5064
3348,5073
3348,5076
3348,5077
3348,5078
3348,5090
3348,5095
3348,5152
3348,5155
3348,5184
3348,5203
3348,5210
3348,5212
3348,5234
3348,5245
3348,5253
3348,5267
3348,5291
3348,5352
3348,5358
3348,5372
3348,5376
3348,5379
3348,5391
3348,5394
3348,5401
3348,5402
3348,5408
3348,5412
3348,5426
3348,5466
3348,5478
3348,5487
3348,5496
3348,5512
3348,5514
3348,5523
3348,5533
3348,5538
3348,5544
3348,5556
3348,5578
3348,5596
3348,5645
3348,5647
3348,5650
3348,5651
3348,5656
3348,5672
3348,5717
3348,5719
3348,5721
3348,5726
3348,5731
3348,5732
3348,5734
3348,5735
3348,5978
3348,6691
3348,8953
3348,10631
3348,12536
3348,16231
3348,19090
3348,24011
3348,24486
3348,27661
3348,27686
3348,28112
3348,32797
3348,34312
3348,38904
3348,41317
3348,41774
3348,41781
3348,47725
3348,54374
3348,54454
3348,54547
3348,54688
3348,54786
3348,54808
3348,54841
3348,57469
3348,57537
3348,59708
3348,60147
3348,60164
3348,60184
3348,60198
3348,60795
3348,60831
3348,60835
3348,60843
3348,60852
3348,60854
3348,60865
3348,60871
3348,60953
3348,62924
3348,65999
3348,68740
3348,68844
3348,71329
3348,72054
3348,72938
3348,77993
3348,77999
3348,83786
3348,87177
3348,91270
3348,93860
3348,104865
3348,110634
3348,110635
3348,119607
3348,122316
3348,123606
3348,123620
3348,123631
3348,124087
3348,125017
3348,125889
3348,130881
3348,131536
3348,148192
3348,148211
3348,150310
3348,150311
3348,151165
3348,152945
3348,154059
3348,156419
3348,160051
3348,163742
3348,170361
3348,176870
3348,197712
3348,216239
3348,216326
3348,443871
3348,504578
3348,667490
3348,3002190
3348,3081884
3348,3085017
3348,3468412
3348,4183806
3348,4475485
3348,4659568
3348,5281104
3348,5282226
3348,5311027
3348,5311048
3348,5311181
3348,5311297
3348,5329102
3348,5353980
3348,5362420
3348,5381226
3348,5481350
3348,5487301
3348,5493381
3348,6398525
3348,6398970
3348,6435110
3348,6447131
3350,3355
3350,3365
3350,3367
3350,3379
3350,3382
3350,3385
3350,3386
3350,3393
3350,3397
3350,3403
3350,3405
3350,3410
3350,3419
3350,3440
3350,3446
3350,3449
3350,3461
3350,3463
3350,3467
3350,3476
3350,3478
3350,3488
3350,3510
3350,3516
3350,3559
3350,3639
3350,3640
3350,3648
3350,3652
3350,3657
3350,3658
3350,3672
3350,3676
3350,3702
3350,3715
3350,3746
3350,3749
3350,3750
3350,3780
3350,3784
3350,3823
3350,3825
3350,3826
3350,3878
3350,3883
3350,3890
3350,3899
3350,3911
3350,3937
3350,3954
3350,3957
3350,3958
3350,3961
3350,3962
3350,4034
3350,4052
3350,4053
3350,4054
3350,4075
3350,4091
3350,4107
3350,4112
3350,4158
3350,4168
3350,4170
3350,4171
3350,4173
3350,4200
3350,4201
3350,4205
3350,4236
3350,4253
3350,4259
3350,4409
3350,4463
3350,4485
3350,4509
3350,4510
3350,4513
3350,4543
3350,4547
3350,4583
3350,4585
3350,4594
3350,4595
3350,4599
3350,4609
3350,4616
3350,4634
3350,4635
3350,4666
3350,4674
3350,4679
3350,4691
3350,4740
3350,4819
3350,4828
3350,4829
3350,4856
3350,4873
3350,4885
3350,4889
3350,4894
3350,4900
3350,4909
3350,4917
3350,4927
3350,4943
3350,4946
3350,4991
3350,5002
3350,5005
3350,5029
3350,5035
3350,5038
3350,5039
3350,5040
3350,5052
3350,5064
3350,5073
3350,5076
3350,5077
3350,5090
3350,5095
3350,5152
3350,5203
3350,5212
3350,5234
3350,5245
3350,5253
3350,5267
3350,5291
3350,5352
3350,5358
3350,5372
3350,5379
3350,5391
3350,5394
3350,5401
3350,5402
3350,5408
3350,5412
3350,5426
3350,5472
3350,5478
3350,5487
3350,5512
3350,5514
3350,5523
3350,5533
3350,5538
3350,5544
3350,5556
3350,5596
3350,5647
3350,5650
3350,5651
3350,5656
3350,5732
3350,5735
3350,6691
3350,8953
3350,9052
3350,10631
3350,14888
3350,19090
3350,27661
3350,27991
3350,28112
3350,34312
3350,38904
3350,41774
3350,41781
3350,47725
3350,54454
3350,54688
3350,54841
3350,56959
3350,57537
3350,59708
3350,60147
3350,60184
3350,60795
3350,60831
3350,60835
3350,60843
3350,60852
3350,60953
3350,62924
3350,65999
3350,68740
3350,71329
3350,71616
3350,77999
3350,83786
3350,87177
3350,93860
3350,110634
3350,110635
3350,119607
3350,122316
3350,123620
3350,123631
3350,124087
3350,125889
3350,130881
3350,148192
3350,148211
3350,150310
3350,150311
3350,152945
3350,154059
3350,160051
3350,170361
3350,216239
3350,216326
3350,443871
3350,1349907
3350,3085017
3350,3468412
3350,4183806
3350,4475485
3350,4659568
3350,5282226
3350,5311027
3350,5311048
3350,5311297
3350,5329102
3350,5353980
3350,5362420
3350,5481350
3350,5487301
3350,6398525
3350,6398970
3355,3385
3355,3386
3355,3405
3355,3440
3355,3446
3355,3449
3355,3461
3355,3476
3355,3478
3355,3639
3355,3652
3355,3657
3355,3672
3355,3702
3355,3746
3355,3749
3355,3780
3355,3793
3355,3878
3355,3883
3355,3890
3355,3899
3355,3902
3355,3937
3355,3957
3355,3958
3355,3961
3355,4054
3355,4091
3355,4107
3355,4112
3355,4168
3355,4170
3355,4171
3355,4173
3355,4205
3355,4253
3355,4411
3355,4473
3355,4485
3355,4509
3355,4510
3355,4583
3355,4594
3355,4595
3355,4616
3355,4635
3355,4679
3355,4691
3355,4829
3355,4856
3355,4873
3355,4885
3355,4889
3355,4894
3355,4900
3355,4917
3355,4920
3355,4927
3355,4943
3355,4946
3355,5029
3355,5035
3355,5038
3355,5039
3355,5073
3355,5090
3355,5095
3355,5152
3355,5203
3355,5212
3355,5245
3355,5253
3355,5267
3355,5291
3355,5391
3355,5401
3355,5650
3355,5656
3355,5732
3355,6691
3355,9052
3355,10631
3355,16231
3355,27661
3355,38904
3355,41774
3355,54454
3355,54688
3355,60184
3355,60831
3355,60835
3355,60843
3355,60852
3355,62924
3355,65999
3355,68740
3355,77999
3355,83786
3355,93860
3355,123620
3355,124087
3355,125889
3355,130881
3355,150311
3355,152945
3355,163742
3355,176870
3355,3002190
3355,4475485
3355,5311048
3355,5311297
3355,5353980
3365,3367
3365,3379
3365,3382
3365,3385
3365,3386
3365,3393
3365,3403
3365,3404
3365,3405
3365,3410
3365,3414
3365,3419
3365,3440
3365,3446
3365,3454
3365,3461
3365,3463
3365,3467
3365,3476
3365,3478
3365,3488
3365,3494
3365,3510
3365,3516
3365,3559
3365,3637
3365,3639
3365,3640
3365,3648
3365,3652
3365,3657
3365,3658
3365,3661
3365,3672
3365,3676
3365,3690
3365,3696
3365,3702
3365,3706
3365,3715
3365,3736
3365,3746
3365,3749
3365,3750
3365,3767
3365,3780
3365,3784
3365,3793
3365,3823
3365,3825
3365,3826
3365,3827
3365,3869
3365,3877
3365,3878
3365,3883
3365,3890
3365,3899
3365,3902
3365,3911
3365,3914
3365,3929
3365,3937
3365,3954
3365,3957
3365,3958
3365,3961
3365,3962
3365,4034
3365,4044
3365,4052
3365,4053
3365,4054
3365,4058
3365,4064
3365,4075
3365,4091
3365,4095
3365,4107
3365,4112
3365,4138
3365,4158
3365,4159
3365,4168
3365,4170
3365,4171
3365,4173
3365,4178
3365,4189
3365,4192
3365,4200
3365,4205
3365,4212
3365,4236
3365,4253
3365,4259
3365,4264
3365,4409
3365,4411
3365,4419
3365,4425
3365,4449
3365,4451
3365,4463
3365,4485
3365,4506
3365,4509
3365,4510
3365,4513
3365,4536
3365,4539
3365,4542
3365,4543
3365,4547
3365,4583
3365,4585
3365,4594
3365,4595
3365,4599
3365,4601
3365,4603
3365,4607
3365,4609
3365,4614
3365,4616
3365,4634
3365,4635
3365,4666
3365,4674
3365,4679
3365,4691
3365,4739
3365,4740
3365,4771
3365,4812
3365,4819
3365,4829
3365,4834
3365,4845
3365,4856
3365,4873
3365,4885
3365,4889
3365,4894
3365,4900
3365,4909
3365,4911
3365,4917
3365,4920
3365,4927
3365,4943
3365,4946
3365,4993
3365,4999
3365,5002
3365,5005
3365,5029
3365,5035
3365,5038
3365,5039
3365,5040
3365,5064
3365,5073
3365,5076
3365,5078
3365,5090
3365,5095
3365,5152
3365,5155
3365,5184
3365,5203
3365,5206
3365,5212
3365,5215
3365,5234
3365,5245
3365,5253
3365,5267
3365,5291
3365,5358
3365,5372
3365,5376
3365,5379
3365,5391
3365,5394
3365,5401
3365,5402
3365,5408
3365,5412
3365,5426
3365,5453
3365,5478
3365,5487
3365,5496
3365,5512
3365,5514
3365,5523
3365,5533
3365,5538
3365,5544
3365,5556
3365,5578
3365,5593
3365,5645
3365,5647
3365,5650
3365,5651
3365,5656
3365,5672
3365,5717
3365,5719
3365,5726
3365,5731
3365,5732
3365,5734
3365,5735
3365,5771
3365,5878
3365,5978
3365,6691
3365,8953
3365,9433
3365,10631
3365,13342
3365,14888
3365,19090
3365,24486
3365,27661
3365,27686
3365,28112
3365,32797
3365,34312
3365,36339
3365,36811
3365,38904
3365,39765
3365,41693
3365,41774
3365,41781
3365,47725
3365,51263
3365,54374
3365,54454
3365,54547
3365,54688
3365,54841
3365,56339
3365,57469
3365,59708
3365,60147
3365,60164
3365,60184
3365,60198
3365,60696
3365,60754
3365,60787
3365,60795
3365,60815
3365,60831
3365,60835
3365,60843
3365,60854
3365,60865
3365,60871
3365,60877
3365,60953
3365,62924
3365,64147
3365,65027
3365,65999
3365,68740
3365,71273
3365,71329
3365,71616
3365,72054
3365,72467
3365,74989
3365,77999
3365,83786
3365,87177
3365,93860
3365,104741
3365,104865
3365,110634
3365,110635
3365,119182
3365,119607
3365,123620
3365,123631
3365,124087
3365,125889
3365,130881
3365,131536
3365,145068
3365,147912
3365,148192
3365,148211
3365,150311
3365,150610
3365,151165
3365,154059
3365,156419
3365,163742
3365,170361
3365,176870
3365,213039
3365,216239
3365,216326
3365,443871
3365,508230
3365,667490
3365,3002190
3365,3062316
3365,3085017
3365,3468412
3365,4183806
3365,4475485
3365,5281007
3365,5281104
3365,5282044
3365,5311027
3365,5311039
3365,5311048
3365,5311297
3365,5329102
3365,5353980
3365,5381226
3365,5481350
3365,5487301
3365,5493381
3365,6398525
3365,6398970
3365,6447131
3367,3385
3367,3386
3367,3405
3367,3414
3367,3440
3367,3446
3367,3454
3367,3461
3367,3467
3367,3476
3367,3478
3367,3488
3367,3510
3367,3639
3367,3640
3367,3648
3367,3657
3367,3658
3367,3661
3367,3672
3367,3676
3367,3690
3367,3749
3367,3793
3367,3825
3367,3877
3367,3883
3367,3914
3367,3929
3367,3937
3367,3954
3367,3957
3367,3958
3367,3961
3367,3962
3367,4052
3367,4053
3367,4091
3367,4112
3367,4159
3367,4168
3367,4171
3367,4173
3367,4205
3367,4253
3367,4259
3367,4485
3367,4510
3367,4539
3367,4583
3367,4585
3367,4594
3367,4595
3367,4609
3367,4635
3367,4679
3367,4691
3367,4730
3367,4739
3367,4812
3367,4829
3367,4834
3367,4873
3367,4889
3367,4893
3367,4894
3367,4900
3367,4917
3367,4943
3367,5029
3367,5038
3367,5039
3367,5064
3367,5203
3367,5267
3367,5291
3367,5372
3367,5376
3367,5391
3367,5401
3367,5426
3367,5453
3367,5478
3367,5496
3367,5538
3367,5544
3367,5556
3367,5578
3367,5645
3367,5647
3367,5650
3367,5651
3367,5656
3367,5732
3367,5978
3367,6691
3367,8953
3367,10631
3367,13342
3367,19090
3367,27661
3367,38904
3367,41781
3367,54374
3367,54454
3367,54688
3367,59708
3367,60147
3367,60184
3367,62924
3367,64147
3367,68740
3367,71616
3367,72467
3367,74989
3367,77999
3367,83786
3367,87177
3367,93860
3367,147912
3367,148211
3367,216326
3367,508230
3367,667490
3367,3468412
3367,5311027
3367,5311039
3367,5311048
3367,5311297
3367,5473385
3367,6398525
3372,3386
3372,3404
3372,3405
3372,3440
3372,3446
3372,3559
3372,3639
3372,3672
3372,3878
3372,3937
3372,3958
3372,4091
3372,4205
3372,4585
3372,4594
3372,4691
3372,4946
3372,5002
3372,5039
3372,5073
3372,5203
3372,5391
3372,5572
3372,5656
3372,5732
3372,28112
3372,34312
3372,54454
3372,60795
3372,60854
3373,3405
3373,3440
3373,3559
3373,3676
3373,3958
3373,4159
3373,4171
3373,4205
3373,4253
3373,4425
3373,4594
3373,4834
3373,4943
3373,5206
3373,41781
3373,60696
3373,60843
3379,3405
3379,3410
3379,3419
3379,3440
3379,3446
3379,3463
3379,3478
3379,3488
3379,3516
3379,3639
3379,3672
3379,3746
3379,3780
3379,3937
3379,3957
3379,3962
3379,4168
3379,4171
3379,4236
3379,4253
3379,4485
3379,4510
3379,4594
3379,4873
3379,4900
3379,5002
3379,5039
3379,5203
3379,5267
3379,5379
3379,6691
3379,27661
3379,54454
3379,59708
3379,77999
3379,83786
3379,123620
3382,3405
3382,3440
3382,3446
3382,3672
3382,3883
3382,3937
3382,3958
3382,3961
3382,4509
3382,4583
3382,4594
3382,4691
3382,4900
3382,4927
3382,5090
3382,5544
3382,5732
3382,32797
3382,62924
3385,3386
3385,3405
3385,3440
3385,3446
3385,3461
3385,3463
3385,3476
3385,3478
3385,3488
3385,3510
3385,3559
3385,3639
3385,3640
3385,3648
3385,3657
3385,3661
3385,3672
3385,3676
3385,3702
3385,3746
3385,3749
3385,3750
3385,3825
3385,3883
3385,3890
3385,3902
3385,3937
3385,3954
3385,3957
3385,3958
3385,3961
3385,4052
3385,4091
3385,4112
3385,4158
3385,4159
3385,4168
3385,4171
3385,4173
3385,4205
3385,4212
3385,4253
3385,4485
3385,4510
3385,4583
3385,4594
3385,4595
3385,4609
3385,4616
3385,4634
3385,4635
3385,4666
3385,4674
3385,4679
3385,4691
3385,4829
3385,4873
3385,4889
3385,4894
3385,4900
3385,4917
3385,4927
3385,4946
3385,5005
3385,5029
3385,5038
3385,5039
3385,5073
3385,5090
3385,5095
3385,5203
3385,5234
3385,5245
3385,5267
3385,5376
3385,5391
3385,5426
3385,5512
3385,5544
3385,5556
3385,5645
3385,5650
3385,5651
3385,5656
3385,5672
3385,5732
3385,5746
3385,5978
3385,6691
3385,8953
3385,19090
3385,27661
3385,38904
3385,47725
3385,54374
3385,54454
3385,60147
3385,60198
3385,60831
3385,60953
3385,62924
3385,65999
3385,68740
3385,77999
3385,83786
3385,87177
3385,104741
3385,123631
3385,130881
3385,148211
3385,150311
3385,151165
3385,3468412
3385,4183806
3385,4475485
3385,5311048
3385,5311297
3385,5329102
3385,6398525
3386,3393
3386,3403
3386,3404
3386,3405
3386,3410
3386,3419
3386,3440
3386,3446
3386,3449
3386,3461
3386,3463
3386,3467
3386,3476
3386,3478
3386,3488
3386,3510
3386,3516
3386,3559
3386,3639
3386,3640
3386,3648
3386,3652
3386,3658
3386,3672
3386,3676
3386,3696
3386,3702
3386,3715
3386,3746
3386,3749
3386,3767
3386,3780
3386,3825
3386,3826
3386,3869
3386,3877
3386,3878
3386,3883
3386,3890
3386,3899
3386,3902
3386,3911
3386,3929
3386,3937
3386,3954
3386,3957
3386,3958
3386,3961
3386,3962
3386,4034
3386,4052
3386,4054
3386,4058
3386,4075
3386,4091
3386,4095
3386,4107
3386,4112
3386,4158
3386,4159
3386,4168
3386,4170
3386,4171
3386,4173
3386,4205
3386,4236
3386,4253
3386,4259
3386,4409
3386,4411
3386,4449
3386,4463
3386,4485
3386,4509
3386,4510
3386,4513
3386,4539
3386,4542
3386,4543
3386,4583
3386,4585
3386,4594
3386,4595
3386,4599
3386,4601
3386,4609
3386,4614
3386,4616
3386,4634
3386,4635
3386,4666
3386,4674
3386,4679
3386,4691
3386,4740
3386,4748
3386,4771
3386,4819
3386,4829
3386,4856
3386,4873
3386,4885
3386,4889
3386,4894
3386,4900
3386,4909
3386,4917
3386,4920
3386,4927
3386,4943
3386,4946
3386,5002
3386,5005
3386,5029
3386,5035
3386,5038
3386,5039
3386,5040
3386,5064
3386,5073
3386,5076
3386,5077
3386,5078
3386,5090
3386,5095
3386,5152
3386,5203
3386,5210
3386,5212
3386,5245
3386,5267
3386,5291
3386,5352
3386,5358
3386,5372
3386,5376
3386,5379
3386,5391
3386,5394
3386,5401
3386,5402
3386,5408
3386,5426
3386,5454
3386,5466
3386,5487
3386,5512
3386,5514
3386,5523
3386,5533
3386,5538
3386,5544
3386,5556
3386,5572
3386,5578
3386,5584
3386,5647
3386,5650
3386,5651
3386,5656
3386,5717
3386,5719
3386,5731
3386,5732
3386,5734
3386,5735
3386,6691
3386,10631
3386,19090
3386,27661
3386,28112
3386,32797
3386,34312
3386,38904
3386,54454
3386,54688
3386,54841
3386,59708
3386,60147
3386,60184
3386,60198
3386,60795
3386,60831
3386,60835
3386,60852
3386,60854
3386,60865
3386,60953
3386,62924
3386,65999
3386,68740
3386,71158
3386,72054
3386,77993
3386,77999
3386,83786
3386,87177
3386,93860
3386,104865
3386,110634
3386,110635
3386,115237
3386,119607
3386,123620
3386,123631
3386,124087
3386,125889
3386,130881
3386,150311
3386,152945
3386,154059
3386,170361
3386,197712
3386,213039
3386,216239
3386,216326
3386,3002190
3386,3081884
3386,3468412
3386,4183806
3386,4475485
3386,4659568
3386,5311048
3386,5311181
3386,5311297
3386,5329102
3386,5353980
3386,5362070
3386,5381226
3386,5481350
3386,5487301
3386,6398525
3393,3405
3393,3440
3393,3446
3393,3559
3393,3658
3393,3672
3393,3676
3393,3746
3393,3883
3393,3937
3393,3958
3393,4058
3393,4171
3393,4205
3393,4253
3393,4543
3393,4585
3393,4594
3393,4635
3393,4679
3393,4691
3393,4900
3393,4917
3393,4927
3393,4946
3393,5002
3393,5038
3393,5064
3393,5073
3393,5090
3393,5203
3393,5391
3393,5650
3393,5656
3393,5732
3393,6691
3393,28112
3393,62924
3393,5311297
3394,3405
3394,3883
3394,4112
3394,4691
3394,4900
3394,5039
3394,54454
3397,3440
3397,3911
3397,6691
3397,47725
3397,68740
3403,3405
3403,3440
3403,3446
3403,3463
3403,3476
3403,3478
3403,3488
3403,3639
3403,3658
3403,3672
3403,3746
3403,3749
3403,3878
3403,3883
3403,3890
3403,3937
3403,3957
3403,3958
3403,3961
3403,3962
3403,4052
3403,4091
3403,4112
3403,4168
3403,4170
3403,4171
3403,4205
3403,4253
3403,4510
3403,4583
3403,4585
3403,4594
3403,4595
3403,4634
3403,4635
3403,4679
3403,4691
3403,4829
3403,4873
3403,4889
3403,4894
3403,4900
3403,4927
3403,4946
3403,5002
3403,5005
3403,5029
3403,5035
3403,5038
3403,5039
3403,5090
3403,5203
3403,5212
3403,5245
3403,5267
3403,5391
3403,5512
3403,5523
3403,5544
3403,5647
3403,5650
3403,5656
3403,5732
3403,6691
3403,27661
3403,41781
3403,54454
3403,60147
3403,60831
3403,60835
3403,62924
3403,65999
3403,77999
3403,83786
3403,119607
3403,123620
3403,125889
3403,130881
3403,150311
3403,4475485
3403,5311297
3404,3440
3404,3446
3404,3559
3404,3878
3404,3883
3404,3937
3404,3957
3404,3958
3404,4052
3404,4091
3404,4158
3404,4205
3404,4236
3404,4506
3404,4585
3404,4594
3404,4635
3404,4691
3404,4889
3404,4927
3404,4946
3404,4999
3404,5002
3404,5039
3404,5073
3404,5203
3404,5514
3404,5533
3404,5556
3404,5572
3404,5650
3404,5656
3404,5732
3404,6691
3404,28112
3404,54454
3404,54841
3404,60795
3404,60835
3404,60854
3404,62924
3404,83786
3404,5311297
3405,3410
3405,3419
3405,3440
3405,3446
3405,3449
3405,3454
3405,3461
3405,3463
3405,3467
3405,3476
3405,3478
3405,3488
3405,3510
3405,3516
3405,3559
3405,3639
3405,3640
3405,3648
3405,3652
3405,3657
3405,3658
3405,3672
3405,3676
3405,3696
3405,3702
3405,3715
3405,3746
3405,3749
3405,3750
3405,3763
3405,3767
3405,3780
3405,3784
3405,3793
3405,3825
3405,3826
3405,3869
3405,3877
3405,3883
3405,3890
3405,3899
3405,3902
3405,3911
3405,3929
3405,3937
3405,3954
3405,3957
3405,3958
3405,3961
3405,3962
3405,4034
3405,4052
3405,4054
3405,4058
3405,4075
3405,4091
3405,4107
3405,4112
3405,4138
3405,4158
3405,4159
3405,4168
3405,4170
3405,4171
3405,4173
3405,4201
3405,4205
3405,4212
3405,4236
3405,4253
3405,4259
3405,4264
3405,4409
3405,4411
3405,4463
3405,4485
3405,4499
3405,4506
3405,4509
3405,4510
3405,4513
3405,4543
3405,4547
3405,4583
3405,4585
3405,4594
3405,4595
3405,4599
3405,4601
3405,4609
3405,4614
3405,4616
3405,4634
3405,4635
3405,4666
3405,4674
3405,4679
3405,4691
3405,4740
3405,4812
3405,4819
3405,4829
3405,4845
3405,4856
3405,4873
3405,4885
3405,4889
3405,4894
3405,4900
3405,4909
3405,4911
3405,4917
3405,4920
3405,4927
3405,4943
3405,4946
3405,5002
3405,5005
3405,5029
3405,5035
3405,5038
3405,5039
3405,5040
3405,5064
3405,5073
3405,5076
3405,5077
3405,5078
3405,5090
3405,5095
3405,5152
3405,5155
3405,5203
3405,5212
3405,5234
3405,5245
3405,5253
3405,5267
3405,5291
3405,5352
3405,5358
3405,5372
3405,5376
3405,5379
3405,5391
3405,5401
3405,5402
3405,5408
3405,5412
3405,5426
3405,5478
3405,5487
3405,5512
3405,5514
3405,5523
3405,5533
3405,5538
3405,5544
3405,5556
3405,5578
3405,5645
3405,5647
3405,5650
3405,5651
3405,5656
3405,5672
3405,5717
3405,5719
3405,5726
3405,5731
3405,5732
3405,5734
3405,5735
3405,5978
3405,6691
3405,8953
3405,10631
3405,14888
3405,19090
3405,24011
3405,24486
3405,27661
3405,28112
3405,32797
3405,34312
3405,38904
3405,41774
3405,41781
3405,54374
3405,54454
3405,54688
3405,54841
3405,60147
3405,60184
3405,60754
3405,60795
3405,60831
3405,60835
3405,60843
3405,60852
3405,60854
3405,60865
3405,60953
3405,62924
3405,64147
3405,65999
3405,68740
3405,71329
3405,71616
3405,72054
3405,74989
3405,77999
3405,83786
3405,87177
3405,91270
3405,93860
3405,104865
3405,110634
3405,110635
3405,119607
3405,123620
3405,123631
3405,124087
3405,125889
3405,130881
3405,148192
3405,148211
3405,150311
3405,150610
3405,151165
3405,152945
3405,154059
3405,156419
3405,160051
3405,170361
3405,176168
3405,176870
3405,197712
3405,213039
3405,216239
3405,216326
3405,443871
3405,667490
3405,3002190
3405,3081884
3405,3085017
3405,3468412
3405,4183806
3405,4475485
3405,4479097
3405,4659568
3405,5281104
3405,5282226
3405,5311027
3405,5311048
3405,5311181
3405,5311297
3405,5329102
3405,5353980
3405,5362070
3405,5381226
3405,5481350
3405,5487301
3405,5493381
3405,6398525
3405,6398970
3405,6918453
3410,3440
3410,3446
3410,3463
3410,3478
3410,3488
3410,3516
3410,3639
3410,3640
3410,3672
3410,3746
3410,3883
3410,3937
3410,3957
3410,3958
3410,3961
3410,4091
3410,4159
3410,4168
3410,4171
3410,4253
3410,4259
3410,4510
3410,4583
3410,4594
3410,4595
3410,4679
3410,4691
3410,4873
3410,4889
3410,4894
3410,4900
3410,4927
3410,5029
3410,5038
3410,5039
3410,5090
3410,5152
3410,5203
3410,5245
3410,5267
3410,5512
3410,5544
3410,5650
3410,5656
3410,5732
3410,6691
3410,27661
3410,38904
3410,54454
3410,60831
3410,62924
3410,77999
3410,83786
3410,123620
3410,124087
3410,150311
3410,170361
3410,3002190
3410,4475485
3410,5311297
3414,3440
3414,3454
3414,3640
3414,3877
3414,4112
3414,4253
3414,4594
3414,4894
3414,5076
3414,5155
3414,5372
3414,5645
3414,5651
3414,5726
3414,54688
3414,71616
3414,74989
3414,148192
3419,3440
3419,3446
3419,3463
3419,3476
3419,3478
3419,3488
3419,3559
3419,3639
3419,3640
3419,3652
3419,3658
3419,3672
3419,3702
3419,3715
3419,3746
3419,3749
3419,3780
3419,3883
3419,3890
3419,3899
3419,3937
3419,3957
3419,3958
3419,3961
3419,3962
3419,4052
3419,4091
3419,4112
3419,4168
3419,4170
3419,4171
3419,4173
3419,4205
3419,4253
3419,4485
3419,4510
3419,4543
3419,4583
3419,4585
3419,4594
3419,4634
3419,4635
3419,4679
3419,4691
3419,4740
3419,4829
3419,4873
3419,4889
3419,4894
3419,4900
3419,4927
3419,4946
3419,5002
3419,5029
3419,5038
3419,5039
3419,5073
3419,5090
3419,5095
3419,5152
3419,5203
3419,5212
3419,5245
3419,5267
3419,5379
3419,5391
3419,5401
3419,5512
3419,5523
3419,5544
3419,5650
3419,5656
3419,5732
3419,5735
3419,6691
3419,27661
3419,28112
3419,41781
3419,54454
3419,60147
3419,60831
3419,60835
3419,62924
3419,77999
3419,83786
3419,110635
3419,119607
3419,125889
3419,150311
3419,170361
3419,4475485
3419,5311297
3419,5353980
3440,3446
3440,3449
3440,3454
3440,3461
3440,3463
3440,3467
3440,3476
3440,3478
3440,3488
3440,3494
3440,3510
3440,3516
3440,3559
3440,3637
3440,3639
3440,3640
3440,3648
3440,3652
3440,3657
3440,3658
3440,3661
3440,3672
3440,3676
3440,3690
3440,3696
3440,3702
3440,3715
3440,3724
3440,3736
3440,3746
3440,3749
3440,3750
3440,3767
3440,3780
3440,3784
3440,3793
3440,3823
3440,3825
3440,3826
3440,3869
3440,3877
3440,3878
3440,3883
3440,3890
3440,3899
3440,3902
3440,3911
3440,3929
3440,3937
3440,3954
3440,3957
3440,3958
3440,3961
3440,3962
3440,4034
3440,4052
3440,4053
3440,4054
3440,4058
3440,4064
3440,4075
3440,4091
3440,4095
3440,4107
3440,4112
3440,4138
3440,4158
3440,4159
3440,4168
3440,4170
3440,4171
3440,4173
3440,4178
3440,4189
3440,4192
3440,4200
3440,4201
3440,4205
3440,4212
3440,4236
3440,4253
3440,4259
3440,4264
3440,4409
3440,4411
3440,4419
3440,4425
3440,4449
3440,4451
3440,4463
3440,4473
3440,4485
3440,4499
3440,4506
3440,4509
3440,4510
3440,4513
3440,4539
3440,4543
3440,4547
3440,4583
3440,4585
3440,4594
3440,4595
3440,4599
3440,4601
3440,4603
3440,4607
3440,4609
3440,4614
3440,4616
3440,4634
3440,4635
3440,4666
3440,4674
3440,4675
3440,4679
3440,4691
3440,4740
3440,4745
3440,4748
3440,4771
3440,4812
3440,4819
3440,4828
3440,4829
3440,4834
3440,4845
3440,4856
3440,4873
3440,4885
3440,4889
3440,4893
3440,4894
3440,4900
3440,4909
3440,4911
3440,4917
3440,4920
3440,4927
3440,4932
3440,4943
3440,4946
3440,4991
3440,4999
3440,5002
3440,5005
3440,5029
3440,5035
3440,5038
3440,5039
3440,5040
3440,5064
3440,5073
3440,5076
3440,5077
3440,5078
3440,5090
3440,5095
3440,5152
3440,5155
3440,5203
3440,5206
3440,5210
3440,5212
3440,5234
3440,5245
3440,5253
3440,5267
3440,5291
3440,5352
3440,5358
3440,5372
3440,5376
3440,5379
3440,5391
3440,5394
3440,5401
3440,5402
3440,5408
3440,5412
3440,5426
3440,5466
3440,5472
3440,5478
3440,5486
3440,5487
3440,5496
3440,5512
3440,5514
3440,5523
3440,5525
3440,5533
3440,5538
3440,5544
3440,5556
3440,5572
3440,5578
3440,5584
3440,5596
3440,5645
3440,5647
3440,5650
3440,5651
3440,5656
3440,5672
3440,5717
3440,5719
3440,5726
3440,5732
3440,5734
3440,5735
3440,5978
3440,6691
3440,8953
3440,9052
3440,9433
3440,10631
3440,14888
3440,16231
3440,19090
3440,24011
3440,24486
3440,27661
3440,28112
3440,32797
3440,34312
3440,36339
3440,36811
3440,38904
3440,39765
3440,41317
3440,41693
3440,41774
3440,41781
3440,47725
3440,51263
3440,54374
3440,54454
3440,54547
3440,54688
3440,54786
3440,56959
3440,57537
3440,59708
3440,60147
3440,60184
3440,60198
3440,60612
3440,60696
3440,60754
3440,60787
3440,60795
3440,60831
3440,60835
3440,60843
3440,60852
3440,60854
3440,60865
3440,60871
3440,60953
3440,62924
3440,64147
3440,65999
3440,68740
3440,68844
3440,71329
3440,71616
3440,72054
3440,74989
3440,77999
3440,83786
3440,87177
3440,91270
3440,93860
3440,104741
3440,104865
3440,110634
3440,110635
3440,119607
3440,123620
3440,123631
3440,124087
3440,125017
3440,125889
3440,130881
3440,145068
3440,148192
3440,148211
3440,150310
3440,150311
3440,150610
3440,151165
3440,152945
3440,153941
3440,154059
3440,156419
3440,160051
3440,163742
3440,170361
3440,176168
3440,176870
3440,197712
3440,213039
3440,216239
3440,216326
3440,443871
3440,444013
3440,504578
3440,508230
3440,667490
3440,1349907
3440,3002190
3440,3062316
3440,3081884
3440,3085017
3440,3468412
3440,4183806
3440,4475485
3440,4659568
3440,5281104
3440,5282044
3440,5282226
3440,5311027
3440,5311039
3440,5311048
3440,5311082
3440,5311181
3440,5311297
3440,5329102
3440,5353980
3440,5362420
3440,5381226
3440,5481350
3440,5487301
3440,5493381
3440,5493444
3440,6398525
3440,6398970
3440,6435110
3440,6447131
3446,3449
3446,3454
3446,3461
3446,3463
3446,3467
3446,3476
3446,3478
3446,3488
3446,3510
3446,3516
3446,3559
3446,3639
3446,3640
3446,3648
3446,3652
3446,3657
3446,3658
3446,3661
3446,3672
3446,3675
3446,3676
3446,3690
3446,3696
3446,3702
3446,3715
3446,3736
3446,3746
3446,3749
3446,3750
3446,3767
3446,3780
3446,3784
3446,3793
3446,3823
3446,3825
3446,3826
3446,3869
3446,3877
3446,3878
3446,3883
3446,3890
3446,3899
3446,3902
3446,3911
3446,3929
3446,3937
3446,3954
3446,3957
3446,3958
3446,3961
3446,3962
3446,4034
3446,4052
3446,4054
3446,4058
3446,4064
3446,4075
3446,4091
3446,4095
3446,4107
3446,4112
3446,4158
3446,4159
3446,4168
3446,4170
3446,4171
3446,4173
3446,4201
3446,4205
3446,4212
3446,4236
3446,4253
3446,4259
3446,4264
3446,4409
3446,4411
3446,4440
3446,4449
3446,4463
3446,4485
3446,4499
3446,4509
3446,4510
3446,4513
3446,4542
3446,4543
3446,4547
3446,4583
3446,4585
3446,4594
3446,4595
3446,4599
3446,4601
3446,4609
3446,4614
3446,4616
3446,4634
3446,4635
3446,4666
3446,4674
3446,4679
3446,4691
3446,4740
3446,4771
3446,4819
3446,4829
3446,4845
3446,4856
3446,4873
3446,4885
3446,4889
3446,4894
3446,4900
3446,4909
3446,4917
3446,4920
3446,4927
3446,4943
3446,4946
3446,4991
3446,5002
3446,5005
3446,5029
3446,5035
3446,5038
3446,5039
3446,5040
3446,5064
3446,5073
3446,5076
3446,5077
3446,5078
3446,5090
3446,5095
3446,5152
3446,5155
3446,5184
3446,5195
3446,5203
3446,5212
3446,5234
3446,5245
3446,5253
3446,5267
3446,5291
3446,5352
3446,5358
3446,5372
3446,5376
3446,5379
3446,5391
3446,5394
3446,5401
3446,5402
3446,5408
3446,5412
3446,5426
3446,5454
3446,5466
3446,5478
3446,5487
3446,5496
3446,5512
3446,5514
3446,5523
3446,5533
3446,5538
3446,5544
3446,5556
3446,5578
3446,5596
3446,5645
3446,5647
3446,5650
3446,5651
3446,5656
3446,5672
3446,5717
3446,5719
3446,5726
3446,5731
3446,5732
3446,5734
3446,5735
3446,5978
3446,6691
3446,8953
3446,9052
3446,10631
3446,16231
3446,19090
3446,24486
3446,27661
3446,28112
3446,32797
3446,34312
3446,38904
3446,41774
3446,41781
3446,47725
3446,51263
3446,54374
3446,54454
3446,54688
3446,54786
3446,54841
3446,56959
3446,59708
3446,60147
3446,60184
3446,60198
3446,60754
3446,60787
3446,60795
3446,60831
3446,60835
3446,60843
3446,60852
3446,60854
3446,60865
3446,60953
3446,62924
3446,64147
3446,65999
3446,68740
3446,71329
3446,71616
3446,72054
3446,74989
3446,77993
3446,77999
3446,83786
3446,87177
3446,91270
3446,93860
3446,104741
3446,104865
3446,110634
3446,110635
3446,115237
3446,119607
3446,123606
3446,123620
3446,123631
3446,124087
3446,125017
3446,125889
3446,130881
3446,131536
3446,148192
3446,148211
3446,150311
3446,151165
3446,152945
3446,154059
3446,156419
3446,160051
3446,163742
3446,170361
3446,176168
3446,176870
3446,197712
3446,213039
3446,216239
3446,216326
3446,443871
3446,444013
3446,667490
3446,1349907
3446,3002190
3446,3081884
3446,3085017
3446,3468412
3446,4183806
3446,4475485
3446,4659568
3446,5281104
3446,5282226
3446,5311027
3446,5311048
3446,5311181
3446,5311297
3446,5329102
3446,5353980
3446,5381226
3446,5481350
3446,5487301
3446,5493381
3446,6398525
3446,6398970
3446,6447131
3449,3476
3449,3559
3449,3639
3449,3883
3449,3937
3449,3958
3449,3961
3449,4054
3449,4091
3449,4171
3449,4205
3449,4510
3449,4585
3449,4594
3449,4634
3449,4679
3449,4691
3449,4889
3449,5002
3449,5038
3449,5039
3449,5073
3449,5077
3449,5090
3449,5203
3449,5656
3449,5732
3449,6691
3449,54454
3449,60147
3449,83786
3449,4475485
3449,5311297
3454,3510
3454,3640
3454,3793
3454,3877
3454,3883
3454,3929
3454,3954
3454,3958
3454,4112
3454,4159
3454,4168
3454,4171
3454,4173
3454,4253
3454,4485
3454,4583
3454,4594
3454,4595
3454,4635
3454,4679
3454,4873
3454,4889
3454,4894
3454,4900
3454,4943
3454,5039
3454,5040
3454,5064
3454,5076
3454,5155
3454,5234
3454,5372
3454,5645
3454,5651
3454,5726
3454,5732
3454,5978
3454,8953
3454,54454
3454,54688
3454,71616
3454,74989
3454,83786
3454,87177
3454,93860
3454,3468412
3454,5311039
3461,3476
3461,3478
3461,3488
3461,3510
3461,3559
3461,3639
3461,3648
3461,3672
3461,3690
3461,3746
3461,3749
3461,3750
3461,3883
3461,3902
3461,3937
3461,3954
3461,3958
3461,3961
3461,4052
3461,4091
3461,4112
3461,4158
3461,4159
3461,4168
3461,4171
3461,4173
3461,4205
3461,4253
3461,4485
3461,4583
3461,4594
3461,4595
3461,4609
3461,4635
3461,4666
3461,4674
3461,4679
3461,4691
3461,4829
3461,4873
3461,4889
3461,4894
3461,4900
3461,4917
3461,4927
3461,4946
3461,5029
3461,5038
3461,5039
3461,5090
3461,5152
3461,5203
3461,5234
3461,5267
3461,5291
3461,5376
3461,5391
3461,5426
3461,5556
3461,5645
3461,5650
3461,5651
3461,5656
3461,5672
3461,5732
3461,5978
3461,6691
3461,19090
3461,27661
3461,38904
3461,41781
3461,54454
3461,54688
3461,60147
3461,60198
3461,60831
3461,60843
3461,60953
3461,62924
3461,68740
3461,72467
3461,83786
3461,87177
3461,93860
3461,104741
3461,123631
3461,125889
3461,148211
3461,150311
3461,151165
3461,176870
3461,216239
3461,3468412
3461,4183806
3461,4475485
3461,5311048
3461,5311297
3461,5329102
3461,6398525
3463,3476
3463,3478
3463,3488
3463,3516
3463,3559
3463,3639
3463,3652
3463,3658
3463,3672
3463,3715
3463,3746
3463,3749
3463,3780
3463,3877
3463,3878
3463,3883
3463,3890
3463,3937
3463,3954
3463,3957
3463,3958
3463,3961
3463,3962
3463,4034
3463,4052
3463,4091
3463,4107
3463,4112
3463,4168
3463,4170
3463,4171
3463,4205
3463,4253
3463,4259
3463,4411
3463,4485
3463,4510
3463,4543
3463,4547
3463,4583
3463,4585
3463,4594
3463,4595
3463,4634
3463,4635
3463,4666
3463,4679
3463,4691
3463,4829
3463,4873
3463,4885
3463,4889
3463,4900
3463,4917
3463,4927
3463,4946
3463,5002
3463,5005
3463,5029
3463,5035
3463,5038
3463,5039
3463,5040
3463,5064
3463,5073
3463,5076
3463,5090
3463,5095
3463,5152
3463,5155
3463,5203
3463,5212
3463,5245
3463,5267
3463,5379
3463,5391
3463,5401
3463,5408
3463,5512
3463,5514
3463,5523
3463,5533
3463,5544
3463,5650
3463,5656
3463,5717
3463,5732
3463,5735
3463,6691
3463,27661
3463,28112
3463,38904
3463,54454
3463,60147
3463,60795
3463,60831
3463,60835
3463,60854
3463,62924
3463,65999
3463,68740
3463,77999
3463,83786
3463,87177
3463,119607
3463,123620
3463,124087
3463,125889
3463,130881
3463,148192
3463,150311
3463,152945
3463,160051
3463,170361
3463,443871
3463,3002190
3463,3085017
3463,4475485
3463,5311297
3463,5481350
3467,3559
3467,3639
3467,3640
3467,3661
3467,3672
3467,3676
3467,3715
3467,3746
3467,3793
3467,3826
3467,3877
3467,3883
3467,3929
3467,3937
3467,3958
3467,3961
3467,4112
3467,4159
3467,4168
3467,4171
3467,4173
3467,4253
3467,4583
3467,4594
3467,4595
3467,4607
3467,4635
3467,4679
3467,4691
3467,4873
3467,4889
3467,4894
3467,4900
3467,4917
3467,4927
3467,4943
3467,5038
3467,5039
3467,5090
3467,5203
3467,5234
3467,5267
3467,5372
3467,5391
3467,5496
3467,5647
3467,5651
3467,5732
3467,5978
3467,6691
3467,8953
3467,54454
3467,54688
3467,71616
3467,83786
3467,87177
3467,145068
3467,3468412
3467,5381226
3476,3478
3476,3488
3476,3510
3476,3559
3476,3639
3476,3640
3476,3648
3476,3652
3476,3658
3476,3672
3476,3676
3476,3696
3476,3702
3476,3746
3476,3749
3476,3780
3476,3825
3476,3877
3476,3878
3476,3883
3476,3890
3476,3899
3476,3902
3476,3911
3476,3937
3476,3954
3476,3957
3476,3958
3476,3961
3476,3962
3476,4034
3476,4052
3476,4054
3476,4091
3476,4107
3476,4112
3476,4168
3476,4170
3476,4171
3476,4173
3476,4205
3476,4236
3476,4253
3476,4259
3476,4409
3476,4411
3476,4485
3476,4510
3476,4543
3476,4547
3476,4583
3476,4585
3476,4594
3476,4595
3476,4599
3476,4609
3476,4616
3476,4634
3476,4635
3476,4666
3476,4679
3476,4691
3476,4740
3476,4829
3476,4873
3476,4885
3476,4889
3476,4894
3476,4900
3476,4917
3476,4927
3476,4946
3476,5002
3476,5005
3476,5029
3476,5035
3476,5038
3476,5039
3476,5064
3476,5073
3476,5090
3476,5095
3476,5152
3476,5203
3476,5212
3476,5234
3476,5245
3476,5253
3476,5267
3476,5291
3476,5372
3476,5379
3476,5391
3476,5401
3476,5402
3476,5408
3476,5426
3476,5472
3476,5478
3476,5512
3476,5514
3476,5523
3476,5544
3476,5556
3476,5645
3476,5647
3476,5650
3476,5651
3476,5656
3476,5732
3476,5735
3476,6691
3476,19090
3476,27661
3476,38904
3476,41774
3476,41781
3476,54454
3476,54688
3476,59708
3476,60147
3476,60184
3476,60795
3476,60831
3476,60835
3476,60953
3476,62924
3476,65999
3476,68740
3476,71329
3476,77999
3476,83786
3476,87177
3476,93860
3476,104865
3476,110634
3476,110635
3476,119607
3476,123620
3476,123631
3476,125889
3476,130881
3476,150311
3476,152945
3476,154059
3476,160051
3476,163742
3476,170361
3476,216239
3476,216326
3476,443871
3476,3002190
3476,3468412
3476,4475485
3476,5311048
3476,5311297
3476,5329102
3476,5353980
3476,5487301
3476,5493381
3476,6398525
3478,3488
3478,3510
3478,3516
3478,3559
3478,3639
3478,3640
3478,3648
3478,3652
3478,3658
3478,3672
3478,3676
3478,3715
3478,3746
3478,3749
3478,3780
3478,3869
3478,3877
3478,3878
3478,3883
3478,3890
3478,3899
3478,3902
3478,3911
3478,3937
3478,3954
3478,3957
3478,3958
3478,3961
3478,3962
3478,4034
3478,4052
3478,4054
3478,4091
3478,4107
3478,4112
3478,4158
3478,4159
3478,4168
3478,4170
3478,4171
3478,4173
3478,4201
3478,4205
3478,4236
3478,4253
3478,4259
3478,4409
3478,4411
3478,4485
3478,4499
3478,4509
3478,4510
3478,4543
3478,4547
3478,4583
3478,4585
3478,4594
3478,4595
3478,4599
3478,4609
3478,4634
3478,4635
3478,4666
3478,4674
3478,4679
3478,4691
3478,4740
3478,4829
3478,4856
3478,4873
3478,4885
3478,4889
3478,4894
3478,4900
3478,4909
3478,4917
3478,4927
3478,4946
3478,5002
3478,5005
3478,5029
3478,5035
3478,5038
3478,5039
3478,5040
3478,5064
3478,5073
3478,5090
3478,5095
3478,5152
3478,5203
3478,5212
3478,5245
3478,5253
3478,5267
3478,5372
3478,5376
3478,5379
3478,5391
3478,5401
3478,5402
3478,5408
3478,5426
3478,5478
3478,5487
3478,5512
3478,5514
3478,5523
3478,5533
3478,5544
3478,5647
3478,5650
3478,5651
3478,5656
3478,5717
3478,5732
3478,5735
3478,6691
3478,8953
3478,10631
3478,19090
3478,27661
3478,28112
3478,34312
3478,38904
3478,41774
3478,41781
3478,54454
3478,54688
3478,59708
3478,60147
3478,60184
3478,60795
3478,60831
3478,60835
3478,60854
3478,60953
3478,62924
3478,65999
3478,68740
3478,71329
3478,77999
3478,83786
3478,87177
3478,91270
3478,93860
3478,104865
3478,110634
3478,110635
3478,119607
3478,123620
3478,123631
3478,124087
3478,125889
3478,130881
3478,150311
3478,152945
3478,154059
3478,170361
3478,197712
3478,216239
3478,216326
3478,443871
3478,3085017
3478,3468412
3478,4475485
3478,5281104
3478,5282226
3478,5311048
3478,5311297
3478,5329102
3478,5353980
3478,5487301
3478,6398525
3488,3516
3488,3559
3488,3639
3488,3640
3488,3648
3488,3652
3488,3658
3488,3672
3488,3676
3488,3702
3488,3715
3488,3746
3488,3749
3488,3767
3488,3780
3488,3877
3488,3878
3488,3883
3488,3890
3488,3899
3488,3911
3488,3937
3488,3954
3488,3957
3488,3958
3488,3961
3488,3962
3488,4034
3488,4052
3488,4054
3488,4091
3488,4107
3488,4112
3488,4168
3488,4170
3488,4171
3488,4173
3488,4201
3488,4205
3488,4236
3488,4253
3488,4259
3488,4409
3488,4411
3488,4485
3488,4510
3488,4543
3488,4547
3488,4583
3488,4585
3488,4594
3488,4595
3488,4599
3488,4609
3488,4616
3488,4634
3488,4635
3488,4666
3488,4674
3488,4679
3488,4691
3488,4740
3488,4829
3488,4856
3488,4873
3488,4885
3488,4889
3488,4894
3488,4900
3488,4917
3488,4927
3488,4946
3488,5002
3488,5005
3488,5029
3488,5035
3488,5038
3488,5039
3488,5064
3488,5073
3488,5076
3488,5077
3488,5090
3488,5095
3488,5152
3488,5155
3488,5203
3488,5212
3488,5245
3488,5267
3488,5291
3488,5372
3488,5376
3488,5379
3488,5391
3488,5394
3488,5401
3488,5402
3488,5408
3488,5426
3488,5478
3488,5512
3488,5514
3488,5523
3488,5533
3488,5544
3488,5556
3488,5647
3488,5650
3488,5651
3488,5656
3488,5732
3488,5735
3488,6691
3488,8953
3488,10631
3488,19090
3488,27661
3488,28112
3488,38904
3488,41774
3488,41781
3488,54454
3488,54688
3488,59708
3488,60147
3488,60184
3488,60795
3488,60831
3488,60835
3488,60854
3488,60953
3488,62924
3488,65999
3488,68740
3488,77999
3488,83786
3488,87177
3488,93860
3488,110634
3488,110635
3488,119607
3488,123620
3488,123631
3488,124087
3488,125889
3488,130881
3488,150311
3488,152945
3488,154059
3488,170361
3488,216239
3488,216326
3488,443871
3488,3468412
3488,4475485
3488,5282226
3488,5311027
3488,5311048
3488,5311297
3488,5329102
3488,5353980
3488,5381226
3488,5481350
3488,5487301
3488,6398525
3494,3676
3494,3763
3494,3958
3494,4168
3494,4173
3494,4253
3494,4594
3494,4595
3494,4943
3494,5039
3494,5206
3494,39765
3494,60696
3510,3639
3510,3640
3510,3648
3510,3661
3510,3672
3510,3676
3510,3690
3510,3750
3510,3793
3510,3883
3510,3902
3510,3937
3510,3954
3510,3958
3510,3961
3510,4052
3510,4053
3510,4091
3510,4112
3510,4159
3510,4168
3510,4171
3510,4212
3510,4253
3510,4510
3510,4583
3510,4594
3510,4595
3510,4609
3510,4635
3510,4666
3510,4674
3510,4679
3510,4691
3510,4873
3510,4889
3510,4894
3510,4900
3510,4917
3510,4927
3510,4946
3510,5029
3510,5038
3510,5039
3510,5090
3510,5203
3510,5234
3510,5245
3510,5267
3510,5372
3510,5391
3510,5394
3510,5426
3510,5523
3510,5544
3510,5645
3510,5650
3510,5651
3510,5656
3510,5672
3510,5732
3510,5978
3510,6691
3510,8953
3510,19090
3510,38904
3510,54454
3510,54688
3510,60843
3510,60953
3510,62924
3510,68740
3510,72467
3510,83786
3510,87177
3510,93860
3510,148211
3510,151165
3510,3468412
3510,5311048
3510,5311297
3510,6398525
3516,3639
3516,3640
3516,3648
3516,3658
3516,3672
3516,3676
3516,3746
3516,3749
3516,3780
3516,3883
3516,3937
3516,3954
3516,3957
3516,3958
3516,3961
3516,4034
3516,4052
3516,4091
3516,4107
3516,4112
3516,4168
3516,4170
3516,4171
3516,4173
3516,4205
3516,4236
3516,4253
3516,4259
3516,4485
3516,4510
3516,4583
3516,4585
3516,4594
3516,4595
3516,4635
3516,4666
3516,4679
3516,4691
3516,4829
3516,4873
3516,4885
3516,4889
3516,4900
3516,4917
3516,4927
3516,5002
3516,5029
3516,5038
3516,5039
3516,5073
3516,5090
3516,5095
3516,5152
3516,5203
3516,5212
3516,5234
3516,5245
3516,5267
3516,5379
3516,5391
3516,5401
3516,5487
3516,5512
3516,5514
3516,5523
3516,5544
3516,5647
3516,5650
3516,5651
3516,5656
3516,5717
3516,5732
3516,5735
3516,6691
3516,19090
3516,27661
3516,38904
3516,54454
3516,54688
3516,60147
3516,60831
3516,60835
3516,60865
3516,62924
3516,77999
3516,83786
3516,87177
3516,119607
3516,123620
3516,124087
3516,125889
3516,150311
3516,170361
3516,3002190
3516,3468412
3516,4475485
3516,5311048
3516,5311297
3559,3639
3559,3640
3559,3648
3559,3658
3559,3672
3559,3676
3559,3696
3559,3715
3559,3746
3559,3793
3559,3877
3559,3878
3559,3883
3559,3929
3559,3937
3559,3954
3559,3957
3559,3958
3559,3961
3559,4054
3559,4091
3559,4158
3559,4159
3559,4168
3559,4171
3559,4173
3559,4205
3559,4253
3559,4485
3559,4506
3559,4510
3559,4536
3559,4543
3559,4583
3559,4585
3559,4594
3559,4595
3559,4609
3559,4616
3559,4634
3559,4635
3559,4666
3559,4679
3559,4691
3559,4748
3559,4829
3559,4873
3559,4889
3559,4894
3559,4900
3559,4917
3559,4927
3559,4943
3559,4946
3559,5002
3559,5029
3559,5038
3559,5039
3559,5073
3559,5076
3559,5077
3559,5090
3559,5203
3559,5234
3559,5267
3559,5372
3559,5391
3559,5454
3559,5512
3559,5514
3559,5556
3559,5572
3559,5650
3559,5651
3559,5656
3559,5732
3559,5734
3559,6691
3559,8953
3559,27661
3559,28112
3559,34312
3559,38904
3559,41781
3559,54454
3559,54688
3559,59708
3559,60147
3559,60795
3559,60835
3559,60854
3559,62924
3559,68740
3559,77999
3559,83786
3559,87177
3559,115237
3559,123631
3559,125889
3559,170361
3559,3468412
3559,5311048
3559,6398525
3637,3883
3637,3937
3637,4138
3637,4171
3637,4594
3637,4679
3637,5650
3637,6691
3637,27661
3637,54454
3639,3640
3639,3648
3639,3652
3639,3657
3639,3658
3639,3661
3639,3672
3639,3675
3639,3676
3639,3696
3639,3702
3639,3715
3639,3730
3639,3736
3639,3746
3639,3749
3639,3750
3639,3763
3639,3767
3639,3780
3639,3784
3639,3793
3639,3823
3639,3825
3639,3826
3639,3869
3639,3877
3639,3878
3639,3883
3639,3890
3639,3899
3639,3902
3639,3911
3639,3929
3639,3937
3639,3954
3639,3957
3639,3958
3639,3961
3639,3962
3639,4034
3639,4052
3639,4054
3639,4058
3639,4064
3639,4075
3639,4091
3639,4107
3639,4112
3639,4138
3639,4158
3639,4159
3639,4168
3639,4170
3639,4171
3639,4173
3639,4189
3639,4192
3639,4201
3639,4205
3639,4212
3639,4236
3639,4253
3639,4259
3639,4264
3639,4409
3639,4411
3639,4449
3639,4463
3639,4473
3639,4485
3639,4497
3639,4499
3639,4509
3639,4510
3639,4513
3639,4539
3639,4542
3639,4543
3639,4547
3639,4583
3639,4585
3639,4594
3639,4595
3639,4599
3639,4601
3639,4603
3639,4609
3639,4614
3639,4616
3639,4634
3639,4635
3639,4666
3639,4674
3639,4679
3639,4691
3639,4730
3639,4736
3639,4740
3639,4748
3639,4771
3639,4812
3639,4819
3639,4828
3639,4829
3639,4845
3639,4856
3639,4873
3639,4885
3639,4889
3639,4893
3639,4894
3639,4900
3639,4909
3639,4911
3639,4917
3639,4920
3639,4927
3639,4932
3639,4943
3639,4946
3639,4999
3639,5002
3639,5005
3639,5029
3639,5035
3639,5038
3639,5039
3639,5040
3639,5052
3639,5064
3639,5073
3639,5076
3639,5077
3639,5078
3639,5090
3639,5095
3639,5152
3639,5155
3639,5184
3639,5195
3639,5203
3639,5210
3639,5212
3639,5234
3639,5245
3639,5253
3639,5267
3639,5291
3639,5352
3639,5358
3639,5372
3639,5376
3639,5379
3639,5391
3639,5394
3639,5401
3639,5402
3639,5408
3639,5412
3639,5426
3639,5454
3639,5466
3639,5472
3639,5478
3639,5486
3639,5487
3639,5496
3639,5505
3639,5512
3639,5514
3639,5523
3639,5525
3639,5533
3639,5538
3639,5544
3639,5556
3639,5572
3639,5578
3639,5584
3639,5596
3639,5645
3639,5647
3639,5650
3639,5651
3639,5656
3639,5672
3639,5717
3639,5719
3639,5726
3639,5731
3639,5732
3639,5734
3639,5735
3639,5978
3639,6691
3639,8953
3639,9433
3639,10631
3639,12536
3639,14888
3639,16231
3639,19090
3639,24011
3639,24486
3639,27661
3639,27686
3639,27991
3639,28112
3639,32797
3639,34312
3639,36339
3639,38904
3639,41317
3639,41693
3639,41774
3639,41781
3639,47725
3639,54374
3639,54454
3639,54688
3639,54786
3639,54808
3639,54841
3639,56959
3639,57469
3639,57537
3639,59708
3639,60147
3639,60184
3639,60198
3639,60787
3639,60795
3639,60831
3639,60835
3639,60843
3639,60852
3639,60854
3639,60865
3639,60877
3639,60953
3639,62924
3639,65999
3639,68740
3639,68844
3639,71329
3639,71616
3639,72054
3639,74989
3639,77993
3639,77999
3639,83786
3639,87177
3639,91270
3639,93860
3639,104741
3639,104865
3639,110634
3639,110635
3639,115237
3639,119607
3639,123606
3639,123620
3639,123631
3639,124087
3639,125017
3639,125889
3639,130881
3639,131536
3639,148192
3639,148211
3639,150310
3639,150311
3639,150610
3639,151165
3639,152945
3639,154059
3639,160051
3639,163742
3639,170361
3639,176870
3639,197712
3639,213039
3639,216239
3639,216326
3639,443871
3639,444013
3639,508230
3639,657298
3639,667490
3639,1349907
3639,3002190
3639,3062316
3639,3081884
3639,3085017
3639,3468412
3639,4183806
3639,4475485
3639,4659568
3639,5281007
3639,5282226
3639,5311027
3639,5311039
3639,5311048
3639,5311082
3639,5311181
3639,5311297
3639,5329102
3639,5353980
3639,5362070
3639,5362420
3639,5381226
3639,5481350
3639,5487301
3639,5493381
3639,5493444
3639,6398525
3639,6398970
3639,6447131
3639,6918453
3640,3648
3640,3652
3640,3657
3640,3658
3640,3661
3640,3672
3640,3676
3640,3690
3640,3702
3640,3706
3640,3715
3640,3746
3640,3749
3640,3750
3640,3763
3640,3767
3640,3780
3640,3793
3640,3823
3640,3825
3640,3826
3640,3877
3640,3878
3640,3883
3640,3890
3640,3899
3640,3911
3640,3929
3640,3937
3640,3954
3640,3957
3640,3958
3640,3961
3640,3962
3640,4034
3640,4052
3640,4058
3640,4075
3640,4091
3640,4107
3640,4112
3640,4158
3640,4159
3640,4168
3640,4170
3640,4171
3640,4173
3640,4189
3640,4192
3640,4201
3640,4205
3640,4211
3640,4212
3640,4236
3640,4253
3640,4259
3640,4264
3640,4425
3640,4449
3640,4463
3640,4485
3640,4509
3640,4510
3640,4539
3640,4542
3640,4543
3640,4583
3640,4585
3640,4594
3640,4595
3640,4599
3640,4601
3640,4609
3640,4616
3640,4634
3640,4635
3640,4666
3640,4674
3640,4675
3640,4679
3640,4691
3640,4740
3640,4812
3640,4829
3640,4834
3640,4856
3640,4873
3640,4885
3640,4889
3640,4894
3640,4900
3640,4917
3640,4920
3640,4927
3640,4943
3640,4946
3640,4991
3640,5002
3640,5005
3640,5029
3640,5035
3640,5038
3640,5039
3640,5040
3640,5064
3640,5073
3640,5076
3640,5090
3640,5095
3640,5152
3640,5155
3640,5184
3640,5203
3640,5206
3640,5210
3640,5212
3640,5234
3640,5245
3640,5253
3640,5267
3640,5291
3640,5358
3640,5372
3640,5376
3640,5379
3640,5391
3640,5394
3640,5401
3640,5402
3640,5408
3640,5412
3640,5426
3640,5453
3640,5487
3640,5496
3640,5512
3640,5514
3640,5523
3640,5533
3640,5538
3640,5544
3640,5556
3640,5578
3640,5645
3640,5647
3640,5650
3640,5651
3640,5656
3640,5672
3640,5726
3640,5731
3640,5732
3640,5734
3640,5735
3640,5978
3640,6691
3640,8953
3640,9052
3640,9433
3640,10631
3640,12536
3640,19090
3640,24486
3640,27661
3640,27991
3640,28112
3640,32797
3640,34312
3640,36339
3640,36811
3640,38904
3640,39765
3640,41781
3640,47320
3640,47725
3640,51263
3640,54374
3640,54454
3640,54688
3640,56339
3640,59708
3640,60147
3640,60184
3640,60696
3640,60787
3640,60795
3640,60831
3640,60835
3640,60854
3640,60865
3640,60953
3640,62924
3640,64147
3640,65999
3640,68740
3640,71616
3640,72467
3640,74989
3640,77999
3640,83786
3640,87177
3640,93860
3640,104865
3640,110634
3640,119182
3640,119607
3640,123620
3640,123631
3640,124087
3640,125889
3640,130881
3640,145068
3640,147912
3640,148192
3640,148211
3640,150311
3640,151165
3640,152945
3640,160051
3640,163742
3640,170361
3640,213039
3640,216239
3640,216326
3640,443871
3640,657298
3640,667490
3640,1349907
3640,3002190
3640,3085017
3640,3468412
3640,4475485
3640,5311039
3640,5311048
3640,5311297
3640,5329102
3640,5353980
3640,5381226
3640,5473385
3640,5481350
3640,5487301
3640,5493381
3640,6398525
3640,6447131
3642,3676
3642,3827
3642,3883
3642,4594
3642,4635
3642,5038
3642,5064
3642,5090
3642,5372
3642,5402
3642,5645
3642,5732
3642,54454
3642,83786
3642,123620
3642,123631
3648,3652
3648,3657
3648,3658
3648,3661
3648,3672
3648,3676
3648,3715
3648,3746
3648,3749
3648,3750
3648,3767
3648,3780
3648,3793
3648,3825
3648,3826
3648,3869
3648,3877
3648,3878
3648,3883
3648,3890
3648,3899
3648,3902
3648,3911
3648,3929
3648,3937
3648,3954
3648,3957
3648,3958
3648,3961
3648,3962
3648,4034
3648,4052
3648,4054
3648,4058
3648,4064
3648,4075
3648,4091
3648,4095
3648,4107
3648,4112
3648,4158
3648,4159
3648,4168
3648,4170
3648,4171
3648,4173
3648,4201
3648,4205
3648,4212
3648,4236
3648,4253
3648,4259
3648,4264
3648,4409
3648,4411
3648,4419
3648,4485
3648,4509
3648,4510
3648,4542
3648,4543
3648,4547
3648,4583
3648,4585
3648,4594
3648,4595
3648,4609
3648,4616
3648,4634
3648,4635
3648,4666
3648,4674
3648,4679
3648,4691
3648,4812
3648,4829
3648,4856
3648,4873
3648,4885
3648,4889
3648,4894
3648,4900
3648,4917
3648,4920
3648,4927
3648,4943
3648,4946
3648,5002
3648,5005
3648,5029
3648,5035
3648,5038
3648,5039
3648,5040
3648,5064
3648,5073
3648,5076
3648,5078
3648,5090
3648,5095
3648,5152
3648,5184
3648,5203
3648,5210
3648,5212
3648,5234
3648,5245
3648,5253
3648,5267
3648,5291
3648,5358
3648,5372
3648,5379
3648,5391
3648,5394
3648,5401
3648,5408
3648,5426
3648,5466
3648,5487
3648,5496
3648,5512
3648,5514
3648,5523
3648,5533
3648,5544
3648,5556
3648,5584
3648,5645
3648,5647
3648,5650
3648,5651
3648,5656
3648,5672
3648,5719
3648,5726
3648,5731
3648,5732
3648,5734
3648,5735
3648,5771
3648,6691
3648,8953
3648,10631
3648,19090
3648,24486
3648,27661
3648,28112
3648,32797
3648,34312
3648,36339
3648,38904
3648,41781
3648,54374
3648,54454
3648,54688
3648,57469
3648,59708
3648,60147
3648,60198
3648,60696
3648,60831
3648,60835
3648,60843
3648,60953
3648,62924
3648,64147
3648,65999
3648,68740
3648,71616
3648,72054
3648,77993
3648,77999
3648,83786
3648,87177
3648,93860
3648,110634
3648,119607
3648,123606
3648,123620
3648,123631
3648,125889
3648,130881
3648,147912
3648,148211
3648,150311
3648,151165
3648,163742
3648,170361
3648,176870
3648,197712
3648,213039
3648,216239
3648,216326
3648,443871
3648,667490
3648,1349907
3648,3002190
3648,3062316
3648,3085017
3648,3468412
3648,4475485
3648,5281007
3648,5281104
3648,5311039
3648,5311048
3648,5311181
3648,5311297
3648,5329102
3648,5353980
3648,5381226
3648,5481350
3648,5487301
3648,5493381
3648,6398525
3652,3658
3652,3672
3652,3676
3652,3696
3652,3702
3652,3715
3652,3746
3652,3749
3652,3750
3652,3767
3652,3780
3652,3793
3652,3825
3652,3826
3652,3869
3652,3878
3652,3883
3652,3890
3652,3899
3652,3911
3652,3929
3652,3937
3652,3954
3652,3957
3652,3958
3652,3961
3652,3962
3652,4034
3652,4052
3652,4054
3652,4058
3652,4075
3652,4091
3652,4107
3652,4112
3652,4138
3652,4158
3652,4159
3652,4168
3652,4170
3652,4171
3652,4173
3652,4200
3652,4201
3652,4205
3652,4236
3652,4253
3652,4259
3652,4264
3652,4409
3652,4411
3652,4449
3652,4485
3652,4499
3652,4509
3652,4510
3652,4513
3652,4543
3652,4547
3652,4583
3652,4585
3652,4594
3652,4595
3652,4599
3652,4614
3652,4616
3652,4634
3652,4635
3652,4666
3652,4674
3652,4679
3652,4691
3652,4727
3652,4740
3652,4819
3652,4829
3652,4845
3652,4856
3652,4873
3652,4885
3652,4889
3652,4894
3652,4900
3652,4909
3652,4911
3652,4917
3652,4920
3652,4927
3652,4946
3652,5002
3652,5005
3652,5029
3652,5035
3652,5038
3652,5039
3652,5040
3652,5064
3652,5073
3652,5078
3652,5090
3652,5095
3652,5152
3652,5184
3652,5203
3652,5212
3652,5215
3652,5234
3652,5245
3652,5267
3652,5291
3652,5352
3652,5358
3652,5372
3652,5376
3652,5379
3652,5391
3652,5401
3652,5402
3652,5408
3652,5412
3652,5426
3652,5466
3652,5478
3652,5487
3652,5512
3652,5514
3652,5523
3652,5533
3652,5544
3652,5645
3652,5647
3652,5650
3652,5651
3652,5656
3652,5717
3652,5719
3652,5732
3652,5735
3652,5978
3652,6691
3652,8953
3652,10631
3652,24486
3652,27661
3652,28112
3652,32797
3652,34312
3652,38904
3652,41781
3652,54454
3652,54688
3652,54786
3652,54808
3652,57469
3652,59708
3652,60147
3652,60184
3652,60795
3652,60831
3652,60835
3652,60852
3652,60854
3652,60865
3652,60953
3652,62924
3652,65999
3652,68740
3652,71329
3652,71616
3652,77999
3652,83786
3652,87177
3652,104865
3652,110635
3652,119607
3652,123620
3652,124087
3652,125017
3652,125889
3652,130881
3652,150311
3652,154059
3652,170361
3652,197712
3652,443871
3652,667490
3652,3468412
3652,4183806
3652,4475485
3652,5311027
3652,5311181
3652,5311297
3652,5353980
3652,5381226
3652,5481350
3652,5487301
3652,6398525
3652,6918453
3657,3658
3657,3672
3657,3746
3657,3749
3657,3793
3657,3826
3657,3877
3657,3878
3657,3883
3657,3890
3657,3937
3657,3954
3657,3957
3657,3958
3657,3961
3657,4052
3657,4091
3657,4112
3657,4158
3657,4168
3657,4171
3657,4173
3657,4205
3657,4212
3657,4253
3657,4259
3657,4463
3657,4485
3657,4510
3657,4539
3657,4583
3657,4585
3657,4594
3657,4595
3657,4634
3657,4635
3657,4666
3657,4679
3657,4691
3657,4819
3657,4873
3657,4889
3657,4894
3657,4900
3657,4917
3657,4927
3657,5002
3657,5005
3657,5029
3657,5038
3657,5039
3657,5073
3657,5076
3657,5090
3657,5095
3657,5155
3657,5203
3657,5212
3657,5245
3657,5267
3657,5291
3657,5391
3657,5426
3657,5512
3657,5544
3657,5647
3657,5650
3657,5651
3657,5656
3657,5726
3657,5732
3657,5978
3657,6691
3657,9052
3657,14888
3657,19090
3657,27661
3657,34312
3657,38904
3657,41317
3657,41774
3657,41781
3657,54454
3657,54808
3657,59708
3657,60147
3657,60787
3657,60831
3657,60835
3657,62924
3657,71616
3657,77999
3657,83786
3657,87177
3657,104865
3657,123631
3657,125889
3657,130881
3657,150311
3657,152945
3657,197712
3657,216326
3657,667490
3657,3062316
3657,3468412
3657,4475485
3657,5311039
3657,5311048
3657,5311297
3657,5493381
3658,3661
3658,3672
3658,3676
3658,3696
3658,3715
3658,3746
3658,3749
3658,3750
3658,3763
3658,3767
3658,3780
3658,3784
3658,3793
3658,3823
3658,3825
3658,3826
3658,3827
3658,3877
3658,3878
3658,3883
3658,3890
3658,3899
3658,3902
3658,3929
3658,3937
3658,3954
3658,3957
3658,3958
3658,3961
3658,3962
3658,4034
3658,4052
3658,4053
3658,4054
3658,4058
3658,4064
3658,4075
3658,4091
3658,4107
3658,4112
3658,4158
3658,4159
3658,4168
3658,4170
3658,4171
3658,4173
3658,4178
3658,4189
3658,4192
3658,4201
3658,4205
3658,4236
3658,4253
3658,4259
3658,4264
3658,4409
3658,4411
3658,4419
3658,4428
3658,4449
3658,4473
3658,4485
3658,4506
3658,4509
3658,4510
3658,4513
3658,4536
3658,4542
3658,4543
3658,4547
3658,4583
3658,4585
3658,4594
3658,4595
3658,4599
3658,4601
3658,4609
3658,4614
3658,4616
3658,4634
3658,4635
3658,4666
3658,4674
3658,4679
3658,4691
3658,4740
3658,4745
3658,4748
3658,4771
3658,4829
3658,4873
3658,4885
3658,4889
3658,4894
3658,4900
3658,4909
3658,4917
3658,4920
3658,4927
3658,4943
3658,4946
3658,5002
3658,5005
3658,5029
3658,5035
3658,5038
3658,5039
3658,5040
3658,5064
3658,5073
3658,5076
3658,5078
3658,5090
3658,5095
3658,5152
3658,5155
3658,5184
3658,5195
3658,5203
3658,5206
3658,5212
3658,5215
3658,5234
3658,5245
3658,5253
3658,5267
3658,5291
3658,5352
3658,5358
3658,5372
3658,5376
3658,5379
3658,5381
3658,5391
3658,5394
3658,5401
3658,5402
3658,5408
3658,5412
3658,5426
3658,5454
3658,5466
3658,5478
3658,5487
3658,5496
3658,5512
3658,5514
3658,5523
3658,5525
3658,5533
3658,5538
3658,5544
3658,5556
3658,5572
3658,5645
3658,5647
3658,5650
3658,5651
3658,5656
3658,5717
3658,5719
3658,5726
3658,5732
3658,5735
3658,5978
3658,6691
3658,8953
3658,10631
3658,12536
3658,19090
3658,24486
3658,27661
3658,27686
3658,28112
3658,32797
3658,34312
3658,38904
3658,39765
3658,41317
3658,41693
3658,41774
3658,41781
3658,47320
3658,48175
3658,54454
3658,54547
3658,54688
3658,54841
3658,59708
3658,60147
3658,60184
3658,60795
3658,60831
3658,60835
3658,60852
3658,60854
3658,60865
3658,60953
3658,62924
3658,65999
3658,68740
3658,74989
3658,77993
3658,77999
3658,83786
3658,87177
3658,104865
3658,110634
3658,110635
3658,119607
3658,123606
3658,123620
3658,123631
3658,124087
3658,125017
3658,125889
3658,130881
3658,131536
3658,148192
3658,150311
3658,152945
3658,154059
3658,156419
3658,170361
3658,197712
3658,213039
3658,216239
3658,216326
3658,504578
3658,667490
3658,3002190
3658,3081884
3658,3085017
3658,3468412
3658,4475485
3658,5281104
3658,5282226
3658,5311039
3658,5311048
3658,5311297
3658,5329102
3658,5353980
3658,5381226
3658,5481350
3658,5487301
3658,5493381
3658,6398525
3658,6398970
3658,6447131
3661,3672
3661,3676
3661,3734
3661,3741
3661,3746
3661,3750
3661,3763
3661,3780
3661,3821
3661,3825
3661,3826
3661,3869
3661,3883
3661,3890
3661,3937
3661,3954
3661,3958
3661,4058
3661,4091
3661,4112
3661,4140
3661,4159
3661,4168
3661,4171
3661,4173
3661,4189
3661,4192
3661,4200
3661,4205
3661,4253
3661,4419
3661,4473
3661,4485
3661,4510
3661,4583
3661,4585
3661,4594
3661,4595
3661,4609
3661,4616
3661,4634
3661,4635
3661,4666
3661,4675
3661,4679
3661,4691
3661,4829
3661,4834
3661,4873
3661,4885
3661,4889
3661,4894
3661,4900
3661,4917
3661,4927
3661,4943
3661,4946
3661,4991
3661,5002
3661,5029
3661,5038
3661,5039
3661,5090
3661,5184
3661,5203
3661,5206
3661,5234
3661,5245
3661,5267
3661,5358
3661,5372
3661,5391
3661,5394
3661,5478
3661,5496
3661,5514
3661,5544
3661,5556
3661,5593
3661,5645
3661,5647
3661,5650
3661,5651
3661,5656
3661,5732
3661,6691
3661,8953
3661,9433
3661,19090
3661,24486
3661,27661
3661,28112
3661,36339
3661,38904
3661,39765
3661,41693
3661,42113
3661,47320
3661,54454
3661,54688
3661,59708
3661,60612
3661,60696
3661,60815
3661,60953
3661,68740
3661,71273
3661,71616
3661,77999
3661,83786
3661,87177
3661,123631
3661,125889
3661,130881
3661,145068
3661,148211
3661,151165
3661,163742
3661,443871
3661,3468412
3661,4475485
3661,5311048
3661,5311082
3661,6398525
3672,3676
3672,3690
3672,3696
3672,3702
3672,3715
3672,3736
3672,3746
3672,3749
3672,3750
3672,3763
3672,3767
3672,3780
3672,3784
3672,3793
3672,3823
3672,3825
3672,3826
3672,3827
3672,3869
3672,3877
3672,3878
3672,3883
3672,3890
3672,3899
3672,3902
3672,3911
3672,3929
3672,3937
3672,3954
3672,3957
3672,3958
3672,3961
3672,3962
3672,3964
3672,4034
3672,4044
3672,4046
3672,4052
3672,4054
3672,4058
3672,4064
3672,4075
3672,4091
3672,4095
3672,4107
3672,4112
3672,4138
3672,4158
3672,4159
3672,4168
3672,4170
3672,4171
3672,4173
3672,4189
3672,4192
3672,4195
3672,4200
3672,4201
3672,4205
3672,4212
3672,4236
3672,4253
3672,4259
3672,4264
3672,4409
3672,4411
3672,4419
3672,4428
3672,4440
3672,4449
3672,4463
3672,4485
3672,4499
3672,4506
3672,4509
3672,4510
3672,4513
3672,4536
3672,4539
3672,4542
3672,4543
3672,4547
3672,4583
3672,4585
3672,4594
3672,4595
3672,4599
3672,4601
3672,4603
3672,4607
3672,4609
3672,4614
3672,4616
3672,4634
3672,4635
3672,4666
3672,4674
3672,4679
3672,4691
3672,4723
3672,4730
3672,4740
3672,4745
3672,4748
3672,4771
3672,4812
3672,4819
3672,4829
3672,4834
3672,4845
3672,4856
3672,4873
3672,4885
3672,4889
3672,4894
3672,4900
3672,4909
3672,4911
3672,4917
3672,4920
3672,4927
3672,4943
3672,4946
3672,4991
3672,4999
3672,5002
3672,5005
3672,5029
3672,5035
3672,5038
3672,5039
3672,5064
3672,5070
3672,5073
3672,5076
3672,5077
3672,5078
3672,5090
3672,5095
3672,5152
3672,5155
3672,5184
3672,5195
3672,5203
3672,5206
3672,5210
3672,5212
3672,5215
3672,5234
3672,5245
3672,5253
3672,5267
3672,5291
3672,5352
3672,5358
3672,5372
3672,5376
3672,5379
3672,5391
3672,5394
3672,5401
3672,5402
3672,5408
3672,5412
3672,5426
3672,5454
3672,5466
3672,5478
3672,5487
3672,5496
3672,5512
3672,5514
3672,5523
3672,5533
3672,5538
3672,5544
3672,5556
3672,5572
3672,5578
3672,5584
3672,5596
3672,5645
3672,5647
3672,5650
3672,5651
3672,5656
3672,5672
3672,5717
3672,5719
3672,5721
3672,5726
3672,5731
3672,5732
3672,5734
3672,5735
3672,5771
3672,5978
3672,6691
3672,8953
3672,9052
3672,9433
3672,10631
3672,12536
3672,16231
3672,19090
3672,24011
3672,24486
3672,27661
3672,27686
3672,28112
3672,32797
3672,34312
3672,38904
3672,39765
3672,41317
3672,41774
3672,41781
3672,47725
3672,54374
3672,54454
3672,54547
3672,54688
3672,54808
3672,54841
3672,56339
3672,57469
3672,57537
3672,59708
3672,60147
3672,60164
3672,60184
3672,60198
3672,60787
3672,60795
3672,60831
3672,60835
3672,60843
3672,60852
3672,60854
3672,60865
3672,60871
3672,60953
3672,62924
3672,65999
3672,68740
3672,71158
3672,71329
3672,71616
3672,72054
3672,72938
3672,74989
3672,77992
3672,77993
3672,77999
3672,83786
3672,87177
3672,91270
3672,93860
3672,104741
3672,104865
3672,110634
3672,110635
3672,115237
3672,119607
3672,122316
3672,123620
3672,123631
3672,124087
3672,125017
3672,125889
3672,130881
3672,131536
3672,145068
3672,148192
3672,148211
3672,150310
3672,150311
3672,151165
3672,152945
3672,153941
3672,154059
3672,156419
3672,160051
3672,163742
3672,170361
3672,176168
3672,176870
3672,197712
3672,213039
3672,216239
3672,216326
3672,443871
3672,667490
3672,1349907
3672,3002190
3672,3062316
3672,3081884
3672,3085017
3672,3468412
3672,4183806
3672,4475485
3672,4659568
3672,4659569
3672,5281104
3672,5282226
3672,5311027
3672,5311039
3672,5311048
3672,5311082
3672,5311181
3672,5311297
3672,5329102
3672,5353980
3672,5362070
3672,5362420
3672,5381226
3672,5481350
3672,5487301
3672,5493381
3672,6398525
3672,6398970
3672,6447131
3675,3878
3675,3883
3675,3937
3675,3958
3675,4091
3675,4171
3675,4236
3675,4485
3675,4585
3675,4594
3675,4635
3675,4679
3675,4885
3675,4900
3675,5002
3675,5029
3675,5038
3675,5073
3675,5090
3675,5203
3675,5358
3675,5514
3675,5584
3675,5656
3675,5732
3675,28112
3675,54454
3675,60795
3675,60835
3675,60854
3675,62924
3675,125889
3676,3702
3676,3715
3676,3724
3676,3730
3676,3734
3676,3741
3676,3746
3676,3749
3676,3750
3676,3763
3676,3780
3676,3793
3676,3821
3676,3825
3676,3826
3676,3827
3676,3877
3676,3878
3676,3883
3676,3890
3676,3899
3676,3902
3676,3911
3676,3928
3676,3929
3676,3937
3676,3954
3676,3957
3676,3958
3676,3961
3676,3962
3676,4034
3676,4052
3676,4054
3676,4058
3676,4075
3676,4091
3676,4095
3676,4107
3676,4112
3676,4158
3676,4159
3676,4168
3676,4170
3676,4171
3676,4173
3676,4178
3676,4192
3676,4200
3676,4205
3676,4236
3676,4253
3676,4259
3676,4264
3676,4409
3676,4411
3676,4419
3676,4425
3676,4449
3676,4473
3676,4485
3676,4506
3676,4509
3676,4510
3676,4513
3676,4542
3676,4543
3676,4547
3676,4583
3676,4585
3676,4594
3676,4595
3676,4599
3676,4601
3676,4609
3676,4616
3676,4634
3676,4635
3676,4666
3676,4674
3676,4675
3676,4679
3676,4691
3676,4748
3676,4812
3676,4819
3676,4829
3676,4834
3676,4845
3676,4856
3676,4873
3676,4885
3676,4889
3676,4894
3676,4900
3676,4909
3676,4913
3676,4917
3676,4920
3676,4927
3676,4943
3676,4946
3676,5002
3676,5005
3676,5029
3676,5035
3676,5038
3676,5039
3676,5064
3676,5073
3676,5076
3676,5077
3676,5078
3676,5090
3676,5095
3676,5152
3676,5184
3676,5203
3676,5206
3676,5212
3676,5234
3676,5245
3676,5267
3676,5358
3676,5372
3676,5376
3676,5379
3676,5391
3676,5402
3676,5408
3676,5412
3676,5426
3676,5466
3676,5478
3676,5487
3676,5496
3676,5512
3676,5514
3676,5523
3676,5533
3676,5544
3676,5556
3676,5578
3676,5593
3676,5645
3676,5647
3676,5650
3676,5651
3676,5656
3676,5672
3676,5719
3676,5732
3676,5734
3676,5735
3676,5746
3676,5771
3676,5978
3676,6691
3676,8953
3676,9433
3676,10631
3676,12536
3676,19090
3676,24486
3676,27661
3676,28112
3676,32797
3676,34312
3676,36339
3676,38904
3676,39765
3676,41693
3676,41781
3676,42113
3676,47320
3676,47725
3676,54374
3676,54454
3676,54547
3676,54688
3676,54786
3676,57537
3676,59708
3676,60147
3676,60198
3676,60612
3676,60696
3676,60795
3676,60815
3676,60831
3676,60835
3676,60852
3676,60854
3676,60953
3676,62924
3676,65999
3676,68740
3676,71273
3676,71329
3676,71616
3676,77993
3676,77999
3676,83786
3676,87177
3676,93860
3676,104865
3676,110635
3676,119607
3676,123606
3676,123620
3676,123631
3676,124087
3676,125889
3676,130881
3676,131536
3676,150311
3676,151165
3676,152945
3676,154059
3676,156419
3676,160051
3676,163742
3676,170361
3676,216326
3676,443871
3676,667490
3676,3085017
3676,3468412
3676,4183806
3676,4475485
3676,5281104
3676,5282226
3676,5311048
3676,5311082
3676,5311181
3676,5311297
3676,5329102
3676,5353980
3676,5481350
3676,5487301
3676,5493381
3676,6398525
3676,6918453
3690,3750
3690,3883
3690,3937
3690,3958
3690,4053
3690,4112
3690,4159
3690,4168
3690,4171
3690,4173
3690,4212
3690,4253
3690,4583
3690,4594
3690,4595
3690,4609
3690,4616
3690,4635
3690,4666
3690,4674
3690,4679
3690,4691
3690,4873
3690,4894
3690,4900
3690,4917
3690,4927
3690,5038
3690,5039
3690,5291
3690,5394
3690,5426
3690,5453
3690,5514
3690,5647
3690,5650
3690,5651
3690,5656
3690,5672
3690,5732
3690,5978
3690,8953
3690,13342
3690,19090
3690,38904
3690,54454
3690,60754
3690,68740
3690,72467
3690,83786
3690,87177
3690,93860
3690,151165
3690,444013
3690,667490
3690,3085017
3690,5281007
3690,5311048
3696,3715
3696,3746
3696,3749
3696,3780
3696,3825
3696,3878
3696,3883
3696,3890
3696,3902
3696,3937
3696,3957
3696,3958
3696,3961
3696,3962
3696,4034
3696,4052
3696,4054
3696,4091
3696,4107
3696,4112
3696,4158
3696,4168
3696,4171
3696,4173
3696,4205
3696,4212
3696,4236
3696,4253
3696,4409
3696,4449
3696,4485
3696,4510
3696,4547
3696,4583
3696,4585
3696,4594
3696,4595
3696,4599
3696,4614
3696,4634
3696,4635
3696,4674
3696,4679
3696,4691
3696,4740
3696,4748
3696,4771
3696,4819
3696,4829
3696,4856
3696,4873
3696,4889
3696,4894
3696,4900
3696,4909
3696,4917
3696,4927
3696,4943
3696,4946
3696,5002
3696,5005
3696,5029
3696,5035
3696,5038
3696,5039
3696,5073
3696,5076
3696,5077
3696,5090
3696,5095
3696,5203
3696,5212
3696,5245
3696,5267
3696,5376
3696,5391
3696,5401
3696,5426
3696,5472
3696,5478
3696,5487
3696,5512
3696,5514
3696,5523
3696,5533
3696,5538
3696,5544
3696,5647
3696,5650
3696,5651
3696,5656
3696,5717
3696,5732
3696,5735
3696,6691
3696,10631
3696,12536
3696,19090
3696,27661
3696,28112
3696,38904
3696,54454
3696,54688
3696,54841
3696,59708
3696,60147
3696,60795
3696,60831
3696,60835
3696,60852
3696,60854
3696,60865
3696,62924
3696,65999
3696,68740
3696,77999
3696,83786
3696,87177
3696,119607
3696,123620
3696,125889
3696,150311
3696,154059
3696,170361
3696,3081884
3696,4475485
3696,5311027
3696,5311297
3696,5353980
3696,5481350
3696,5487301
3696,6398525
3702,3715
3702,3746
3702,3749
3702,3780
3702,3825
3702,3826
3702,3869
3702,3877
3702,3878
3702,3883
3702,3890
3702,3899
3702,3902
3702,3937
3702,3954
3702,3957
3702,3958
3702,3961
3702,3962
3702,4034
3702,4052
3702,4075
3702,4091
3702,4112
3702,4138
3702,4159
3702,4168
3702,4171
3702,4173
3702,4205
3702,4253
3702,4409
3702,4485
3702,4509
3702,4510
3702,4543
3702,4583
3702,4585
3702,4594
3702,4595
3702,4599
3702,4609
3702,4616
3702,4634
3702,4635
3702,4666
3702,4679
3702,4691
3702,4740
3702,4828
3702,4829
3702,4834
3702,4856
3702,4873
3702,4885
3702,4889
3702,4894
3702,4900
3702,4917
3702,4927
3702,4943
3702,4946
3702,5002
3702,5005
3702,5029
3702,5035
3702,5038
3702,5039
3702,5073
3702,5077
3702,5090
3702,5152
3702,5203
3702,5212
3702,5245
3702,5253
3702,5267
3702,5291
3702,5376
3702,5391
3702,5394
3702,5401
3702,5426
3702,5478
3702,5512
3702,5523
3702,5525
3702,5544
3702,5578
3702,5650
3702,5651
3702,5656
3702,5732
3702,5735
3702,5746
3702,6691
3702,16231
3702,19090
3702,24486
3702,27661
3702,34312
3702,38904
3702,41774
3702,41781
3702,47725
3702,54454
3702,54688
3702,60147
3702,60184
3702,60696
3702,60831
3702,60835
3702,60953
3702,62924
3702,65999
3702,68740
3702,77999
3702,83786
3702,87177
3702,93860
3702,104865
3702,119607
3702,123620
3702,124087
3702,125889
3702,130881
3702,150311
3702,163742
3702,170361
3702,443871
3702,1349907
3702,3468412
3702,4475485
3702,4659568
3702,5311048
3702,5311297
3702,5329102
3702,5353980
3702,5493444
3706,3767
3706,3877
3706,3954
3706,3958
3706,4095
3706,4168
3706,4253
3706,4451
3706,4463
3706,4594
3706,4634
3706,4635
3706,4679
3706,4889
3706,4894
3706,4993
3706,5039
3706,5064
3706,5073
3706,5076
3706,5090
3706,5155
3706,5533
3706,5645
3706,5726
3706,5732
3706,54688
3706,60787
3706,60831
3706,60877
3706,83786
3706,131536
3706,148192
3706,5381226
3706,5481350
3715,3746
3715,3749
3715,3767
3715,3780
3715,3825
3715,3826
3715,3877
3715,3878
3715,3883
3715,3890
3715,3899
3715,3937
3715,3954
3715,3957
3715,3958
3715,3961
3715,3962
3715,4034
3715,4044
3715,4052
3715,4058
3715,4091
3715,4107
3715,4112
3715,4158
3715,4159
3715,4168
3715,4170
3715,4171
3715,4173
3715,4201
3715,4205
3715,4236
3715,4253
3715,4409
3715,4411
3715,4449
3715,4463
3715,4485
3715,4510
3715,4513
3715,4543
3715,4583
3715,4585
3715,4594
3715,4595
3715,4599
3715,4601
3715,4609
3715,4614
3715,4616
3715,4634
3715,4635
3715,4666
3715,4674
3715,4679
3715,4691
3715,4829
3715,4834
3715,4856
3715,4873
3715,4885
3715,4889
3715,4894
3715,4900
3715,4909
3715,4911
3715,4917
3715,4920
3715,4927
3715,4943
3715,4946
3715,5002
3715,5005
3715,5029
3715,5035
3715,5038
3715,5039
3715,5064
3715,5073
3715,5076
3715,5078
3715,5090
3715,5095
3715,5152
3715,5155
3715,5203
3715,5212
3715,5245
3715,5253
3715,5267
3715,5352
3715,5358
3715,5372
3715,5376
3715,5379
3715,5391
3715,5401
3715,5408
3715,5478
3715,5487
3715,5496
3715,5512
3715,5514
3715,5523
3715,5533
3715,5544
3715,5572
3715,5645
3715,5647
3715,5650
3715,5651
3715,5656
3715,5717
3715,5726
3715,5731
3715,5732
3715,5735
3715,5978
3715,6691
3715,8953
3715,9433
3715,10631
3715,27661
3715,27686
3715,28112
3715,32797
3715,34312
3715,36811
3715,38904
3715,41774
3715,41781
3715,54454
3715,54688
3715,59708
3715,60147
3715,60184
3715,60795
3715,60831
3715,60835
3715,60854
3715,60871
3715,62924
3715,65999
3715,68740
3715,77999
3715,83786
3715,87177
3715,104865
3715,110634
3715,110635
3715,119607
3715,123620
3715,123631
3715,124087
3715,125889
3715,130881
3715,145068
3715,148192
3715,150311
3715,163742
3715,170361
3715,213039
3715,216239
3715,216326
3715,443871
3715,3002190
3715,3085017
3715,3468412
3715,4183806
3715,4475485
3715,5311048
3715,5311297
3715,5329102
3715,5353980
3715,5481350
3715,5487301
3715,6398525
3724,3730
3724,3937
3724,4171
3724,4253
3724,4510
3724,4594
3724,4873
3724,4943
3724,5038
3724,5651
3724,6691
3724,27661
3724,54454
3724,60754
3730,4171
3730,4253
3730,4510
3730,4583
3730,5544
3730,5651
3730,6691
3730,60754
3730,71273
3730,83786
3734,3883
3734,4200
3734,4253
3734,4510
3734,4583
3734,4594
3734,4679
3734,4829
3734,4889
3734,5029
3734,5039
3734,5267
3734,5544
3734,5650
3734,5732
3734,54454
3734,83786
3734,4475485
3736,3749
3736,3883
3736,3937
3736,3957
3736,3958
3736,3961
3736,3962
3736,4091
3736,4168
3736,4171
3736,4173
3736,4253
3736,4425
3736,4510
3736,4583
3736,4594
3736,4635
3736,4679
3736,4829
3736,4873
3736,4889
3736,4894
3736,4900
3736,5002
3736,5038
3736,5039
3736,5090
3736,5095
3736,5203
3736,5245
3736,5372
3736,5514
3736,5650
3736,5656
3736,5732
3736,6691
3736,27661
3736,54454
3736,60754
3736,65999
3736,87177
3736,3085017
3741,3780
3741,3883
3741,3957
3741,3958
3741,4171
3741,4200
3741,4253
3741,4485
3741,4510
3741,4583
3741,4594
3741,4829
3741,4873
3741,4900
3741,5029
3741,5039
3741,5234
3741,5650
3741,6691
3741,54454
3741,4475485
3746,3749
3746,3750
3746,3767
3746,3780
3746,3793
3746,3823
3746,3825
3746,3826
3746,3827
3746,3869
3746,3877
3746,3878
3746,3883
3746,3890
3746,3899
3746,3902
3746,3911
3746,3928
3746,3929
3746,3937
3746,3954
3746,3957
3746,3958
3746,3961
3746,3962
3746,4034
3746,4052
3746,4054
3746,4058
3746,4075
3746,4091
3746,4107
3746,4112
3746,4158
3746,4159
3746,4168
3746,4170
3746,4171
3746,4173
3746,4189
3746,4192
3746,4201
3746,4205
3746,4212
3746,4236
3746,4253
3746,4259
3746,4264
3746,4409
3746,4411
3746,4425
3746,4449
3746,4463
3746,4485
3746,4499
3746,4506
3746,4509
3746,4510
3746,4513
3746,4542
3746,4543
3746,4547
3746,4583
3746,4585
3746,4594
3746,4595
3746,4599
3746,4607
3746,4609
3746,4614
3746,4616
3746,4634
3746,4635
3746,4666
3746,4674
3746,4675
3746,4679
3746,4691
3746,4740
3746,4771
3746,4812
3746,4829
3746,4834
3746,4845
3746,4856
3746,4873
3746,4885
3746,4889
3746,4894
3746,4900
3746,4909
3746,4917
3746,4927
3746,4943
3746,4946
3746,5002
3746,5005
3746,5029
3746,5035
3746,5038
3746,5039
3746,5040
3746,5064
3746,5073
3746,5076
3746,5077
3746,5078
3746,5090
3746,5095
3746,5152
3746,5184
3746,5203
3746,5212
3746,5234
3746,5245
3746,5253
3746,5267
3746,5291
3746,5352
3746,5358
3746,5372
3746,5376
3746,5379
3746,5391
3746,5394
3746,5401
3746,5408
3746,5426
3746,5472
3746,5478
3746,5487
3746,5496
3746,5512
3746,5514
3746,5523
3746,5533
3746,5544
3746,5556
3746,5578
3746,5584
3746,5645
3746,5647
3746,5650
3746,5651
3746,5656
3746,5672
3746,5717
3746,5719
3746,5726
3746,5732
3746,5735
3746,5978
3746,6691
3746,8953
3746,9052
3746,9433
3746,10631
3746,19090
3746,24011
3746,24486
3746,27661
3746,27686
3746,28112
3746,32797
3746,34312
3746,36339
3746,36811
3746,38904
3746,39765
3746,41317
3746,41693
3746,41774
3746,41781
3746,47725
3746,48175
3746,51263
3746,54374
3746,54454
3746,54547
3746,54688
3746,56339
3746,57469
3746,59708
3746,60147
3746,60184
3746,60198
3746,60696
3746,60754
3746,60795
3746,60831
3746,60835
3746,60843
3746,60852
3746,60854
3746,60865
3746,60953
3746,62924
3746,65999
3746,68740
3746,68844
3746,71329
3746,71616
3746,72054
3746,77993
3746,77999
3746,83786
3746,87177
3746,91270
3746,93860
3746,104865
3746,110634
3746,110635
3746,119607
3746,123620
3746,123631
3746,124087
3746,125889
3746,130881
3746,148192
3746,150310
3746,150311
3746,150610
3746,152945
3746,156419
3746,160051
3746,163742
3746,170361
3746,176870
3746,197712
3746,216239
3746,216326
3746,443871
3746,444013
3746,444033
3746,3002190
3746,3062316
3746,3081884
3746,3085017
3746,3468412
3746,4183806
3746,4475485
3746,4659568
3746,5282226
3746,5311027
3746,5311039
3746,5311048
3746,5311181
3746,5311297
3746,5329102
3746,5353980
3746,5381226
3746,5481350
3746,5487301
3746,5493381
3746,5493444
3746,6398525
3746,6398970
3749,3750
3749,3780
3749,3784
3749,3823
3749,3825
3749,3826
3749,3869
3749,3877
3749,3878
3749,3883
3749,3890
3749,3899
3749,3902
3749,3911
3749,3929
3749,3937
3749,3954
3749,3957
3749,3958
3749,3961
3749,3962
3749,4034
3749,4052
3749,4054
3749,4058
3749,4075
3749,4091
3749,4107
3749,4112
3749,4138
3749,4158
3749,4159
3749,4168
3749,4170
3749,4171
3749,4173
3749,4192
3749,4201
3749,4205
3749,4212
3749,4236
3749,4253
3749,4259
3749,4409
3749,4411
3749,4449
3749,4473
3749,4485
3749,4499
3749,4506
3749,4509
3749,4510
3749,4539
3749,4542
3749,4543
3749,4547
3749,4583
3749,4585
3749,4594
3749,4595
3749,4599
3749,4609
3749,4616
3749,4634
3749,4635
3749,4666
3749,4674
3749,4679
3749,4691
3749,4740
3749,4819
3749,4829
3749,4845
3749,4856
3749,4873
3749,4885
3749,4889
3749,4893
3749,4894
3749,4900
3749,4909
3749,4917
3749,4920
3749,4927
3749,4932
3749,4943
3749,4946
3749,4991
3749,5002
3749,5005
3749,5029
3749,5035
3749,5038
3749,5039
3749,5040
3749,5064
3749,5073
3749,5076
3749,5077
3749,5090
3749,5095
3749,5152
3749,5203
3749,5210
3749,5212
3749,5234
3749,5245
3749,5253
3749,5267
3749,5291
3749,5352
3749,5358
3749,5372
3749,5376
3749,5379
3749,5391
3749,5401
3749,5402
3749,5408
3749,5412
3749,5426
3749,5472
3749,5478
3749,5487
3749,5512
3749,5514
3749,5523
3749,5525
3749,5533
3749,5544
3749,5572
3749,5578
3749,5596
3749,5647
3749,5650
3749,5651
3749,5656
3749,5672
3749,5717
3749,5719
3749,5732
3749,5734
3749,5735
3749,5746
3749,5978
3749,6691
3749,8953
3749,9052
3749,10631
3749,12536
3749,14888
3749,19090
3749,24486
3749,27661
3749,28112
3749,32797
3749,34312
3749,38904
3749,41774
3749,41781
3749,47725
3749,54374
3749,54454
3749,54688
3749,54841
3749,56959
3749,57537
3749,59708
3749,60147
3749,60184
3749,60198
3749,60795
3749,60831
3749,60835
3749,60843
3749,60852
3749,60854
3749,60865
3749,60953
3749,62924
3749,65999
3749,68740
3749,71329
3749,72054
3749,77992
3749,77993
3749,77999
3749,83786
3749,87177
3749,93860
3749,104865
3749,110634
3749,110635
3749,119607
3749,123620
3749,124087
3749,125889
3749,130881
3749,148192
3749,150310
3749,150311
3749,150610
3749,152945
3749,154059
3749,156419
3749,160051
3749,163742
3749,170361
3749,176168
3749,176870
3749,197712
3749,216239
3749,216326
3749,443871
3749,508230
3749,3002190
3749,3085017
3749,3468412
3749,4183806
3749,4475485
3749,5281007
3749,5281104
3749,5311027
3749,5311048
3749,5311082
3749,5311181
3749,5311297
3749,5329102
3749,5353980
3749,5381226
3749,5481350
3749,5487301
3749,5493381
3749,5493444
3749,6398525
3749,6447131
3750,3883
3750,3937
3750,3954
3750,3958
3750,3961
3750,4052
3750,4091
3750,4159
3750,4168
3750,4171
3750,4173
3750,4205
3750,4236
3750,4253
3750,4485
3750,4510
3750,4583
3750,4585
3750,4594
3750,4595
3750,4609
3750,4616
3750,4635
3750,4666
3750,4674
3750,4679
3750,4691
3750,4829
3750,4873
3750,4889
3750,4894
3750,4900
3750,4917
3750,4927
3750,4943
3750,5005
3750,5029
3750,5038
3750,5039
3750,5090
3750,5152
3750,5203
3750,5234
3750,5253
3750,5267
3750,5291
3750,5391
3750,5394
3750,5426
3750,5496
3750,5512
3750,5514
3750,5515
3750,5544
3750,5556
3750,5645
3750,5650
3750,5651
3750,5656
3750,5672
3750,5732
3750,5746
3750,5978
3750,6691
3750,19090
3750,27661
3750,38904
3750,54374
3750,54454
3750,54547
3750,59708
3750,60147
3750,60953
3750,62924
3750,65999
3750,68740
3750,77999
3750,83786
3750,87177
3750,123631
3750,125889
3750,148211
3750,150311
3750,151165
3750,3468412
3750,4475485
3750,5311048
3750,6398525
3763,3826
3763,3937
3763,3958
3763,4112
3763,4138
3763,4159
3763,4168
3763,4171
3763,4173
3763,4192
3763,4253
3763,4485
3763,4510
3763,4536
3763,4585
3763,4594
3763,4595
3763,4675
3763,4679
3763,4691
3763,4943
3763,5038
3763,5039
3763,5090
3763,5206
3763,5234
3763,5651
3763,5732
3763,5771
3763,28112
3763,36339
3763,39765
3763,41693
3763,47320
3763,51263
3763,54374
3763,54454
3763,60696
3763,87177
3767,3780
3767,3793
3767,3825
3767,3877
3767,3883
3767,3899
3767,3929
3767,3937
3767,3958
3767,3961
3767,4052
3767,4075
3767,4091
3767,4112
3767,4159
3767,4168
3767,4171
3767,4173
3767,4201
3767,4205
3767,4253
3767,4259
3767,4409
3767,4451
3767,4463
3767,4485
3767,4510
3767,4539
3767,4583
3767,4585
3767,4594
3767,4595
3767,4634
3767,4635
3767,4679
3767,4691
3767,4727
3767,4856
3767,4873
3767,4894
3767,4900
3767,4927
3767,5002
3767,5029
3767,5035
3767,5038
3767,5039
3767,5040
3767,5064
3767,5073
3767,5076
3767,5090
3767,5155
3767,5203
3767,5212
3767,5245
3767,5267
3767,5297
3767,5352
3767,5372
3767,5391
3767,5426
3767,5544
3767,5556
3767,5647
3767,5650
3767,5651
3767,5656
3767,5726
3767,5732
3767,6691
3767,27661
3767,28112
3767,54454
3767,54688
3767,54841
3767,59708
3767,60184
3767,60787
3767,60831
3767,60835
3767,60854
3767,60877
3767,62924
3767,65999
3767,71616
3767,77999
3767,83786
3767,87177
3767,125889
3767,148192
3767,150311
3767,3468412
3767,4183806
3767,5311297
3767,5353980
3767,5381226
3767,5481350
3767,6398525
3767,6918453
3780,3793
3780,3823
3780,3825
3780,3877
3780,3878
3780,3883
3780,3890
3780,3899
3780,3911
3780,3929
3780,3937
3780,3954
3780,3957
3780,3958
3780,3961
3780,3962
3780,4034
3780,4052
3780,4091
3780,4107
3780,4112
3780,4159
3780,4168
3780,4170
3780,4171
3780,4173
3780,4178
3780,4201
3780,4205
3780,4236
3780,4253
3780,4259
3780,4409
3780,4411
3780,4473
3780,4485
3780,4506
3780,4510
3780,4543
3780,4547
3780,4583
3780,4585
3780,4594
3780,4595
3780,4599
3780,4614
3780,4616
3780,4634
3780,4635
3780,4666
3780,4674
3780,4675
3780,4679
3780,4691
3780,4740
3780,4829
3780,4834
3780,4856
3780,4873
3780,4885
3780,4889
3780,4894
3780,4900
3780,4909
3780,4917
3780,4927
3780,4943
3780,4946
3780,5002
3780,5005
3780,5029
3780,5035
3780,5038
3780,5039
3780,5040
3780,5064
3780,5073
3780,5076
3780,5077
3780,5090
3780,5095
3780,5152
3780,5203
3780,5206
3780,5212
3780,5234
3780,5245
3780,5253
3780,5267
3780,5372
3780,5379
3780,5391
3780,5401
3780,5426
3780,5472
3780,5478
3780,5486
3780,5487
3780,5512
3780,5514
3780,5523
3780,5544
3780,5556
3780,5645
3780,5647
3780,5650
3780,5651
3780,5656
3780,5672
3780,5717
3780,5732
3780,5734
3780,5735
3780,6691
3780,8953
3780,27661
3780,32797
3780,38904
3780,39765
3780,41774
3780,41781
3780,54454
3780,54688
3780,56959
3780,59708
3780,60147
3780,60795
3780,60831
3780,60835
3780,60852
3780,60854
3780,62924
3780,65999
3780,68740
3780,71329
3780,71616
3780,77999
3780,83786
3780,87177
3780,93860
3780,104865
3780,119607
3780,123620
3780,125889
3780,130881
3780,150310
3780,150311
3780,152945
3780,154059
3780,156419
3780,160051
3780,170361
3780,443871
3780,3085017
3780,3468412
3780,4475485
3780,5281104
3780,5282226
3780,5311027
3780,5311048
3780,5311297
3780,5353980
3780,5487301
3780,6398525
3784,3883
3784,3899
3784,3902
3784,3937
3784,3958
3784,3961
3784,3962
3784,4091
3784,4112
3784,4159
3784,4168
3784,4171
3784,4253
3784,4411
3784,4485
3784,4547
3784,4594
3784,4595
3784,4635
3784,4666
3784,4674
3784,4679
3784,4691
3784,4829
3784,4873
3784,4889
3784,4894
3784,4900
3784,4909
3784,4917
3784,4946
3784,5002
3784,5005
3784,5029
3784,5035
3784,5038
3784,5039
3784,5040
3784,5064
3784,5090
3784,5095
3784,5152
3784,5203
3784,5245
3784,5372
3784,5391
3784,5512
3784,5523
3784,5544
3784,5650
3784,5656
3784,5732
3784,5978
3784,6691
3784,27661
3784,47725
3784,54454
3784,60835
3784,62924
3784,65999
3784,68740
3784,77999
3784,83786
3784,104741
3784,119607
3784,124087
3784,125889
3784,130881
3784,150311
3784,3468412
3784,4475485
3784,5311297
3784,5487301
3784,5493444
3793,3823
3793,3825
3793,3827
3793,3877
3793,3883
3793,3899
3793,3929
3793,3937
3793,3954
3793,3957
3793,3958
3793,3961
3793,4052
3793,4053
3793,4075
3793,4091
3793,4112
3793,4159
3793,4168
3793,4171
3793,4173
3793,4189
3793,4200
3793,4205
3793,4212
3793,4253
3793,4463
3793,4485
3793,4506
3793,4510
3793,4513
3793,4543
3793,4583
3793,4585
3793,4594
3793,4595
3793,4634
3793,4635
3793,4674
3793,4679
3793,4691
3793,4730
3793,4829
3793,4834
3793,4873
3793,4885
3793,4889
3793,4894
3793,4900
3793,4917
3793,4927
3793,4943
3793,4946
3793,4993
3793,5002
3793,5029
3793,5038
3793,5039
3793,5064
3793,5073
3793,5076
3793,5090
3793,5152
3793,5155
3793,5203
3793,5206
3793,5212
3793,5215
3793,5234
3793,5245
3793,5267
3793,5291
3793,5372
3793,5379
3793,5391
3793,5402
3793,5408
3793,5426
3793,5453
3793,5487
3793,5496
3793,5512
3793,5523
3793,5538
3793,5544
3793,5556
3793,5578
3793,5645
3793,5647
3793,5650
3793,5651
3793,5656
3793,5717
3793,5726
3793,5732
3793,5978
3793,6691
3793,8953
3793,10631
3793,14888
3793,19090
3793,38904
3793,41693
3793,41781
3793,54454
3793,54688
3793,59708
3793,60147
3793,60787
3793,60831
3793,62924
3793,64147
3793,65027
3793,65999
3793,68740
3793,71616
3793,72467
3793,74989
3793,77999
3793,83786
3793,87177
3793,93860
3793,123620
3793,124087
3793,130881
3793,147912
3793,148192
3793,150311
3793,213039
3793,216326
3793,667490
3793,3062316
3793,3085017
3793,3468412
3793,4475485
3793,5311039
3793,5311048
3793,5311297
3793,5353980
3793,5481350
3793,6398525
3793,6398970
3821,4192
3821,4595
3821,4635
3821,4873
3821,4943
3821,5372
3821,5645
3821,60612
3821,60815
3821,71616
3823,3877
3823,3883
3823,3890
3823,3911
3823,3937
3823,3957
3823,3958
3823,3961
3823,3962
3823,4052
3823,4091
3823,4112
3823,4158
3823,4168
3823,4171
3823,4173
3823,4189
3823,4205
3823,4253
3823,4259
3823,4485
3823,4510
3823,4583
3823,4585
3823,4594
3823,4595
3823,4634
3823,4635
3823,4674
3823,4679
3823,4691
3823,4829
3823,4873
3823,4885
3823,4889
3823,4894
3823,4900
3823,4917
3823,4927
3823,4946
3823,5002
3823,5005
3823,5029
3823,5038
3823,5039
3823,5040
3823,5064
3823,5073
3823,5076
3823,5090
3823,5155
3823,5184
3823,5203
3823,5212
3823,5234
3823,5245
3823,5267
3823,5372
3823,5379
3823,5391
3823,5401
3823,5408
3823,5523
3823,5533
3823,5544
3823,5647
3823,5650
3823,5656
3823,5732
3823,6691
3823,10631
3823,12536
3823,19090
3823,32797
3823,47725
3823,54454
3823,54688
3823,60147
3823,60795
3823,60831
3823,60835
3823,62924
3823,65999
3823,68740
3823,77999
3823,83786
3823,87177
3823,123620
3823,125889
3823,130881
3823,148192
3823,150311
3823,152945
3823,216326
3823,443871
3823,3468412
3823,4475485
3823,5311297
3823,5481350
3825,3877
3825,3878
3825,3883
3825,3890
3825,3899
3825,3911
3825,3937
3825,3954
3825,3957
3825,3958
3825,3961
3825,4044
3825,4052
3825,4064
3825,4075
3825,4091
3825,4107
3825,4112
3825,4158
3825,4159
3825,4168
3825,4171
3825,4173
3825,4192
3825,4200
3825,4205
3825,4236
3825,4253
3825,4259
3825,4409
3825,4411
3825,4473
3825,4485
3825,4506
3825,4510
3825,4513
3825,4543
3825,4583
3825,4585
3825,4594
3825,4595
3825,4601
3825,4603
3825,4609
3825,4616
3825,4634
3825,4635
3825,4666
3825,4674
3825,4679
3825,4691
3825,4740
3825,4745
3825,4829
3825,4856
3825,4873
3825,4885
3825,4889
3825,4894
3825,4900
3825,4917
3825,4927
3825,4943
3825,4946
3825,5002
3825,5029
3825,5035
3825,5038
3825,5039
3825,5064
3825,5073
3825,5090
3825,5095
3825,5152
3825,5184
3825,5203
3825,5206
3825,5212
3825,5234
3825,5245
3825,5267
3825,5352
3825,5358
3825,5372
3825,5376
3825,5379
3825,5391
3825,5487
3825,5512
3825,5514
3825,5523
3825,5533
3825,5544
3825,5556
3825,5645
3825,5650
3825,5651
3825,5656
3825,5672
3825,5731
3825,5732
3825,5734
3825,6691
3825,9433
3825,10631
3825,27661
3825,27686
3825,38904
3825,41693
3825,47320
3825,54454
3825,54688
3825,60184
3825,60198
3825,60815
3825,60835
3825,60852
3825,60865
3825,62924
3825,65999
3825,68740
3825,77993
3825,77999
3825,83786
3825,87177
3825,93860
3825,119607
3825,123620
3825,123631
3825,125889
3825,163742
3825,216239
3825,3002190
3825,3085017
3825,3468412
3825,4183806
3825,4475485
3825,4659568
3825,5311048
3825,5311297
3825,5329102
3825,5353980
3825,5481350
3826,3869
3826,3878
3826,3883
3826,3890
3826,3899
3826,3929
3826,3937
3826,3954
3826,3957
3826,3958
3826,3961
3826,3962
3826,4034
3826,4052
3826,4058
3826,4075
3826,4091
3826,4107
3826,4112
3826,4158
3826,4159
3826,4168
3826,4170
3826,4171
3826,4173
3826,4192
3826,4205
3826,4236
3826,4253
3826,4259
3826,4409
3826,4411
3826,4419
3826,4425
3826,4449
3826,4485
3826,4510
3826,4542
3826,4543
3826,4583
3826,4585
3826,4594
3826,4595
3826,4599
3826,4601
3826,4603
3826,4609
3826,4614
3826,4616
3826,4634
3826,4635
3826,4666
3826,4674
3826,4679
3826,4691
3826,4740
3826,4812
3826,4819
3826,4829
3826,4873
3826,4885
3826,4889
3826,4894
3826,4900
3826,4917
3826,4927
3826,4943
3826,4946
3826,5002
3826,5005
3826,5029
3826,5035
3826,5038
3826,5039
3826,5073
3826,5078
3826,5090
3826,5095
3826,5155
3826,5203
3826,5206
3826,5212
3826,5234
3826,5245
3826,5267
3826,5352
3826,5358
3826,5379
3826,5391
3826,5402
3826,5412
3826,5472
3826,5478
3826,5487
3826,5512
3826,5514
3826,5523
3826,5533
3826,5544
3826,5647
3826,5650
3826,5651
3826,5656
3826,5719
3826,5732
3826,5734
3826,5735
3826,5978
3826,6691
3826,8953
3826,10631
3826,19090
3826,27661
3826,28112
3826,34312
3826,38904
3826,41693
3826,47320
3826,54454
3826,54688
3826,54808
3826,60147
3826,60696
3826,60831
3826,60835
3826,60953
3826,62924
3826,68740
3826,68844
3826,71273
3826,77999
3826,83786
3826,87177
3826,91270
3826,119607
3826,123620
3826,124087
3826,125889
3826,130881
3826,150311
3826,150610
3826,163742
3826,170361
3826,3002190
3826,3468412
3826,4183806
3826,4475485
3826,5311027
3826,5311048
3826,5311082
3826,5311297
3826,5329102
3826,5353980
3826,5487301
3826,6398525
3827,3877
3827,3883
3827,3890
3827,3937
3827,3957
3827,3961
3827,4052
3827,4053
3827,4091
3827,4112
3827,4158
3827,4171
3827,4178
3827,4463
3827,4510
3827,4583
3827,4594
3827,4603
3827,4679
3827,4691
3827,4889
3827,4894
3827,5039
3827,5076
3827,5090
3827,5152
3827,5155
3827,5212
3827,5267
3827,5372
3827,5647
3827,5650
3827,5651
3827,5732
3827,27661
3827,27686
3827,34312
3827,54454
3827,54688
3827,60787
3827,60831
3827,60865
3827,62924
3827,65999
3827,83786
3827,87177
3827,110635
3827,123620
3827,5311297
3827,5353980
3827,6398525
3827,6435110
3869,3877
3869,3883
3869,3899
3869,3937
3869,3954
3869,3957
3869,3958
3869,3961
3869,3962
3869,4034
3869,4052
3869,4058
3869,4091
3869,4112
3869,4138
3869,4159
3869,4168
3869,4171
3869,4173
3869,4192
3869,4201
3869,4205
3869,4253
3869,4259
3869,4473
3869,4485
3869,4497
3869,4510
3869,4547
3869,4583
3869,4585
3869,4594
3869,4595
3869,4634
3869,4635
3869,4679
3869,4691
3869,4829
3869,4873
3869,4889
3869,4894
3869,4900
3869,4917
3869,4927
3869,4943
3869,5002
3869,5005
3869,5029
3869,5038
3869,5039
3869,5040
3869,5064
3869,5073
3869,5090
3869,5095
3869,5155
3869,5203
3869,5267
3869,5372
3869,5379
3869,5391
3869,5401
3869,5412
3869,5426
3869,5496
3869,5512
3869,5544
3869,5647
3869,5650
3869,5651
3869,5656
3869,5726
3869,5732
3869,6691
3869,8953
3869,10631
3869,27661
3869,39765
3869,54454
3869,60147
3869,60754
3869,60795
3869,60831
3869,62924
3869,64147
3869,65999
3869,77999
3869,83786
3869,87177
3869,119607
3869,123620
3869,130881
3869,150311
3869,156419
3869,3085017
3869,3468412
3869,4475485
3869,5281104
3869,5311082
3869,5329102
3869,5353980
3869,6398970
3877,3878
3877,3883
3877,3929
3877,3937
3877,3954
3877,3957
3877,3958
3877,3961
3877,4044
3877,4052
3877,4053
3877,4075
3877,4091
3877,4095
3877,4112
3877,4158
3877,4159
3877,4168
3877,4171
3877,4173
3877,4189
3877,4201
3877,4205
3877,4253
3877,4259
3877,4451
3877,4463
3877,4473
3877,4485
3877,4506
3877,4510
3877,4513
3877,4539
3877,4547
3877,4583
3877,4585
3877,4594
3877,4595
3877,4607
3877,4616
3877,4634
3877,4635
3877,4666
3877,4679
3877,4691
3877,4812
3877,4829
3877,4873
3877,4889
3877,4894
3877,4900
3877,4917
3877,4927
3877,4946
3877,4993
3877,5002
3877,5005
3877,5029
3877,5038
3877,5039
3877,5040
3877,5064
3877,5073
3877,5076
3877,5090
3877,5152
3877,5155
3877,5203
3877,5212
3877,5215
3877,5234
3877,5267
3877,5291
3877,5297
3877,5372
3877,5379
3877,5391
3877,5401
3877,5408
3877,5426
3877,5496
3877,5523
3877,5533
3877,5544
3877,5556
3877,5578
3877,5593
3877,5645
3877,5647
3877,5650
3877,5651
3877,5656
3877,5726
3877,5732
3877,5734
3877,5878
3877,5978
3877,6691
3877,8953
3877,10631
3877,13342
3877,19090
3877,24486
3877,27686
3877,28112
3877,32797
3877,38904
3877,41781
3877,54374
3877,54454
3877,54688
3877,57469
3877,59708
3877,60147
3877,60184
3877,60787
3877,60795
3877,60831
3877,60871
3877,60877
3877,62924
3877,64147
3877,65027
3877,65999
3877,68740
3877,71616
3877,72467
3877,74989
3877,77999
3877,83786
3877,87177
3877,93860
3877,104865
3877,110634
3877,119607
3877,123620
3877,124087
3877,125889
3877,131536
3877,147912
3877,148192
3877,150311
3877,153941
3877,156419
3877,170361
3877,213039
3877,216239
3877,508230
3877,667490
3877,3085017
3877,3468412
3877,4183806
3877,4475485
3877,5281007
3877,5311048
3877,5311297
3877,5353980
3877,5381226
3877,5481350
3877,6398525
3878,3883
3878,3890
3878,3899
3878,3911
3878,3929
3878,3937
3878,3954
3878,3957
3878,3958
3878,3961
3878,3962
3878,3964
3878,4034
3878,4052
3878,4054
3878,4058
3878,4075
3878,4091
3878,4095
3878,4107
3878,4112
3878,4158
3878,4159
3878,4168
3878,4170
3878,4171
3878,4173
3878,4189
3878,4205
3878,4236
3878,4253
3878,4259
3878,4409
3878,4411
3878,4428
3878,4449
3878,4463
3878,4485
3878,4506
3878,4509
3878,4510
3878,4536
3878,4539
3878,4542
3878,4543
3878,4583
3878,4585
3878,4594
3878,4595
3878,4599
3878,4609
3878,4614
3878,4616
3878,4634
3878,4635
3878,4666
3878,4679
3878,4691
3878,4740
3878,4748
3878,4771
3878,4819
3878,4828
3878,4829
3878,4856
3878,4873
3878,4885
3878,4889
3878,4894
3878,4900
3878,4909
3878,4917
3878,4920
3878,4927
3878,4943
3878,4946
3878,5002
3878,5005
3878,5029
3878,5035
3878,5038
3878,5039
3878,5064
3878,5073
3878,5076
3878,5077
3878,5078
3878,5090
3878,5095
3878,5152
3878,5155
3878,5195
3878,5203
3878,5212
3878,5234
3878,5245
3878,5267
3878,5291
3878,5358
3878,5372
3878,5376
3878,5391
3878,5394
3878,5401
3878,5402
3878,5408
3878,5412
3878,5426
3878,5454
3878,5466
3878,5478
3878,5487
3878,5496
3878,5512
3878,5514
3878,5523
3878,5530
3878,5533
3878,5538
3878,5544
3878,5556
3878,5572
3878,5578
3878,5584
3878,5596
3878,5645
3878,5647
3878,5650
3878,5651
3878,5656
3878,5717
3878,5719
3878,5726
3878,5731
3878,5732
3878,5734
3878,5735
3878,5978
3878,6691
3878,8953
3878,9052
3878,10631
3878,16231
3878,24486
3878,27661
3878,27991
3878,28112
3878,34312
3878,38904
3878,41781
3878,51634
3878,54454
3878,54688
3878,54841
3878,56339
3878,59708
3878,60147
3878,60184
3878,60795
3878,60831
3878,60835
3878,60852
3878,60854
3878,60865
3878,60953
3878,62924
3878,65999
3878,68740
3878,71158
3878,72054
3878,77993
3878,77999
3878,83786
3878,87177
3878,110634
3878,110635
3878,115237
3878,119607
3878,123606
3878,123620
3878,124087
3878,125017
3878,125889
3878,130881
3878,150311
3878,152945
3878,154059
3878,170361
3878,443871
3878,3002190
3878,3081884
3878,3468412
3878,4475485
3878,4659569
3878,5311297
3878,5329102
3878,5353980
3878,5481350
3878,5487301
3878,6398525
3878,6398970
3883,3890
3883,3899
3883,3902
3883,3911
3883,3914
3883,3929
3883,3937
3883,3954
3883,3957
3883,3958
3883,3961
3883,3962
3883,4034
3883,4044
3883,4052
3883,4053
3883,4054
3883,4058
3883,4064
3883,4075
3883,4091
3883,4095
3883,4107
3883,4112
3883,4138
3883,4158
3883,4159
3883,4168
3883,4170
3883,4171
3883,4173
3883,4178
3883,4189
3883,4192
3883,4195
3883,4200
3883,4201
3883,4205
3883,4212
3883,4236
3883,4253
3883,4259
3883,4264
3883,4409
3883,4411
3883,4419
3883,4425
3883,4428
3883,4440
3883,4449
3883,4463
3883,4485
3883,4497
3883,4499
3883,4506
3883,4509
3883,4510
3883,4513
3883,4536
3883,4542
3883,4543
3883,4547
3883,4583
3883,4585
3883,4594
3883,4595
3883,4599
3883,4601
3883,4603
3883,4607
3883,4609
3883,4614
3883,4616
3883,4634
3883,4635
3883,4645
3883,4666
3883,4674
3883,4675
3883,4679
3883,4691
3883,4723
3883,4727
3883,4730
3883,4736
3883,4740
3883,4745
3883,4748
3883,4771
3883,4812
3883,4819
3883,4828
3883,4829
3883,4834
3883,4845
3883,4856
3883,4873
3883,4885
3883,4889
3883,4893
3883,4894
3883,4900
3883,4909
3883,4911
3883,4917
3883,4920
3883,4927
3883,4932
3883,4943
3883,4946
3883,4991
3883,4999
3883,5002
3883,5005
3883,5029
3883,5035
3883,5038
3883,5039
3883,5040
3883,5064
3883,5073
3883,5076
3883,5077
3883,5078
3883,5090
3883,5095
3883,5152
3883,5155
3883,5184
3883,5195
3883,5203
3883,5206
3883,5210
3883,5212
3883,5215
3883,5234
3883,5245
3883,5253
3883,5267
3883,5291
3883,5352
3883,5358
3883,5372
3883,5376
3883,5379
3883,5391
3883,5394
3883,5401
3883,5402
3883,5408
3883,5412
3883,5426
3883,5454
3883,5466
3883,5472
3883,5478
3883,5487
3883,5496
3883,5512
3883,5514
3883,5515
3883,5523
3883,5525
3883,5530
3883,5533
3883,5538
3883,5544
3883,5556
3883,5572
3883,5578
3883,5584
3883,5596
3883,5645
3883,5647
3883,5650
3883,5651
3883,5656
3883,5672
3883,5717
3883,5719
3883,5726
3883,5731
3883,5732
3883,5734
3883,5735
3883,5878
3883,5978
3883,6691
3883,8953
3883,9052
3883,9433
3883,10631
3883,12536
3883,14888
3883,16231
3883,19090
3883,24486
3883,27661
3883,27686
3883,27991
3883,28112
3883,32797
3883,34312
3883,36339
3883,36811
3883,38904
3883,39765
3883,41317
3883,41774
3883,41781
3883,47725
3883,48175
3883,51263
3883,54374
3883,54454
3883,54547
3883,54688
3883,54786
3883,54808
3883,54841
3883,56339
3883,56959
3883,57469
3883,57537
3883,59708
3883,60147
3883,60184
3883,60198
3883,60612
3883,60754
3883,60787
3883,60795
3883,60831
3883,60835
3883,60843
3883,60852
3883,60854
3883,60865
3883,60871
3883,60953
3883,62924
3883,64147
3883,65027
3883,65999
3883,68740
3883,68844
3883,71158
3883,71329
3883,71616
3883,72054
3883,72467
3883,74989
3883,77993
3883,77999
3883,83786
3883,87177
3883,91270
3883,93860
3883,104741
3883,104865
3883,110634
3883,110635
3883,115237
3883,119182
3883,119607
3883,123606
3883,123620
3883,123631
3883,124087
3883,125017
3883,125889
3883,130881
3883,131536
3883,147912
3883,148192
3883,148211
3883,150310
3883,150311
3883,151165
3883,152945
3883,153941
3883,154059
3883,156419
3883,160051
3883,163742
3883,170361
3883,176168
3883,176870
3883,197712
3883,213039
3883,216239
3883,216326
3883,443871
3883,444033
3883,504578
3883,508230
3883,667490
3883,1349907
3883,3002190
3883,3062316
3883,3081884
3883,3085017
3883,3468412
3883,4183806
3883,4475485
3883,4479097
3883,4659568
3883,5281007
3883,5281104
3883,5282044
3883,5282226
3883,5311027
3883,5311039
3883,5311048
3883,5311082
3883,5311181
3883,5311297
3883,5329102
3883,5353980
3883,5362070
3883,5362420
3883,5381226
3883,5481350
3883,5487301
3883,5493381
3883,5493444
3883,6398525
3883,6398970
3883,6435110
3883,6436173
3883,6447131
3883,6918453
3883,9571074
3890,3899
3890,3902
3890,3914
3890,3929
3890,3937
3890,3954
3890,3957
3890,3958
3890,3961
3890,3962
3890,4034
3890,4052
3890,4054
3890,4058
3890,4075
3890,4091
3890,4107
3890,4112
3890,4138
3890,4158
3890,4159
3890,4168
3890,4170
3890,4171
3890,4173
3890,4201
3890,4205
3890,4236
3890,4253
3890,4259
3890,4264
3890,4409
3890,4411
3890,4485
3890,4506
3890,4509
3890,4510
3890,4543
3890,4547
3890,4583
3890,4585
3890,4594
3890,4595
3890,4599
3890,4609
3890,4616
3890,4634
3890,4635
3890,4666
3890,4674
3890,4679
3890,4691
3890,4740
3890,4819
3890,4829
3890,4856
3890,4873
3890,4885
3890,4889
3890,4894
3890,4900
3890,4909
3890,4917
3890,4920
3890,4927
3890,4943
3890,4946
3890,5002
3890,5005
3890,5029
3890,5035
3890,5038
3890,5039
3890,5040
3890,5073
3890,5077
3890,5078
3890,5090
3890,5095
3890,5152
3890,5203
3890,5212
3890,5234
3890,5245
3890,5267
3890,5358
3890,5372
3890,5376
3890,5379
3890,5391
3890,5401
3890,5402
3890,5408
3890,5426
3890,5478
3890,5496
3890,5512
3890,5514
3890,5523
3890,5533
3890,5544
3890,5556
3890,5593
3890,5596
3890,5645
3890,5647
3890,5650
3890,5651
3890,5656
3890,5717
3890,5732
3890,5735
3890,6691
3890,10631
3890,19090
3890,24486
3890,27661
3890,27686
3890,28112
3890,34312
3890,38904
3890,41317
3890,41774
3890,41781
3890,47725
3890,54374
3890,54454
3890,54688
3890,54808
3890,59708
3890,60147
3890,60184
3890,60795
3890,60831
3890,60835
3890,60843
3890,60852
3890,60865
3890,62924
3890,65999
3890,68740
3890,68844
3890,71329
3890,77999
3890,83786
3890,87177
3890,93860
3890,104865
3890,110634
3890,110635
3890,119607
3890,123620
3890,123631
3890,124087
3890,125889
3890,130881
3890,150311
3890,152945
3890,154059
3890,170361
3890,176870
3890,197712
3890,216239
3890,216326
3890,443871
3890,3002190
3890,3468412
3890,4183806
3890,4475485
3890,4659568
3890,5281007
3890,5282226
3890,5311027
3890,5311048
3890,5311297
3890,5329102
3890,5353980
3890,5362420
3890,5487301
3890,5493381
3890,6398525
3899,3929
3899,3937
3899,3954
3899,3957
3899,3958
3899,3961
3899,3962
3899,4052
3899,4058
3899,4075
3899,4091
3899,4107
3899,4112
3899,4159
3899,4168
3899,4170
3899,4171
3899,4173
3899,4192
3899,4205
3899,4236
3899,4253
3899,4259
3899,4409
3899,4411
3899,4449
3899,4473
3899,4485
3899,4499
3899,4506
3899,4509
3899,4510
3899,4539
3899,4543
3899,4547
3899,4583
3899,4585
3899,4594
3899,4599
3899,4603
3899,4614
3899,4616
3899,4634
3899,4635
3899,4674
3899,4675
3899,4679
3899,4691
3899,4727
3899,4740
3899,4771
3899,4819
3899,4829
3899,4856
3899,4873
3899,4885
3899,4889
3899,4894
3899,4900
3899,4909
3899,4917
3899,4920
3899,4927
3899,4943
3899,4946
3899,5002
3899,5005
3899,5029
3899,5035
3899,5038
3899,5039
3899,5040
3899,5073
3899,5090
3899,5095
3899,5152
3899,5184
3899,5203
3899,5212
3899,5245
3899,5253
3899,5267
3899,5352
3899,5358
3899,5372
3899,5391
3899,5401
3899,5402
3899,5408
3899,5466
3899,5472
3899,5487
3899,5512
3899,5514
3899,5523
3899,5533
3899,5544
3899,5556
3899,5572
3899,5578
3899,5645
3899,5650
3899,5656
3899,5719
3899,5732
3899,5735
3899,5978
3899,6691
3899,9052
3899,9433
3899,10631
3899,12536
3899,24486
3899,27661
3899,32797
3899,34312
3899,41774
3899,41781
3899,54454
3899,54688
3899,59708
3899,60147
3899,60184
3899,60831
3899,60835
3899,60852
3899,62924
3899,65999
3899,68740
3899,77999
3899,83786
3899,87177
3899,104865
3899,110635
3899,119607
3899,123620
3899,124087
3899,125889
3899,130881
3899,150311
3899,154059
3899,197712
3899,667490
3899,3468412
3899,4183806
3899,4475485
3899,5311181
3899,5311297
3899,5353980
3899,5381226
3899,5487301
3899,6398525
3899,6398970
3899,6918453
3902,3911
3902,3937
3902,3954
3902,3957
3902,3958
3902,3961
3902,3962
3902,4034
3902,4052
3902,4091
3902,4107
3902,4112
3902,4158
3902,4168
3902,4171
3902,4173
3902,4205
3902,4212
3902,4253
3902,4409
3902,4506
3902,4543
3902,4583
3902,4585
3902,4594
3902,4595
3902,4634
3902,4635
3902,4666
3902,4674
3902,4679
3902,4691
3902,4829
3902,4856
3902,4873
3902,4885
3902,4889
3902,4894
3902,4900
3902,4917
3902,4920
3902,4927
3902,4946
3902,5005
3902,5029
3902,5035
3902,5038
3902,5039
3902,5073
3902,5090
3902,5203
3902,5234
3902,5245
3902,5267
3902,5291
3902,5376
3902,5391
3902,5453
3902,5512
3902,5523
3902,5544
3902,5645
3902,5647
3902,5650
3902,5656
3902,5672
3902,5732
3902,5735
3902,6691
3902,10631
3902,19090
3902,24486
3902,27661
3902,34312
3902,38904
3902,41781
3902,47725
3902,54454
3902,54688
3902,60147
3902,60184
3902,60198
3902,60795
3902,60831
3902,60835
3902,60852
3902,60953
3902,62924
3902,65999
3902,68740
3902,77999
3902,83786
3902,87177
3902,104741
3902,119607
3902,123620
3902,125889
3902,130881
3902,150311
3902,170361
3902,176870
3902,216239
3902,1349907
3902,3468412
3902,4475485
3902,5311297
3902,5487301
3911,3937
3911,3954
3911,3957
3911,3958
3911,3961
3911,3962
3911,4034
3911,4052
3911,4054
3911,4091
3911,4112
3911,4158
3911,4168
3911,4170
3911,4171
3911,4173
3911,4205
3911,4212
3911,4253
3911,4409
3911,4473
3911,4485
3911,4506
3911,4510
3911,4513
3911,4536
3911,4543
3911,4547
3911,4583
3911,4585
3911,4594
3911,4595
3911,4609
3911,4616
3911,4634
3911,4635
3911,4666
3911,4674
3911,4679
3911,4691
3911,4740
3911,4828
3911,4829
3911,4856
3911,4873
3911,4889
3911,4894
3911,4900
3911,4917
3911,4920
3911,4927
3911,4943
3911,4946
3911,5002
3911,5005
3911,5029
3911,5038
3911,5039
3911,5073
3911,5090
3911,5203
3911,5212
3911,5245
3911,5253
3911,5267
3911,5358
3911,5376
3911,5391
3911,5401
3911,5408
3911,5426
3911,5478
3911,5512
3911,5514
3911,5523
3911,5538
3911,5556
3911,5645
3911,5647
3911,5650
3911,5656
3911,5672
3911,5732
3911,5735
3911,6691
3911,8953
3911,10631
3911,19090
3911,24011
3911,27661
3911,34312
3911,38904
3911,41774
3911,41781
3911,47725
3911,54454
3911,54688
3911,60147
3911,60184
3911,60198
3911,60831
3911,60835
3911,60953
3911,62924
3911,65999
3911,68740
3911,77999
3911,83786
3911,87177
3911,93860
3911,104741
3911,110634
3911,119607
3911,123620
3911,124087
3911,125889
3911,130881
3911,148211
3911,150311
3911,152945
3911,154059
3911,160051
3911,216239
3911,216326
3911,443871
3911,4475485
3911,5311027
3911,5311048
3911,5311297
3911,5329102
3911,6398525
3914,3929
3914,3937
3914,3954
3914,3957
3914,4107
3914,4112
3914,4168
3914,4173
3914,4409
3914,4594
3914,4679
3914,4691
3914,4856
3914,4900
3914,5029
3914,5039
3914,5090
3914,5203
3914,5212
3914,5372
3914,5478
3914,5523
3914,5544
3914,5732
3914,6691
3914,10631
3914,87177
3914,5282226
3914,5311027
3928,3958
3928,3962
3928,4091
3928,4107
3928,4171
3928,4253
3928,4259
3928,4411
3928,4510
3928,4594
3928,4603
3928,4634
3928,5039
3928,5152
3928,5267
3928,5514
3928,5544
3928,5650
3928,6691
3928,54454
3928,87177
3928,3002190
3928,5311297
3929,3937
3929,3954
3929,3957
3929,3958
3929,3961
3929,3962
3929,4052
3929,4058
3929,4075
3929,4091
3929,4107
3929,4112
3929,4159
3929,4168
3929,4170
3929,4171
3929,4173
3929,4192
3929,4205
3929,4212
3929,4253
3929,4259
3929,4264
3929,4485
3929,4510
3929,4543
3929,4547
3929,4583
3929,4585
3929,4594
3929,4595
3929,4607
3929,4634
3929,4635
3929,4679
3929,4691
3929,4740
3929,4812
3929,4829
3929,4834
3929,4873
3929,4889
3929,4894
3929,4900
3929,4917
3929,4927
3929,4943
3929,4946
3929,5002
3929,5005
3929,5029
3929,5035
3929,5038
3929,5039
3929,5040
3929,5064
3929,5073
3929,5090
3929,5095
3929,5155
3929,5203
3929,5206
3929,5212
3929,5234
3929,5245
3929,5267
3929,5297
3929,5372
3929,5379
3929,5391
3929,5402
3929,5412
3929,5426
3929,5478
3929,5496
3929,5512
3929,5514
3929,5523
3929,5544
3929,5556
3929,5645
3929,5647
3929,5650
3929,5651
3929,5656
3929,5732
3929,5978
3929,6691
3929,8953
3929,9052
3929,9433
3929,10631
3929,19090
3929,24486
3929,27661
3929,28112
3929,34312
3929,36339
3929,38904
3929,39765
3929,41693
3929,41781
3929,51263
3929,54374
3929,54454
3929,54547
3929,54688
3929,59708
3929,60612
3929,60831
3929,60835
3929,62924
3929,65999
3929,71616
3929,77999
3929,83786
3929,87177
3929,93860
3929,125889
3929,130881
3929,147912
3929,150311
3929,150610
3929,443871
3929,504578
3929,3085017
3929,3468412
3929,5282044
3929,5311039
3929,5311048
3929,5311297
3929,5381226
3929,6398525
3937,3954
3937,3957
3937,3958
3937,3961
3937,3962
3937,3964
3937,4034
3937,4052
3937,4053
3937,4054
3937,4058
3937,4064
3937,4075
3937,4091
3937,4095
3937,4107
3937,4112
3937,4138
3937,4158
3937,4159
3937,4168
3937,4170
3937,4171
3937,4173
3937,4178
3937,4189
3937,4192
3937,4195
3937,4201
3937,4205
3937,4212
3937,4236
3937,4253
3937,4259
3937,4264
3937,4409
3937,4411
3937,4428
3937,4449
3937,4451
3937,4463
3937,4485
3937,4497
3937,4499
3937,4506
3937,4509
3937,4510
3937,4513
3937,4536
3937,4539
3937,4542
3937,4543
3937,4547
3937,4583
3937,4585
3937,4594
3937,4595
3937,4599
3937,4601
3937,4603
3937,4607
3937,4609
3937,4614
3937,4616
3937,4634
3937,4635
3937,4666
3937,4674
3937,4675
3937,4679
3937,4691
3937,4730
3937,4740
3937,4745
3937,4748
3937,4771
3937,4812
3937,4819
3937,4828
3937,4829
3937,4834
3937,4845
3937,4856
3937,4873
3937,4885
3937,4889
3937,4893
3937,4894
3937,4900
3937,4909
3937,4911
3937,4913
3937,4917
3937,4920
3937,4927
3937,4932
3937,4943
3937,4946
3937,4991
3937,5002
3937,5005
3937,5029
3937,5035
3937,5038
3937,5039
3937,5040
3937,5064
3937,5070
3937,5073
3937,5076
3937,5077
3937,5078
3937,5090
3937,5095
3937,5152
3937,5155
3937,5184
3937,5195
3937,5203
3937,5210
3937,5212
3937,5234
3937,5245
3937,5253
3937,5267
3937,5291
3937,5352
3937,5358
3937,5372
3937,5376
3937,5379
3937,5391
3937,5394
3937,5401
3937,5402
3937,5408
3937,5412
3937,5426
3937,5454
3937,5466
3937,5472
3937,5478
3937,5487
3937,5496
3937,5505
3937,5512
3937,5514
3937,5523
3937,5533
3937,5538
3937,5544
3937,5556
3937,5572
3937,5578
3937,5596
3937,5645
3937,5647
3937,5650
3937,5651
3937,5656
3937,5672
3937,5717
3937,5719
3937,5726
3937,5731
3937,5732
3937,5734
3937,5735
3937,5746
3937,5878
3937,5978
3937,6691
3937,8953
3937,9052
3937,9433
3937,10631
3937,12536
3937,14888
3937,16231
3937,19090
3937,24011
3937,24486
3937,27661
3937,27686
3937,28112
3937,32797
3937,34312
3937,38904
3937,41317
3937,41774
3937,41781
3937,47725
3937,54374
3937,54454
3937,54547
3937,54688
3937,54786
3937,54808
3937,54841
3937,56959
3937,57469
3937,57537
3937,59708
3937,60147
3937,60184
3937,60198
3937,60754
3937,60787
3937,60795
3937,60831
3937,60835
3937,60843
3937,60852
3937,60854
3937,60865
3937,60871
3937,60877
3937,60953
3937,62924
3937,64147
3937,65027
3937,65999
3937,68740
3937,68844
3937,71158
3937,71329
3937,71616
3937,72054
3937,74989
3937,77993
3937,77999
3937,83786
3937,87177
3937,91270
3937,93860
3937,104741
3937,104865
3937,110634
3937,110635
3937,115237
3937,119607
3937,122316
3937,123606
3937,123620
3937,123631
3937,124087
3937,125017
3937,125889
3937,130881
3937,131536
3937,147912
3937,148192
3937,148211
3937,150310
3937,150311
3937,150610
3937,151165
3937,153941
3937,154059
3937,156419
3937,160051
3937,163742
3937,170361
3937,176168
3937,176870
3937,197712
3937,213039
3937,216239
3937,216326
3937,443871
3937,444013
3937,508230
3937,657298
3937,667490
3937,1349907
3937,3002190
3937,3062316
3937,3081884
3937,3085017
3937,3468412
3937,4183806
3937,4475485
3937,4479097
3937,4659568
3937,5281007
3937,5281104
3937,5282226
3937,5311027
3937,5311039
3937,5311048
3937,5311082
3937,5311181
3937,5311297
3937,5329102
3937,5353980
3937,5362070
3937,5362420
3937,5381226
3937,5481350
3937,5487301
3937,5493381
3937,5493444
3937,6398525
3937,6398970
3937,6447131
3954,3957
3954,3958
3954,3961
3954,3962
3954,4034
3954,4046
3954,4052
3954,4054
3954,4058
3954,4075
3954,4091
3954,4107
3954,4112
3954,4138
3954,4158
3954,4159
3954,4168
3954,4170
3954,4171
3954,4173
3954,4189
3954,4205
3954,4212
3954,4236
3954,4253
3954,4259
3954,4411
3954,4425
3954,4449
3954,4451
3954,4463
3954,4485
3954,4499
3954,4506
3954,4509
3954,4510
3954,4539
3954,4543
3954,4547
3954,4583
3954,4585
3954,4594
3954,4595
3954,4607
3954,4609
3954,4614
3954,4616
3954,4634
3954,4635
3954,4666
3954,4674
3954,4679
3954,4691
3954,4740
3954,4812
3954,4829
3954,4834
3954,4856
3954,4873
3954,4885
3954,4889
3954,4894
3954,4900
3954,4909
3954,4917
3954,4920
3954,4927
3954,4943
3954,4946
3954,5002
3954,5005
3954,5029
3954,5035
3954,5038
3954,5039
3954,5040
3954,5064
3954,5073
3954,5076
3954,5078
3954,5090
3954,5095
3954,5152
3954,5155
3954,5184
3954,5203
3954,5212
3954,5234
3954,5245
3954,5253
3954,5267
3954,5291
3954,5352
3954,5358
3954,5372
3954,5376
3954,5391
3954,5394
3954,5401
3954,5402
3954,5408
3954,5426
3954,5478
3954,5487
3954,5496
3954,5512
3954,5514
3954,5523
3954,5533
3954,5544
3954,5556
3954,5578
3954,5645
3954,5647
3954,5650
3954,5651
3954,5656
3954,5672
3954,5719
3954,5726
3954,5731
3954,5732
3954,5734
3954,5735
3954,5746
3954,5978
3954,6691
3954,8953
3954,10631
3954,12620
3954,14888
3954,16231
3954,19090
3954,24011
3954,24486
3954,27661
3954,27686
3954,32797
3954,34312
3954,38904
3954,41781
3954,54374
3954,54454
3954,54547
3954,54688
3954,54786
3954,57469
3954,59708
3954,60147
3954,60164
3954,60184
3954,60754
3954,60787
3954,60795
3954,60831
3954,60835
3954,60843
3954,60852
3954,60865
3954,60877
3954,60953
3954,62924
3954,64147
3954,65999
3954,68740
3954,71616
3954,72054
3954,74989
3954,77999
3954,83786
3954,87177
3954,93860
3954,104865
3954,110635
3954,119607
3954,123620
3954,123631
3954,124087
3954,125889
3954,130881
3954,131536
3954,147912
3954,148192
3954,148211
3954,150311
3954,151165
3954,152945
3954,156419
3954,160051
3954,163742
3954,176168
3954,176870
3954,197712
3954,213039
3954,216239
3954,216326
3954,443871
3954,508230
3954,667490
3954,3002190
3954,3062316
3954,3085017
3954,3468412
3954,4183806
3954,4475485
3954,4479097
3954,5281007
3954,5281104
3954,5311027
3954,5311048
3954,5311181
3954,5311297
3954,5329102
3954,5353980
3954,5362070
3954,5481350
3954,5487301
3954,5493381
3954,6398525
3954,6398970
3957,3958
3957,3961
3957,3962
3957,4034
3957,4052
3957,4054
3957,4058
3957,4075
3957,4091
3957,4107
3957,4112
3957,4138
3957,4158
3957,4159
3957,4168
3957,4170
3957,4171
3957,4173
3957,4189
3957,4192
3957,4200
3957,4201
3957,4205
3957,4236
3957,4253
3957,4259
3957,4264
3957,4409
3957,4411
3957,4440
3957,4449
3957,4463
3957,4485
3957,4499
3957,4506
3957,4509
3957,4510
3957,4513
3957,4536
3957,4542
3957,4543
3957,4547
3957,4583
3957,4585
3957,4594
3957,4595
3957,4599
3957,4601
3957,4603
3957,4609
3957,4614
3957,4616
3957,4634
3957,4635
3957,4666
3957,4674
3957,4679
3957,4691
3957,4736
3957,4740
3957,4771
3957,4812
3957,4819
3957,4829
3957,4845
3957,4856
3957,4873
3957,4885
3957,4889
3957,4893
3957,4894
3957,4900
3957,4909
3957,4911
3957,4917
3957,4920
3957,4927
3957,4943
3957,4946
3957,4999
3957,5002
3957,5005
3957,5029
3957,5035
3957,5038
3957,5039
3957,5040
3957,5064
3957,5073
3957,5076
3957,5077
3957,5078
3957,5090
3957,5095
3957,5152
3957,5155
3957,5184
3957,5203
3957,5210
3957,5212
3957,5234
3957,5245
3957,5253
3957,5267
3957,5291
3957,5352
3957,5358
3957,5372
3957,5376
3957,5379
3957,5391
3957,5401
3957,5402
3957,5408
3957,5412
3957,5426
3957,5466
3957,5472
3957,5478
3957,5487
3957,5496
3957,5512
3957,5514
3957,5523
3957,5533
3957,5538
3957,5544
3957,5556
3957,5572
3957,5578
3957,5584
3957,5596
3957,5645
3957,5647
3957,5650
3957,5651
3957,5656
3957,5672
3957,5717
3957,5719
3957,5721
3957,5726
3957,5731
3957,5732
3957,5734
3957,5735
3957,5978
3957,6691
3957,8953
3957,9433
3957,10631
3957,12536
3957,16231
3957,19090
3957,24011
3957,24486
3957,27661
3957,27686
3957,28112
3957,32797
3957,34312
3957,38904
3957,41317
3957,41774
3957,41781
3957,47725
3957,54374
3957,54454
3957,54547
3957,54688
3957,54841
3957,56339
3957,56959
3957,59708
3957,60147
3957,60164
3957,60184
3957,60198
3957,60787
3957,60795
3957,60831
3957,60835
3957,60843
3957,60852
3957,60854
3957,60865
3957,60953
3957,62924
3957,64147
3957,65999
3957,68740
3957,71329
3957,71616
3957,72054
3957,77993
3957,77999
3957,83786
3957,87177
3957,91270
3957,93860
3957,104865
3957,110634
3957,110635
3957,115237
3957,119607
3957,122316
3957,123620
3957,123631
3957,124087
3957,125017
3957,125889
3957,130881
3957,147912
3957,148192
3957,148211
3957,150311
3957,151165
3957,152945
3957,154059
3957,156419
3957,160051
3957,163742
3957,170361
3957,176870
3957,197712
3957,216239
3957,216326
3957,443871
3957,667490
3957,3002190
3957,3062316
3957,3081884
3957,3085017
3957,3468412
3957,4183806
3957,4475485
3957,4659568
3957,5281104
3957,5282226
3957,5311027
3957,5311048
3957,5311181
3957,5311297
3957,5329102
3957,5353980
3957,5481350
3957,5487301
3957,5493381
3957,6398525
3957,6398970
3957,6435110
3957,6447131
3958,3961
3958,3962
3958,3964
3958,4034
3958,4044
3958,4046
3958,4052
3958,4053
3958,4054
3958,4058
3958,4064
3958,4075
3958,4091
3958,4095
3958,4107
3958,4112
3958,4138
3958,4158
3958,4159
3958,4168
3958,4170
3958,4171
3958,4173
3958,4178
3958,4189
3958,4192
3958,4195
3958,4200
3958,4201
3958,4205
3958,4212
3958,4236
3958,4253
3958,4259
3958,4264
3958,4409
3958,4411
3958,4419
3958,4425
3958,4428
3958,4440
3958,4449
3958,4451
3958,4463
3958,4473
3958,4485
3958,4499
3958,4506
3958,4509
3958,4510
3958,4513
3958,4536
3958,4539
3958,4542
3958,4543
3958,4547
3958,4583
3958,4585
3958,4594
3958,4595
3958,4599
3958,4601
3958,4603
3958,4609
3958,4614
3958,4616
3958,4634
3958,4635
3958,4666
3958,4674
3958,4675
3958,4679
3958,4691
3958,4736
3958,4739
3958,4740
3958,4745
3958,4748
3958,4771
3958,4812
3958,4819
3958,4828
3958,4829
3958,4834
3958,4845
3958,4856
3958,4873
3958,4885
3958,4889
3958,4894
3958,4900
3958,4909
3958,4917
3958,4920
3958,4927
3958,4932
3958,4943
3958,4946
3958,4991
3958,4999
3958,5002
3958,5005
3958,5029
3958,5035
3958,5038
3958,5039
3958,5040
3958,5064
3958,5073
3958,5076
3958,5077
3958,5078
3958,5090
3958,5095
3958,5152
3958,5155
3958,5184
3958,5195
3958,5203
3958,5206
3958,5212
3958,5215
3958,5234
3958,5245
3958,5253
3958,5267
3958,5291
3958,5352
3958,5358
3958,5372
3958,5376
3958,5379
3958,5391
3958,5394
3958,5401
3958,5402
3958,5408
3958,5412
3958,5426
3958,5453
3958,5454
3958,5466
3958,5472
3958,5478
3958,5487
3958,5496
3958,5512
3958,5514
3958,5523
3958,5525
3958,5530
3958,5533
3958,5538
3958,5544
3958,5556
3958,5572
3958,5578
3958,5584
3958,5596
3958,5645
3958,5647
3958,5650
3958,5651
3958,5656
3958,5672
3958,5717
3958,5719
3958,5726
3958,5731
3958,5732
3958,5734
3958,5735
3958,5771
3958,5878
3958,5978
3958,6691
3958,8953
3958,9052
3958,9433
3958,10631
3958,12536
3958,13342
3958,14888
3958,16231
3958,19090
3958,24011
3958,24486
3958,27661
3958,27686
3958,27991
3958,28112
3958,32797
3958,34312
3958,36339
3958,36811
3958,38904
3958,39765
3958,41693
3958,41774
3958,41781
3958,47725
3958,48175
3958,51263
3958,54374
3958,54454
3958,54547
3958,54688
3958,54786
3958,54808
3958,54841
3958,56339
3958,56959
3958,57537
3958,59708
3958,60147
3958,60184
3958,60198
3958,60696
3958,60754
3958,60787
3958,60795
3958,60831
3958,60835
3958,60843
3958,60852
3958,60854
3958,60865
3958,60953
3958,62924
3958,64147
3958,65999
3958,68740
3958,68844
3958,71158
3958,71329
3958,71616
3958,72054
3958,72467
3958,74989
3958,77993
3958,77999
3958,82146
3958,83786
3958,87177
3958,91270
3958,93860
3958,104741
3958,104865
3958,110634
3958,110635
3958,115237
3958,119182
3958,119607
3958,122316
3958,123606
3958,123620
3958,123631
3958,124087
3958,125017
3958,125889
3958,130881
3958,131536
3958,147912
3958,148192
3958,148211
3958,150310
3958,150311
3958,150610
3958,151165
3958,152945
3958,154059
3958,156419
3958,160051
3958,163742
3958,170361
3958,176168
3958,176870
3958,197712
3958,213039
3958,216239
3958,216326
3958,443871
3958,444013
3958,504578
3958,667490
3958,1349907
3958,3002190
3958,3062316
3958,3081884
3958,3085017
3958,3468412
3958,4183806
3958,4475485
3958,4479097
3958,4659568
3958,4659569
3958,5281007
3958,5281104
3958,5282044
3958,5282226
3958,5311027
3958,5311039
3958,5311048
3958,5311082
3958,5311181
3958,5311297
3958,5329102
3958,5353980
3958,5362070
3958,5381226
3958,5481350
3958,5487301
3958,5493381
3958,5493444
3958,6398525
3958,6398970
3958,6447131
3961,3962
3961,4034
3961,4052
3961,4053
3961,4054
3961,4058
3961,4064
3961,4075
3961,4091
3961,4107
3961,4112
3961,4138
3961,4158
3961,4159
3961,4168
3961,4170
3961,4171
3961,4173
3961,4178
3961,4200
3961,4201
3961,4205
3961,4212
3961,4236
3961,4253
3961,4259
3961,4264
3961,4409
3961,4411
3961,4449
3961,4463
3961,4473
3961,4485
3961,4497
3961,4499
3961,4506
3961,4509
3961,4510
3961,4513
3961,4539
3961,4543
3961,4547
3961,4583
3961,4585
3961,4594
3961,4595
3961,4599
3961,4601
3961,4603
3961,4609
3961,4614
3961,4616
3961,4634
3961,4635
3961,4666
3961,4674
3961,4679
3961,4691
3961,4740
3961,4819
3961,4828
3961,4829
3961,4834
3961,4845
3961,4856
3961,4873
3961,4885
3961,4889
3961,4893
3961,4894
3961,4900
3961,4909
3961,4911
3961,4917
3961,4920
3961,4927
3961,4932
3961,4943
3961,4946
3961,4991
3961,5002
3961,5005
3961,5029
3961,5035
3961,5038
3961,5039
3961,5040
3961,5064
3961,5073
3961,5076
3961,5077
3961,5078
3961,5090
3961,5095
3961,5152
3961,5155
3961,5195
3961,5203
3961,5206
3961,5210
3961,5212
3961,5234
3961,5245
3961,5253
3961,5267
3961,5291
3961,5352
3961,5358
3961,5372
3961,5376
3961,5379
3961,5391
3961,5394
3961,5401
3961,5402
3961,5408
3961,5412
3961,5426
3961,5472
3961,5478
3961,5487
3961,5496
3961,5505
3961,5512
3961,5514
3961,5523
3961,5525
3961,5533
3961,5538
3961,5544
3961,5556
3961,5572
3961,5578
3961,5584
3961,5596
3961,5645
3961,5647
3961,5650
3961,5651
3961,5656
3961,5672
3961,5717
3961,5719
3961,5726
3961,5732
3961,5734
3961,5735
3961,5978
3961,6691
3961,8953
3961,9052
3961,9433
3961,10631
3961,12536
3961,14888
3961,16231
3961,19090
3961,24011
3961,24486
3961,27661
3961,28112
3961,32797
3961,34312
3961,36811
3961,38904
3961,41317
3961,41774
3961,41781
3961,47725
3961,54374
3961,54454
3961,54547
3961,54688
3961,54808
3961,54841
3961,56959
3961,59708
3961,60147
3961,60184
3961,60198
3961,60754
3961,60795
3961,60831
3961,60835
3961,60843
3961,60852
3961,60854
3961,60865
3961,60953
3961,62924
3961,64147
3961,65999
3961,68740
3961,71329
3961,71616
3961,72054
3961,72938
3961,74989
3961,77993
3961,77999
3961,83786
3961,87177
3961,91270
3961,93860
3961,104741
3961,104865
3961,110634
3961,110635
3961,119607
3961,123620
3961,123631
3961,124087
3961,125017
3961,125889
3961,130881
3961,148192
3961,148211
3961,150310
3961,150311
3961,150610
3961,151165
3961,152945
3961,154059
3961,156419
3961,160051
3961,163742
3961,170361
3961,176168
3961,176870
3961,197712
3961,213039
3961,216239
3961,216326
3961,443871
3961,508230
3961,667490
3961,1349907
3961,3002190
3961,3081884
3961,3085017
3961,3468412
3961,4183806
3961,4475485
3961,4659568
3961,5281104
3961,5282226
3961,5311027
3961,5311048
3961,5311181
3961,5311297
3961,5329102
3961,5353980
3961,5362070
3961,5362420
3961,5381226
3961,5481350
3961,5487301
3961,5493381
3961,5493444
3961,6398525
3961,6398970
3961,6447131
3961,6918453
3962,4034
3962,4052
3962,4054
3962,4058
3962,4075
3962,4091
3962,4107
3962,4112
3962,4158
3962,4168
3962,4170
3962,4171
3962,4173
3962,4189
3962,4201
3962,4205
3962,4212
3962,4236
3962,4253
3962,4259
3962,4409
3962,4411
3962,4485
3962,4509
3962,4510
3962,4513
3962,4543
3962,4547
3962,4583
3962,4585
3962,4594
3962,4595
3962,4599
3962,4603
3962,4609
3962,4614
3962,4616
3962,4634
3962,4635
3962,4666
3962,4674
3962,4679
3962,4691
3962,4740
3962,4745
3962,4829
3962,4856
3962,4873
3962,4885
3962,4889
3962,4894
3962,4900
3962,4909
3962,4911
3962,4917
3962,4927
3962,4946
3962,4991
3962,5002
3962,5005
3962,5029
3962,5035
3962,5038
3962,5039
3962,5040
3962,5064
3962,5073
3962,5077
3962,5090
3962,5095
3962,5152
3962,5203
3962,5212
3962,5234
3962,5245
3962,5253
3962,5267
3962,5291
3962,5352
3962,5358
3962,5372
3962,5376
3962,5379
3962,5391
3962,5394
3962,5401
3962,5402
3962,5408
3962,5412
3962,5426
3962,5472
3962,5478
3962,5487
3962,5512
3962,5514
3962,5523
3962,5533
3962,5544
3962,5556
3962,5578
3962,5647
3962,5650
3962,5651
3962,5656
3962,5717
3962,5732
3962,5735
3962,5978
3962,6691
3962,8953
3962,10631
3962,16231
3962,19090
3962,24486
3962,27661
3962,28112
3962,32797
3962,34312
3962,38904
3962,41774
3962,41781
3962,54454
3962,54688
3962,54841
3962,56959
3962,57469
3962,57537
3962,59708
3962,60147
3962,60198
3962,60795
3962,60831
3962,60835
3962,60852
3962,60854
3962,60865
3962,60953
3962,62924
3962,64147
3962,65999
3962,68740
3962,68844
3962,71329
3962,77999
3962,83786
3962,87177
3962,91270
3962,93860
3962,104865
3962,110634
3962,110635
3962,119607
3962,123620
3962,123631
3962,124087
3962,125889
3962,130881
3962,148211
3962,150311
3962,152945
3962,154059
3962,156419
3962,170361
3962,176168
3962,176870
3962,197712
3962,216239
3962,216326
3962,443871
3962,1349907
3962,3002190
3962,3085017
3962,3468412
3962,4183806
3962,4475485
3962,4659568
3962,5281104
3962,5282226
3962,5311027
3962,5311048
3962,5311181
3962,5311297
3962,5329102
3962,5353980
3962,5362420
3962,5487301
3962,6398525
3962,6447131
3964,4171
3964,4463
3964,4585
3964,4594
3964,4679
3964,4691
3964,4927
3964,5002
3964,5038
3964,5039
3964,5073
3964,5203
3964,5391
3964,5514
3964,5732
3964,6691
3964,28112
3964,60795
3964,62924
4011,4205
4034,4052
4034,4054
4034,4058
4034,4075
4034,4091
4034,4107
4034,4112
4034,4158
4034,4159
4034,4168
4034,4170
4034,4171
4034,4173
4034,4205
4034,4236
4034,4253
4034,4259
4034,4409
4034,4411
4034,4449
4034,4485
4034,4509
4034,4510
4034,4513
4034,4543
4034,4547
4034,4583
4034,4585
4034,4594
4034,4595
4034,4601
4034,4634
4034,4635
4034,4666
4034,4674
4034,4679
4034,4691
4034,4740
4034,4819
4034,4829
4034,4845
4034,4856
4034,4873
4034,4885
4034,4889
4034,4900
4034,4909
4034,4917
4034,4920
4034,4927
4034,4946
4034,5002
4034,5005
4034,5029
4034,5035
4034,5038
4034,5039
4034,5064
4034,5073
4034,5090
4034,5095
4034,5152
4034,5184
4034,5203
4034,5212
4034,5234
4034,5245
4034,5253
4034,5267
4034,5352
4034,5358
4034,5379
4034,5391
4034,5401
4034,5408
4034,5426
4034,5478
4034,5487
4034,5512
4034,5514
4034,5523
4034,5533
4034,5544
4034,5647
4034,5650
4034,5651
4034,5656
4034,5717
4034,5719
4034,5732
4034,5735
4034,6691
4034,10631
4034,16231
4034,19090
4034,27661
4034,28112
4034,32797
4034,34312
4034,41781
4034,54454
4034,54547
4034,54688
4034,54841
4034,59708
4034,60147
4034,60795
4034,60831
4034,60835
4034,62924
4034,65999
4034,68740
4034,71329
4034,72054
4034,77999
4034,83786
4034,87177
4034,91270
4034,110634
4034,110635
4034,119607
4034,123620
4034,124087
4034,125889
4034,130881
4034,150311
4034,152945
4034,154059
4034,170361
4034,216239
4034,504578
4034,3002190
4034,3081884
4034,3085017
4034,3468412
4034,4475485
4034,5282226
4034,5311082
4034,5311297
4034,5487301
4034,6398525
4044,4052
4044,4112
4044,4171
4044,4173
4044,4253
4044,4542
4044,4583
4044,4594
4044,4616
4044,4679
4044,4691
4044,4889
4044,4894
4044,4946
4044,5029
4044,5039
4044,5064
4044,5076
4044,5155
4044,5203
4044,5379
4044,5514
4044,5538
4044,5556
4044,5645
4044,5647
4044,5656
4044,5731
4044,28112
4044,54454
4044,54688
4044,60164
4044,60787
4044,119607
4044,150311
4044,5311048
4044,6447131
4046,4171
4046,4173
4046,4539
4046,4900
4046,4917
4046,4927
4046,5203
4046,5391
4046,5732
4046,54688
4046,170361
4052,4054
4052,4075
4052,4091
4052,4095
4052,4107
4052,4112
4052,4138
4052,4158
4052,4159
4052,4168
4052,4170
4052,4171
4052,4173
4052,4205
4052,4212
4052,4236
4052,4253
4052,4259
4052,4264
4052,4409
4052,4411
4052,4428
4052,4449
4052,4485
4052,4509
4052,4510
4052,4513
4052,4539
4052,4543
4052,4547
4052,4583
4052,4585
4052,4594
4052,4595
4052,4599
4052,4601
4052,4609
4052,4614
4052,4616
4052,4634
4052,4635
4052,4666
4052,4674
4052,4679
4052,4691
4052,4736
4052,4740
4052,4812
4052,4819
4052,4829
4052,4834
4052,4845
4052,4856
4052,4873
4052,4885
4052,4889
4052,4894
4052,4900
4052,4909
4052,4911
4052,4917
4052,4920
4052,4927
4052,4943
4052,4946
4052,4991
4052,4999
4052,5002
4052,5005
4052,5029
4052,5035
4052,5038
4052,5039
4052,5064
4052,5073
4052,5076
4052,5077
4052,5078
4052,5090
4052,5095
4052,5152
4052,5155
4052,5184
4052,5195
4052,5203
4052,5210
4052,5212
4052,5234
4052,5245
4052,5267
4052,5291
4052,5358
4052,5372
4052,5376
4052,5379
4052,5391
4052,5394
4052,5401
4052,5402
4052,5408
4052,5412
4052,5426
4052,5466
4052,5478
4052,5487
4052,5512
4052,5514
4052,5523
4052,5533
4052,5538
4052,5544
4052,5556
4052,5572
4052,5578
4052,5645
4052,5647
4052,5650
4052,5651
4052,5656
4052,5672
4052,5717
4052,5719
4052,5731
4052,5732
4052,5734
4052,5735
4052,6691
4052,8953
4052,10631
4052,12536
4052,24486
4052,27661
4052,28112
4052,34312
4052,38904
4052,41774
4052,41781
4052,47725
4052,54454
4052,54547
4052,54688
4052,54841
4052,56959
4052,57537
4052,59708
4052,60147
4052,60184
4052,60198
4052,60787
4052,60795
4052,60831
4052,60835
4052,60852
4052,60854
4052,60865
4052,60953
4052,62924
4052,65999
4052,68740
4052,68844
4052,72054
4052,77993
4052,77999
4052,83786
4052,87177
4052,91270
4052,93860
4052,104865
4052,110634
4052,110635
4052,119607
4052,122316
4052,123620
4052,123631
4052,124087
4052,125017
4052,125889
4052,130881
4052,148211
4052,150310
4052,150311
4052,152945
4052,154059
4052,160051
4052,163742
4052,170361
4052,197712
4052,216239
4052,216326
4052,443871
4052,1349907
4052,3002190
4052,3081884
4052,3468412
4052,4183806
4052,4475485
4052,4659568
4052,5282226
4052,5311027
4052,5311048
4052,5311297
4052,5329102
4052,5353980
4052,5487301
4052,6398525
4052,6398970
4052,6447131
4052,6918453
4053,4091
4053,4112
4053,4159
4053,4171
4053,4173
4053,4253
4053,4510
4053,4583
4053,4594
4053,4595
4053,4635
4053,4674
4053,4679
4053,4691
4053,4834
4053,4889
4053,4894
4053,4900
4053,4917
4053,5029
4053,5039
4053,5090
4053,5372
4053,5391
4053,5426
4053,5453
4053,5645
4053,5650
4053,5651
4053,5732
4053,5978
4053,6691
4053,38904
4053,54454
4053,68740
4053,71616
4053,72467
4053,83786
4053,93860
4053,151165
4053,216326
4053,3468412
4053,5311048
4054,4091
4054,4112
4054,4158
4054,4168
4054,4170
4054,4171
4054,4173
4054,4205
4054,4236
4054,4253
4054,4409
4054,4411
4054,4449
4054,4485
4054,4509
4054,4510
4054,4543
4054,4583
4054,4585
4054,4594
4054,4595
4054,4634
4054,4635
4054,4679
4054,4691
4054,4740
4054,4819
4054,4829
4054,4873
4054,4885
4054,4889
4054,4900
4054,4909
4054,4917
4054,4927
4054,4946
4054,5002
4054,5005
4054,5029
4054,5035
4054,5038
4054,5039
4054,5073
4054,5077
4054,5090
4054,5095
4054,5152
4054,5203
4054,5212
4054,5245
4054,5253
4054,5267
4054,5358
4054,5376
4054,5391
4054,5394
4054,5401
4054,5466
4054,5478
4054,5487
4054,5512
4054,5514
4054,5523
4054,5533
4054,5544
4054,5650
4054,5651
4054,5656
4054,5732
4054,5734
4054,5735
4054,6691
4054,19090
4054,27661
4054,28112
4054,34312
4054,41781
4054,54454
4054,54841
4054,57537
4054,59708
4054,60147
4054,60795
4054,60831
4054,60835
4054,60852
4054,60854
4054,60865
4054,62924
4054,65999
4054,68740
4054,72054
4054,77999
4054,83786
4054,87177
4054,110634
4054,119607
4054,122316
4054,123620
4054,124087
4054,125889
4054,130881
4054,150311
4054,152945
4054,154059
4054,160051
4054,163742
4054,170361
4054,3468412
4054,4475485
4054,4659568
4054,5282226
4054,5311027
4054,5311297
4054,5487301
4054,6398525
4058,4091
4058,4107
4058,4112
4058,4159
4058,4168
4058,4170
4058,4171
4058,4173
4058,4200
4058,4205
4058,4212
4058,4236
4058,4253
4058,4259
4058,4409
4058,4419
4058,4509
4058,4510
4058,4543
4058,4583
4058,4585
4058,4594
4058,4595
4058,4599
4058,4616
4058,4634
4058,4635
4058,4666
4058,4674
4058,4679
4058,4691
4058,4736
4058,4829
4058,4856
4058,4873
4058,4889
4058,4900
4058,4917
4058,4927
4058,4943
4058,4946
4058,5002
4058,5005
4058,5029
4058,5038
4058,5039
4058,5064
4058,5073
4058,5090
4058,5152
4058,5203
4058,5206
4058,5212
4058,5234
4058,5245
4058,5267
4058,5358
4058,5379
4058,5391
4058,5401
4058,5408
4058,5426
4058,5487
4058,5496
4058,5512
4058,5514
4058,5523
4058,5538
4058,5544
4058,5556
4058,5647
4058,5650
4058,5651
4058,5656
4058,5719
4058,5732
4058,5735
4058,5771
4058,5978
4058,6691
4058,8953
4058,10631
4058,13342
4058,24486
4058,28112
4058,32797
4058,34312
4058,38904
4058,41781
4058,54374
4058,54454
4058,54688
4058,59708
4058,60147
4058,60696
4058,60835
4058,60854
4058,62924
4058,68740
4058,77999
4058,83786
4058,87177
4058,119607
4058,123620
4058,124087
4058,125889
4058,130881
4058,148211
4058,150311
4058,150610
4058,151165
4058,170361
4058,667490
4058,3468412
4058,4183806
4058,4475485
4058,5281007
4058,5311048
4058,5311082
4058,5311297
4058,5487301
4058,6398525
4064,4159
4064,4171
4064,4205
4064,4253
4064,4539
4064,4583
4064,4585
4064,4594
4064,4595
4064,4616
4064,4635
4064,4674
4064,4691
4064,4900
4064,4927
4064,5038
4064,5039
4064,5073
4064,5090
4064,5203
4064,5391
4064,5412
4064,5556
4064,5656
4064,5732
4064,6691
4064,10631
4064,54454
4064,83786
4064,125889
4064,4475485
4075,4091
4075,4112
4075,4159
4075,4168
4075,4171
4075,4173
4075,4200
4075,4205
4075,4253
4075,4259
4075,4409
4075,4411
4075,4449
4075,4485
4075,4509
4075,4510
4075,4542
4075,4543
4075,4583
4075,4585
4075,4594
4075,4595
4075,4601
4075,4603
4075,4609
4075,4616
4075,4634
4075,4635
4075,4679
4075,4691
4075,4829
4075,4873
4075,4885
4075,4889
4075,4894
4075,4900
4075,4909
4075,4917
4075,4920
4075,4927
4075,4943
4075,4946
4075,5002
4075,5005
4075,5029
4075,5035
4075,5038
4075,5039
4075,5064
4075,5073
4075,5090
4075,5095
4075,5152
4075,5203
4075,5245
4075,5267
4075,5352
4075,5358
4075,5372
4075,5391
4075,5408
4075,5478
4075,5487
4075,5512
4075,5514
4075,5523
4075,5538
4075,5544
4075,5556
4075,5647
4075,5650
4075,5651
4075,5656
4075,5717
4075,5732
4075,5734
4075,5735
4075,6691
4075,8953
4075,10631
4075,19090
4075,27661
4075,28112
4075,38904
4075,54454
4075,54688
4075,59708
4075,60147
4075,60831
4075,60835
4075,60852
4075,62924
4075,68740
4075,77999
4075,83786
4075,87177
4075,119607
4075,123620
4075,125889
4075,130881
4075,150311
4075,152945
4075,163742
4075,170361
4075,667490
4075,3468412
4075,4475485
4075,5311297
4075,5353980
4075,5362070
4075,5381226
4075,5487301
4075,6398525
4075,6398970
4075,6436173
4091,4095
4091,4107
4091,4112
4091,4138
4091,4158
4091,4159
4091,4168
4091,4170
4091,4171
4091,4173
4091,4189
4091,4200
4091,4201
4091,4205
4091,4212
4091,4236
4091,4253
4091,4259
4091,4264
4091,4409
4091,4411
4091,4449
4091,4463
4091,4485
4091,4499
4091,4506
4091,4509
4091,4510
4091,4513
4091,4536
4091,4539
4091,4542
4091,4543
4091,4547
4091,4583
4091,4585
4091,4594
4091,4595
4091,4599
4091,4601
4091,4603
4091,4609
4091,4614
4091,4616
4091,4634
4091,4635
4091,4666
4091,4674
4091,4679
4091,4691
4091,4740
4091,4748
4091,4771
4091,4819
4091,4828
4091,4829
4091,4845
4091,4856
4091,4873
4091,4885
4091,4889
4091,4893
4091,4894
4091,4900
4091,4909
4091,4917
4091,4920
4091,4927
4091,4943
4091,4946
4091,4991
4091,5002
4091,5005
4091,5029
4091,5035
4091,5038
4091,5039
4091,5040
4091,5064
4091,5070
4091,5073
4091,5076
4091,5077
4091,5078
4091,5090
4091,5095
4091,5152
4091,5155
4091,5195
4091,5203
4091,5206
4091,5210
4091,5212
4091,5234
4091,5245
4091,5253
4091,5267
4091,5291
4091,5352
4091,5358
4091,5372
4091,5376
4091,5379
4091,5391
4091,5394
4091,5401
4091,5402
4091,5408
4091,5412
4091,5426
4091,5454
4091,5466
4091,5472
4091,5478
4091,5487
4091,5496
4091,5505
4091,5512
4091,5514
4091,5523
4091,5525
4091,5533
4091,5538
4091,5544
4091,5556
4091,5572
4091,5578
4091,5596
4091,5645
4091,5647
4091,5650
4091,5651
4091,5656
4091,5672
4091,5717
4091,5719
4091,5726
4091,5732
4091,5734
4091,5735
4091,5878
4091,5978
4091,6691
4091,8953
4091,9052
4091,10631
4091,16231
4091,19090
4091,24011
4091,24486
4091,27661
4091,27991
4091,28112
4091,32797
4091,34312
4091,38904
4091,41774
4091,41781
4091,47725
4091,54374
4091,54454
4091,54688
4091,54841
4091,56959
4091,57537
4091,59708
4091,60147
4091,60184
4091,60198
4091,60787
4091,60795
4091,60831
4091,60835
4091,60843
4091,60852
4091,60854
4091,60865
4091,60953
4091,62924
4091,64147
4091,65999
4091,68740
4091,71329
4091,72054
4091,72938
4091,74989
4091,77993
4091,77999
4091,83786
4091,87177
4091,91270
4091,93860
4091,104741
4091,104865
4091,110634
4091,110635
4091,115237
4091,119607
4091,123606
4091,123620
4091,123631
4091,124087
4091,125017
4091,125889
4091,130881
4091,131536
4091,148192
4091,148211
4091,150310
4091,150311
4091,150610
4091,151165
4091,152945
4091,154059
4091,160051
4091,163742
4091,170361
4091,176870
4091,197712
4091,213039
4091,216239
4091,216326
4091,443871
4091,444013
4091,504578
4091,667490
4091,1349907
4091,3002190
4091,3062316
4091,3081884
4091,3468412
4091,4183806
4091,4475485
4091,4659568
4091,5281007
4091,5282226
4091,5311027
4091,5311048
4091,5311181
4091,5311297
4091,5329102
4091,5353980
4091,5362420
4091,5381226
4091,5481350
4091,5487301
4091,5493381
4091,5493444
4091,6398525
4091,6398970
4091,6436173
4091,6447131
4095,4107
4095,4112
4095,4158
4095,4168
4095,4171
4095,4205
4095,4236
4095,4253
4095,4510
4095,4583
4095,4585
4095,4594
4095,4635
4095,4691
4095,4829
4095,4900
4095,4917
4095,4927
4095,5002
4095,5029
4095,5038
4095,5039
4095,5064
4095,5073
4095,5076
4095,5078
4095,5090
4095,5095
4095,5203
4095,5391
4095,5487
4095,5514
4095,5523
4095,5544
4095,5651
4095,5656
4095,5726
4095,5732
4095,5735
4095,6691
4095,28112
4095,32797
4095,54454
4095,54688
4095,59708
4095,62924
4095,87177
4095,125889
4095,130881
4095,5311297
4095,5481350
4107,4112
4107,4158
4107,4159
4107,4168
4107,4170
4107,4171
4107,4173
4107,4205
4107,4236
4107,4253
4107,4259
4107,4409
4107,4411
4107,4449
4107,4485
4107,4509
4107,4510
4107,4543
4107,4547
4107,4583
4107,4585
4107,4594
4107,4595
4107,4599
4107,4603
4107,4609
4107,4614
4107,4616
4107,4634
4107,4635
4107,4674
4107,4679
4107,4691
4107,4736
4107,4829
4107,4856
4107,4873
4107,4885
4107,4889
4107,4894
4107,4900
4107,4917
4107,4927
4107,4946
4107,5002
4107,5005
4107,5029
4107,5035
4107,5038
4107,5039
4107,5064
4107,5073
4107,5090
4107,5095
4107,5152
4107,5203
4107,5210
4107,5212
4107,5245
4107,5267
4107,5352
4107,5358
4107,5372
4107,5379
4107,5391
4107,5401
4107,5402
4107,5408
4107,5412
4107,5466
4107,5487
4107,5512
4107,5514
4107,5523
4107,5533
4107,5538
4107,5544
4107,5556
4107,5596
4107,5647
4107,5650
4107,5651
4107,5656
4107,5719
4107,5731
4107,5732
4107,5735
4107,6691
4107,10631
4107,19090
4107,27661
4107,28112
4107,34312
4107,41781
4107,54454
4107,54688
4107,54841
4107,59708
4107,60147
4107,60795
4107,60831
4107,60835
4107,60854
4107,60865
4107,62924
4107,65999
4107,68740
4107,72054
4107,77993
4107,77999
4107,83786
4107,87177
4107,104865
4107,110634
4107,110635
4107,119607
4107,123620
4107,124087
4107,125889
4107,130881
4107,150311
4107,170361
4107,216326
4107,3002190
4107,3468412
4107,4183806
4107,4475485
4107,5311297
4107,5329102
4107,5353980
4107,5381226
4107,5487301
4107,6398525
4107,6447131
4112,4138
4112,4158
4112,4159
4112,4168
4112,4170
4112,4171
4112,4173
4112,4189
4112,4200
4112,4205
4112,4212
4112,4236
4112,4253
4112,4259
4112,4409
4112,4411
4112,4419
4112,4449
4112,4473
4112,4485
4112,4497
4112,4499
4112,4506
4112,4509
4112,4510
4112,4513
4112,4536
4112,4539
4112,4542
4112,4543
4112,4547
4112,4583
4112,4585
4112,4594
4112,4595
4112,4599
4112,4601
4112,4603
4112,4614
4112,4616
4112,4634
4112,4635
4112,4666
4112,4674
4112,4679
4112,4691
4112,4727
4112,4730
4112,4740
4112,4812
4112,4819
4112,4828
4112,4829
4112,4834
4112,4845
4112,4856
4112,4873
4112,4885
4112,4889
4112,4894
4112,4900
4112,4909
4112,4917
4112,4920
4112,4927
4112,4932
4112,4943
4112,4946
4112,4991
4112,4999
4112,5002
4112,5005
4112,5029
4112,5035
4112,5038
4112,5039
4112,5040
4112,5064
4112,5073
4112,5076
4112,5077
4112,5078
4112,5090
4112,5095
4112,5152
4112,5155
4112,5184
4112,5203
4112,5210
4112,5212
4112,5215
4112,5234
4112,5245
4112,5253
4112,5267
4112,5291
4112,5297
4112,5352
4112,5358
4112,5372
4112,5376
4112,5379
4112,5391
4112,5394
4112,5401
4112,5402
4112,5408
4112,5412
4112,5426
4112,5453
4112,5472
4112,5478
4112,5487
4112,5496
4112,5512
4112,5514
4112,5523
4112,5525
4112,5533
4112,5538
4112,5544
4112,5556
4112,5572
4112,5578
4112,5596
4112,5645
4112,5647
4112,5650
4112,5651
4112,5656
4112,5672
4112,5717
4112,5719
4112,5731
4112,5732
4112,5734
4112,5735
4112,5746
4112,5978
4112,6691
4112,8953
4112,9052
4112,10631
4112,12536
4112,13342
4112,14888
4112,16231
4112,19090
4112,24486
4112,27661
4112,27686
4112,28112
4112,32797
4112,34312
4112,38904
4112,41317
4112,41774
4112,41781
4112,47725
4112,48175
4112,54374
4112,54454
4112,54547
4112,54688
4112,54808
4112,54841
4112,59708
4112,60147
4112,60184
4112,60198
4112,60754
4112,60787
4112,60795
4112,60831
4112,60835
4112,60852
4112,60854
4112,60865
4112,60953
4112,62924
4112,65999
4112,68740
4112,71616
4112,72054
4112,72467
4112,74989
4112,77999
4112,83786
4112,87177
4112,91270
4112,93860
4112,104741
4112,104865
4112,110634
4112,110635
4112,119182
4112,119607
4112,123606
4112,123620
4112,124087
4112,125017
4112,125889
4112,130881
4112,147912
4112,148192
4112,150311
4112,150610
4112,151165
4112,152945
4112,154059
4112,160051
4112,163742
4112,170361
4112,197712
4112,443871
4112,508230
4112,657298
4112,667490
4112,1349907
4112,3002190
4112,3062316
4112,3081884
4112,3085017
4112,3468412
4112,4183806
4112,4475485
4112,4479097
4112,5282226
4112,5311027
4112,5311039
4112,5311048
4112,5311181
4112,5311297
4112,5353980
4112,5381226
4112,5473385
4112,5487301
4112,5493444
4112,6398525
4112,6398970
4112,6447131
4112,6918453
4138,4159
4138,4168
4138,4171
4138,4173
4138,4253
4138,4409
4138,4463
4138,4473
4138,4485
4138,4510
4138,4583
4138,4585
4138,4594
4138,4595
4138,4616
4138,4634
4138,4679
4138,4828
4138,4829
4138,4873
4138,4889
4138,4893
4138,4894
4138,4900
4138,4917
4138,4927
4138,4946
4138,5002
4138,5038
4138,5039
4138,5040
4138,5090
4138,5203
4138,5234
4138,5245
4138,5267
4138,5372
4138,5478
4138,5523
4138,5533
4138,5544
4138,5645
4138,5647
4138,5650
4138,5651
4138,5656
4138,5726
4138,5732
4138,5771
4138,6691
4138,27661
4138,38904
4138,41774
4138,54454
4138,62924
4138,65999
4138,77999
4138,83786
4138,119607
4138,125889
4138,130881
4138,150311
4138,3085017
4138,3468412
4138,4183806
4138,4475485
4138,5281104
4138,5353980
4138,5381226
4138,5487301
4140,4946
4140,5234
4140,5771
4140,10631
4140,60147
4140,4183806
4158,4168
4158,4171
4158,4173
4158,4205
4158,4212
4158,4236
4158,4253
4158,4409
4158,4411
4158,4449
4158,4485
4158,4510
4158,4543
4158,4583
4158,4585
4158,4594
4158,4595
4158,4599
4158,4601
4158,4609
4158,4616
4158,4634
4158,4635
4158,4666
4158,4674
4158,4679
4158,4691
4158,4723
4158,4812
4158,4819
4158,4829
4158,4845
4158,4856
4158,4873
4158,4885
4158,4889
4158,4894
4158,4900
4158,4917
4158,4920
4158,4927
4158,4943
4158,4946
4158,5002
4158,5005
4158,5029
4158,5035
4158,5038
4158,5039
4158,5064
4158,5073
4158,5076
4158,5078
4158,5090
4158,5095
4158,5152
4158,5155
4158,5195
4158,5203
4158,5212
4158,5234
4158,5245
4158,5267
4158,5291
4158,5358
4158,5372
4158,5376
4158,5379
4158,5391
4158,5394
4158,5401
4158,5408
4158,5412
4158,5426
4158,5466
4158,5487
4158,5512
4158,5514
4158,5523
4158,5530
4158,5533
4158,5538
4158,5544
4158,5556
4158,5584
4158,5645
4158,5647
4158,5650
4158,5651
4158,5656
4158,5719
4158,5731
4158,5732
4158,5734
4158,5735
4158,5978
4158,6691
4158,8953
4158,10631
4158,19090
4158,27661
4158,28112
4158,34312
4158,38904
4158,47725
4158,54454
4158,54688
4158,54841
4158,59708
4158,60147
4158,60198
4158,60795
4158,60831
4158,60835
4158,60852
4158,60854
4158,60953
4158,62924
4158,65999
4158,68740
4158,71158
4158,74989
4158,77999
4158,83786
4158,87177
4158,93860
4158,104741
4158,110634
4158,110635
4158,115237
4158,119607
4158,123620
4158,123631
4158,124087
4158,125017
4158,125889
4158,130881
4158,150311
4158,154059
4158,170361
4158,176870
4158,216239
4158,216326
4158,3081884
4158,3468412
4158,4475485
4158,5311048
4158,5311297
4158,5329102
4158,5481350
4158,5487301
4158,6398525
4158,6398970
4158,6447131
4159,4168
4159,4170
4159,4171
4159,4173
4159,4192
4159,4201
4159,4205
4159,4212
4159,4236
4159,4253
4159,4259
4159,4264
4159,4409
4159,4411
4159,4419
4159,4425
4159,4449
4159,4463
4159,4485
4159,4510
4159,4513
4159,4539
4159,4543
4159,4583
4159,4585
4159,4594
4159,4595
4159,4599
4159,4603
4159,4607
4159,4609
4159,4614
4159,4616
4159,4634
4159,4635
4159,4666
4159,4674
4159,4675
4159,4679
4159,4691
4159,4727
4159,4740
4159,4812
4159,4829
4159,4834
4159,4856
4159,4873
4159,4885
4159,4889
4159,4894
4159,4900
4159,4911
4159,4917
4159,4920
4159,4927
4159,4943
4159,4946
4159,5002
4159,5005
4159,5029
4159,5035
4159,5038
4159,5039
4159,5040
4159,5064
4159,5073
4159,5076
4159,5078
4159,5090
4159,5095
4159,5152
4159,5203
4159,5206
4159,5212
4159,5215
4159,5234
4159,5245
4159,5267
4159,5352
4159,5358
4159,5372
4159,5376
4159,5379
4159,5391
4159,5394
4159,5401
4159,5402
4159,5412
4159,5426
4159,5453
4159,5478
4159,5487
4159,5496
4159,5512
4159,5514
4159,5523
4159,5533
4159,5538
4159,5544
4159,5556
4159,5578
4159,5645
4159,5647
4159,5650
4159,5651
4159,5656
4159,5726
4159,5732
4159,5734
4159,5735
4159,5978
4159,6691
4159,8953
4159,9433
4159,10631
4159,12536
4159,19090
4159,24486
4159,27661
4159,27686
4159,28112
4159,32797
4159,34312
4159,36339
4159,38904
4159,39765
4159,41317
4159,41693
4159,41781
4159,47320
4159,54374
4159,54454
4159,54547
4159,54688
4159,56339
4159,59708
4159,60147
4159,60696
4159,60831
4159,60835
4159,60852
4159,60854
4159,60865
4159,60953
4159,62924
4159,64147
4159,65999
4159,68740
4159,71616
4159,72467
4159,74989
4159,77999
4159,83786
4159,87177
4159,93860
4159,104865
4159,110634
4159,110635
4159,119607
4159,123620
4159,124087
4159,125889
4159,147912
4159,150311
4159,150610
4159,151165
4159,170361
4159,508230
4159,667490
4159,3002190
4159,3062316
4159,3081884
4159,3468412
4159,4183806
4159,4475485
4159,5281007
4159,5281104
4159,5311039
4159,5311048
4159,5311297
4159,5329102
4159,5353980
4159,5381226
4159,5481350
4159,5487301
4159,6398525
4159,6398970
4168,4170
4168,4171
4168,4173
4168,4189
4168,4192
4168,4195
4168,4200
4168,4201
4168,4205
4168,4212
4168,4236
4168,4253
4168,4259
4168,4264
4168,4409
4168,4411
4168,4419
4168,4425
4168,4449
4168,4463
4168,4473
4168,4485
4168,4499
4168,4506
4168,4509
4168,4510
4168,4513
4168,4539
4168,4543
4168,4547
4168,4583
4168,4585
4168,4594
4168,4595
4168,4599
4168,4601
4168,4603
4168,4609
4168,4614
4168,4616
4168,4634
4168,4635
4168,4666
4168,4674
4168,4675
4168,4679
4168,4691
4168,4736
4168,4740
4168,4748
4168,4812
4168,4819
4168,4828
4168,4829
4168,4834
4168,4845
4168,4856
4168,4873
4168,4885
4168,4889
4168,4893
4168,4894
4168,4900
4168,4909
4168,4911
4168,4917
4168,4920
4168,4927
4168,4943
4168,4946
4168,5002
4168,5005
4168,5029
4168,5035
4168,5038
4168,5039
4168,5040
4168,5064
4168,5073
4168,5076
4168,5077
4168,5078
4168,5090
4168,5095
4168,5152
4168,5155
4168,5184
4168,5203
4168,5206
4168,5212
4168,5234
4168,5245
4168,5253
4168,5267
4168,5291
4168,5358
4168,5372
4168,5376
4168,5379
4168,5391
4168,5394
4168,5401
4168,5402
4168,5408
4168,5412
4168,5426
4168,5454
4168,5466
4168,5472
4168,5478
4168,5487
4168,5496
4168,5505
4168,5512
4168,5514
4168,5515
4168,5523
4168,5525
4168,5533
4168,5538
4168,5544
4168,5556
4168,5572
4168,5578
4168,5584
4168,5596
4168,5645
4168,5647
4168,5650
4168,5651
4168,5656
4168,5672
4168,5717
4168,5719
4168,5726
4168,5731
4168,5732
4168,5734
4168,5735
4168,5746
4168,5771
4168,5878
4168,5978
4168,6691
4168,8953
4168,9433
4168,10631
4168,13342
4168,14888
4168,19090
4168,24486
4168,27661
4168,27686
4168,27991
4168,28112
4168,32797
4168,34312
4168,36339
4168,36811
4168,38904
4168,39765
4168,41693
4168,41774
4168,41781
4168,47320
4168,47725
4168,51263
4168,54374
4168,54454
4168,54547
4168,54688
4168,54841
4168,56339
4168,59708
4168,60147
4168,60184
4168,60198
4168,60696
4168,60754
4168,60795
4168,60831
4168,60835
4168,60843
4168,60852
4168,60854
4168,60865
4168,60953
4168,62924
4168,64147
4168,65999
4168,68740
4168,68844
4168,71329
4168,71616
4168,72054
4168,72467
4168,74989
4168,77993
4168,77999
4168,83786
4168,87177
4168,91270
4168,93860
4168,104741
4168,104865
4168,110634
4168,119607
4168,123606
4168,123620
4168,123631
4168,124087
4168,125889
4168,130881
4168,147912
4168,148192
4168,148211
4168,150311
4168,150610
4168,151165
4168,152945
4168,154059
4168,156419
4168,160051
4168,163742
4168,170361
4168,176168
4168,176870
4168,197712
4168,213039
4168,216239
4168,216326
4168,443871
4168,444013
4168,504578
4168,508230
4168,667490
4168,1349907
4168,3002190
4168,3062316
4168,3081884
4168,3085017
4168,3468412
4168,4183806
4168,4475485
4168,5281007
4168,5281104
4168,5282044
4168,5311027
4168,5311039
4168,5311048
4168,5311082
4168,5311181
4168,5311297
4168,5329102
4168,5353980
4168,5381226
4168,5481350
4168,5487301
4168,5493381
4168,6398525
4168,6398970
4168,6436173
4170,4171
4170,4173
4170,4201
4170,4205
4170,4236
4170,4253
4170,4259
4170,4264
4170,4409
4170,4411
4170,4428
4170,4449
4170,4485
4170,4509
4170,4510
4170,4543
4170,4547
4170,4583
4170,4585
4170,4594
4170,4595
4170,4599
4170,4616
4170,4634
4170,4635
4170,4666
4170,4674
4170,4679
4170,4691
4170,4740
4170,4812
4170,4829
4170,4845
4170,4856
4170,4873
4170,4885
4170,4889
4170,4894
4170,4900
4170,4909
4170,4917
4170,4927
4170,4943
4170,4946
4170,5002
4170,5005
4170,5029
4170,5035
4170,5038
4170,5039
4170,5040
4170,5073
4170,5076
4170,5090
4170,5095
4170,5152
4170,5203
4170,5210
4170,5212
4170,5234
4170,5245
4170,5253
4170,5267
4170,5372
4170,5376
4170,5379
4170,5391
4170,5401
4170,5408
4170,5426
4170,5487
4170,5496
4170,5512
4170,5514
4170,5523
4170,5533
4170,5544
4170,5556
4170,5647
4170,5650
4170,5651
4170,5656
4170,5717
4170,5732
4170,5735
4170,6691
4170,8953
4170,9052
4170,9433
4170,10631
4170,16231
4170,19090
4170,24486
4170,27661
4170,38904
4170,41781
4170,54454
4170,54688
4170,54786
4170,56959
4170,59708
4170,60147
4170,60831
4170,60835
4170,60852
4170,62924
4170,65999
4170,68740
4170,68844
4170,71329
4170,72054
4170,77992
4170,77999
4170,83786
4170,87177
4170,104865
4170,110635
4170,119607
4170,123620
4170,124087
4170,125889
4170,130881
4170,150310
4170,150311
4170,152945
4170,156419
4170,160051
4170,170361
4170,176168
4170,197712
4170,216326
4170,443871
4170,1349907
4170,3085017
4170,3468412
4170,4475485
4170,4659568
4170,5281104
4170,5311027
4170,5311181
4170,5311297
4170,5329102
4170,5487301
4170,5493381
4170,5493444
4170,6398525
4171,4173
4171,4178
4171,4189
4171,4192
4171,4195
4171,4201
4171,4205
4171,4212
4171,4236
4171,4253
4171,4259
4171,4264
4171,4409
4171,4411
4171,4425
4171,4440
4171,4449
4171,4463
4171,4473
4171,4485
4171,4497
4171,4499
4171,4506
4171,4509
4171,4510
4171,4513
4171,4536
4171,4539
4171,4542
4171,4543
4171,4547
4171,4583
4171,4585
4171,4594
4171,4595
4171,4599
4171,4601
4171,4603
4171,4609
4171,4614
4171,4616
4171,4634
4171,4635
4171,4666
4171,4674
4171,4675
4171,4679
4171,4691
4171,4736
4171,4740
4171,4748
4171,4771
4171,4812
4171,4819
4171,4829
4171,4834
4171,4845
4171,4856
4171,4873
4171,4885
4171,4889
4171,4893
4171,4894
4171,4900
4171,4909
4171,4911
4171,4917
4171,4920
4171,4927
4171,4932
4171,4943
4171,4946
4171,4991
4171,5002
4171,5005
4171,5029
4171,5035
4171,5038
4171,5039
4171,5040
4171,5064
4171,5073
4171,5076
4171,5077
4171,5078
4171,5090
4171,5095
4171,5152
4171,5155
4171,5184
4171,5195
4171,5203
4171,5206
4171,5210
4171,5212
4171,5234
4171,5245
4171,5253
4171,5267
4171,5291
4171,5352
4171,5358
4171,5372
4171,5376
4171,5379
4171,5391
4171,5394
4171,5401
4171,5402
4171,5408
4171,5412
4171,5426
4171,5454
4171,5466
4171,5472
4171,5478
4171,5486
4171,5487
4171,5496
4171,5512
4171,5514
4171,5515
4171,5523
4171,5525
4171,5533
4171,5538
4171,5544
4171,5556
4171,5578
4171,5584
4171,5596
4171,5645
4171,5647
4171,5650
4171,5651
4171,5656
4171,5672
4171,5717
4171,5719
4171,5726
4171,5731
4171,5732
4171,5734
4171,5735
4171,5771
4171,5878
4171,5978
4171,6691
4171,8953
4171,9052
4171,9433
4171,10631
4171,12536
4171,14888
4171,16231
4171,19090
4171,24011
4171,24486
4171,27661
4171,27686
4171,27991
4171,28112
4171,32797
4171,34312
4171,36339
4171,38904
4171,39765
4171,41317
4171,41693
4171,41774
4171,41781
4171,47725
4171,54374
4171,54454
4171,54547
4171,54688
4171,54786
4171,54808
4171,54841
4171,56339
4171,56959
4171,57469
4171,57537
4171,59708
4171,60147
4171,60184
4171,60198
4171,60696
4171,60754
4171,60787
4171,60795
4171,60831
4171,60835
4171,60843
4171,60852
4171,60854
4171,60865
4171,60953
4171,62924
4171,64147
4171,65999
4171,68740
4171,68844
4171,71158
4171,71329
4171,71616
4171,72054
4171,72938
4171,74989
4171,77993
4171,77999
4171,82146
4171,83786
4171,87177
4171,91270
4171,93860
4171,104741
4171,104865
4171,110634
4171,110635
4171,115237
4171,119607
4171,123606
4171,123620
4171,123631
4171,124087
4171,125017
4171,125889
4171,130881
4171,131536
4171,147912
4171,148192
4171,148211
4171,150310
4171,150311
4171,150610
4171,151165
4171,152945
4171,153941
4171,154059
4171,156419
4171,160051
4171,163742
4171,170361
4171,176168
4171,176870
4171,197712
4171,213039
4171,216239
4171,216326
4171,443871
4171,444013
4171,504578
4171,508230
4171,657298
4171,667490
4171,1349907
4171,3002190
4171,3062316
4171,3081884
4171,3085017
4171,3468412
4171,4183806
4171,4475485
4171,4659568
4171,5281007
4171,5281104
4171,5282044
4171,5282226
4171,5311027
4171,5311039
4171,5311048
4171,5311082
4171,5311181
4171,5311297
4171,5329102
4171,5353980
4171,5362070
4171,5362420
4171,5381226
4171,5481350
4171,5487301
4171,5493381
4171,5493444
4171,6398525
4171,6398970
4171,6436173
4171,6447131
4171,6918453
4173,4189
4173,4192
4173,4200
4173,4201
4173,4205
4173,4212
4173,4236
4173,4253
4173,4259
4173,4264
4173,4409
4173,4411
4173,4419
4173,4425
4173,4449
4173,4451
4173,4463
4173,4485
4173,4506
4173,4509
4173,4510
4173,4513
4173,4539
4173,4542
4173,4543
4173,4547
4173,4583
4173,4585
4173,4594
4173,4595
4173,4599
4173,4601
4173,4603
4173,4607
4173,4609
4173,4616
4173,4634
4173,4635
4173,4666
4173,4674
4173,4679
4173,4691
4173,4740
4173,4812
4173,4819
4173,4829
4173,4834
4173,4856
4173,4873
4173,4885
4173,4889
4173,4894
4173,4900
4173,4909
4173,4917
4173,4920
4173,4927
4173,4943
4173,4946
4173,5002
4173,5005
4173,5029
4173,5035
4173,5038
4173,5039
4173,5040
4173,5064
4173,5073
4173,5076
4173,5077
4173,5078
4173,5090
4173,5095
4173,5152
4173,5155
4173,5184
4173,5203
4173,5206
4173,5212
4173,5234
4173,5245
4173,5253
4173,5267
4173,5291
4173,5352
4173,5358
4173,5372
4173,5376
4173,5379
4173,5391
4173,5394
4173,5401
4173,5402
4173,5408
4173,5412
4173,5426
4173,5453
4173,5466
4173,5472
4173,5478
4173,5487
4173,5496
4173,5512
4173,5514
4173,5523
4173,5533
4173,5538
4173,5544
4173,5556
4173,5578
4173,5645
4173,5647
4173,5650
4173,5651
4173,5656
4173,5672
4173,5719
4173,5726
4173,5732
4173,5734
4173,5735
4173,5978
4173,6691
4173,8953
4173,9052
4173,9433
4173,10631
4173,12536
4173,19090
4173,24486
4173,27661
4173,28112
4173,32797
4173,34312
4173,36339
4173,36811
4173,38904
4173,39765
4173,41693
4173,41781
4173,47320
4173,51263
4173,54374
4173,54454
4173,54547
4173,54688
4173,56339
4173,59708
4173,60147
4173,60164
4173,60184
4173,60198
4173,60696
4173,60795
4173,60815
4173,60831
4173,60835
4173,60852
4173,60854
4173,60865
4173,60953
4173,62924
4173,64147
4173,65999
4173,68740
4173,71329
4173,71616
4173,74989
4173,77999
4173,83786
4173,87177
4173,93860
4173,104741
4173,104865
4173,110634
4173,110635
4173,119182
4173,119607
4173,123620
4173,123631
4173,124087
4173,125889
4173,130881
4173,131536
4173,145068
4173,147912
4173,148192
4173,148211
4173,150311
4173,150610
4173,151165
4173,152945
4173,160051
4173,163742
4173,170361
4173,176870
4173,216326
4173,504578
4173,667490
4173,1349907
4173,3002190
4173,3085017
4173,3468412
4173,4183806
4173,4475485
4173,5281104
4173,5282044
4173,5282226
4173,5311039
4173,5311048
4173,5311082
4173,5311297
4173,5329102
4173,5353980
4173,5362070
4173,5381226
4173,5481350
4173,5487301
4173,6398525
4173,6398970
4173,6436173
4178,4253
4178,4485
4178,4510
4178,4513
4178,4583
4178,4594
4178,4603
4178,4635
4178,4666
4178,4691
4178,4829
4178,4873
4178,4889
4178,4894
4178,4917
4178,4946
4178,5002
4178,5029
4178,5038
4178,5039
4178,5073
4178,5090
4178,5203
4178,5212
4178,5267
4178,5372
4178,5402
4178,5472
4178,5556
4178,5645
4178,5647
4178,5650
4178,5651
4178,5732
4178,6691
4178,14888
4178,27661
4178,38904
4178,41781
4178,54454
4178,54688
4178,60831
4178,65999
4178,83786
4178,93860
4178,104865
4178,110634
4178,123631
4178,154059
4178,3085017
4178,4183806
4178,4475485
4178,5311297
4178,6398525
4189,4205
4189,4253
4189,4509
4189,4510
4189,4539
4189,4583
4189,4585
4189,4594
4189,4595
4189,4635
4189,4679
4189,4691
4189,4873
4189,4889
4189,4894
4189,4900
4189,4917
4189,4927
4189,4943
4189,4946
4189,5038
4189,5039
4189,5073
4189,5090
4189,5203
4189,5234
4189,5267
4189,5372
4189,5379
4189,5391
4189,5496
4189,5544
4189,5578
4189,5647
4189,5650
4189,5651
4189,5726
4189,5732
4189,6691
4189,8953
4189,19090
4189,27661
4189,54454
4189,54688
4189,60871
4189,62924
4189,77999
4189,83786
4189,87177
4189,110635
4189,145068
4189,3468412
4189,5311048
4189,5311297
4189,5329102
4192,4205
4192,4253
4192,4485
4192,4510
4192,4583
4192,4585
4192,4594
4192,4595
4192,4609
4192,4616
4192,4635
4192,4675
4192,4679
4192,4691
4192,4834
4192,4873
4192,4889
4192,4894
4192,4900
4192,4927
4192,4943
4192,5002
4192,5038
4192,5039
4192,5090
4192,5206
4192,5234
4192,5267
4192,5372
4192,5391
4192,5496
4192,5523
4192,5651
4192,5732
4192,6691
4192,8953
4192,24486
4192,27661
4192,36339
4192,39765
4192,41693
4192,47320
4192,51263
4192,54454
4192,60696
4192,60795
4192,83786
4192,87177
4192,3468412
4192,5311039
4192,5311082
4192,6398525
4195,4583
4195,4594
4195,4595
4195,4679
4195,4691
4195,5039
4195,5090
4195,5095
4195,5203
4195,5372
4195,5651
4195,6691
4195,54454
4195,60831
4195,83786
4195,87177
4195,156419
4195,3085017
4195,5281104
4200,4253
4200,4509
4200,4510
4200,4583
4200,4594
4200,4595
4200,4609
4200,4679
4200,4691
4200,4819
4200,4829
4200,4834
4200,4873
4200,4889
4200,4894
4200,4900
4200,4927
4200,4943
4200,5029
4200,5039
4200,5090
4200,5184
4200,5203
4200,5372
4200,5379
4200,5381
4200,5391
4200,5412
4200,5523
4200,5538
4200,5544
4200,5645
4200,5650
4200,5651
4200,5656
4200,5732
4200,5734
4200,32797
4200,38904
4200,54454
4200,54688
4200,60164
4200,60835
4200,71616
4200,77999
4200,83786
4200,123620
4200,4475485
4200,5311297
4201,4205
4201,4236
4201,4253
4201,4411
4201,4485
4201,4510
4201,4583
4201,4585
4201,4594
4201,4595
4201,4635
4201,4679
4201,4691
4201,4730
4201,4829
4201,4873
4201,4885
4201,4889
4201,4894
4201,4900
4201,4917
4201,4927
4201,4946
4201,5002
4201,5005
4201,5029
4201,5035
4201,5038
4201,5039
4201,5040
4201,5064
4201,5073
4201,5090
4201,5203
4201,5234
4201,5245
4201,5267
4201,5372
4201,5391
4201,5512
4201,5538
4201,5650
4201,5651
4201,5732
4201,6691
4201,8953
4201,27661
4201,41781
4201,54454
4201,60147
4201,60184
4201,60831
4201,60835
4201,62924
4201,64147
4201,65999
4201,77999
4201,83786
4201,87177
4201,93860
4201,125889
4201,130881
4201,150311
4201,156419
4201,176168
4201,508230
4201,3085017
4201,3468412
4201,4475485
4201,5281104
4201,5311297
4201,5329102
4201,5493444
4205,4212
4205,4236
4205,4253
4205,4259
4205,4264
4205,4409
4205,4411
4205,4428
4205,4440
4205,4449
4205,4463
4205,4473
4205,4485
4205,4499
4205,4506
4205,4509
4205,4510
4205,4513
4205,4536
4205,4539
4205,4542
4205,4543
4205,4547
4205,4583
4205,4585
4205,4594
4205,4595
4205,4599
4205,4601
4205,4609
4205,4614
4205,4616
4205,4634
4205,4635
4205,4645
4205,4666
4205,4674
4205,4679
4205,4691
4205,4730
4205,4740
4205,4745
4205,4748
4205,4812
4205,4819
4205,4828
4205,4829
4205,4845
4205,4856
4205,4873
4205,4885
4205,4889
4205,4894
4205,4900
4205,4909
4205,4911
4205,4917
4205,4920
4205,4927
4205,4943
4205,4946
4205,4991
4205,4999
4205,5002
4205,5005
4205,5029
4205,5035
4205,5038
4205,5039
4205,5040
4205,5064
4205,5073
4205,5076
4205,5077
4205,5078
4205,5090
4205,5095
4205,5152
4205,5155
4205,5203
4205,5212
4205,5234
4205,5245
4205,5253
4205,5267
4205,5291
4205,5358
4205,5372
4205,5376
4205,5379
4205,5391
4205,5394
4205,5401
4205,5402
4205,5408
4205,5412
4205,5426
4205,5454
4205,5466
4205,5478
4205,5487
4205,5496
4205,5512
4205,5514
4205,5523
4205,5533
4205,5538
4205,5544
4205,5556
4205,5572
4205,5578
4205,5584
4205,5596
4205,5645
4205,5647
4205,5650
4205,5651
4205,5656
4205,5672
4205,5717
4205,5719
4205,5726
4205,5732
4205,5734
4205,5735
4205,5878
4205,5978
4205,6691
4205,8953
4205,10631
4205,19090
4205,24486
4205,27661
4205,27991
4205,28112
4205,32797
4205,34312
4205,38904
4205,41317
4205,41774
4205,41781
4205,47725
4205,54374
4205,54454
4205,54547
4205,54688
4205,54841
4205,57537
4205,59708
4205,60147
4205,60184
4205,60198
4205,60754
4205,60787
4205,60795
4205,60831
4205,60835
4205,60852
4205,60854
4205,60865
4205,60953
4205,62924
4205,64147
4205,65999
4205,68740
4205,71158
4205,71616
4205,72054
4205,74989
4205,77999
4205,83786
4205,87177
4205,93860
4205,104865
4205,110634
4205,110635
4205,115237
4205,119607
4205,122316
4205,123606
4205,123620
4205,123631
4205,124087
4205,125017
4205,125889
4205,130881
4205,131536
4205,147912
4205,148192
4205,148211
4205,150311
4205,151165
4205,152945
4205,154059
4205,156419
4205,160051
4205,170361
4205,176870
4205,197712
4205,213039
4205,216239
4205,216326
4205,443871
4205,667490
4205,3002190
4205,3081884
4205,3085017
4205,3468412
4205,4475485
4205,4479097
4205,4659568
4205,5281104
4205,5282226
4205,5311027
4205,5311048
4205,5311181
4205,5311297
4205,5329102
4205,5353980
4205,5481350
4205,5487301
4205,5493381
4205,6398525
4211,4253
4211,4594
4211,4595
4211,4873
4211,5038
4211,5732
4212,4236
4212,4253
4212,4485
4212,4509
4212,4510
4212,4583
4212,4594
4212,4595
4212,4634
4212,4635
4212,4666
4212,4674
4212,4679
4212,4691
4212,4829
4212,4873
4212,4889
4212,4894
4212,4900
4212,4917
4212,4927
4212,5029
4212,5038
4212,5039
4212,5203
4212,5212
4212,5267
4212,5291
4212,5358
4212,5372
4212,5376
4212,5379
4212,5391
4212,5426
4212,5453
4212,5487
4212,5512
4212,5514
4212,5523
4212,5538
4212,5578
4212,5645
4212,5647
4212,5650
4212,5651
4212,5656
4212,5672
4212,5732
4212,5746
4212,5978
4212,6691
4212,19090
4212,34312
4212,38904
4212,47725
4212,54454
4212,59708
4212,60147
4212,60198
4212,60835
4212,60953
4212,62924
4212,68740
4212,71616
4212,72467
4212,83786
4212,93860
4212,125889
4212,152945
4212,667490
4212,3081884
4212,3468412
4212,5311039
4212,5311048
4212,5311297
4212,5473385
4212,6398525
4236,4253
4236,4259
4236,4409
4236,4411
4236,4449
4236,4485
4236,4509
4236,4510
4236,4513
4236,4542
4236,4543
4236,4583
4236,4585
4236,4594
4236,4595
4236,4599
4236,4601
4236,4609
4236,4616
4236,4634
4236,4635
4236,4674
4236,4679
4236,4691
4236,4740
4236,4819
4236,4829
4236,4845
4236,4873
4236,4885
4236,4889
4236,4900
4236,4909
4236,4917
4236,4920
4236,4927
4236,4946
4236,4999
4236,5002
4236,5005
4236,5029
4236,5035
4236,5038
4236,5039
4236,5064
4236,5073
4236,5077
4236,5078
4236,5090
4236,5095
4236,5152
4236,5195
4236,5203
4236,5210
4236,5212
4236,5234
4236,5245
4236,5253
4236,5267
4236,5291
4236,5358
4236,5372
4236,5379
4236,5391
4236,5394
4236,5401
4236,5402
4236,5408
4236,5412
4236,5426
4236,5466
4236,5472
4236,5487
4236,5512
4236,5514
4236,5523
4236,5530
4236,5533
4236,5538
4236,5544
4236,5556
4236,5596
4236,5647
4236,5650
4236,5651
4236,5656
4236,5719
4236,5731
4236,5732
4236,5734
4236,5735
4236,5878
4236,6691
4236,10631
4236,19090
4236,24486
4236,27661
4236,28112
4236,34312
4236,38904
4236,41781
4236,54454
4236,54688
4236,54808
4236,54841
4236,56339
4236,57537
4236,59708
4236,60147
4236,60795
4236,60831
4236,60835
4236,60852
4236,60854
4236,60865
4236,60953
4236,62924
4236,65999
4236,68740
4236,72054
4236,77993
4236,77999
4236,83786
4236,87177
4236,93860
4236,110634
4236,110635
4236,119607
4236,122316
4236,123606
4236,123620
4236,124087
4236,125017
4236,125889
4236,130881
4236,150311
4236,150610
4236,151165
4236,152945
4236,154059
4236,160051
4236,170361
4236,176870
4236,216239
4236,443871
4236,3002190
4236,3081884
4236,3468412
4236,4475485
4236,4659568
4236,5311027
4236,5311048
4236,5311297
4236,5362070
4236,5487301
4236,6398525
4253,4259
4253,4264
4253,4409
4253,4411
4253,4419
4253,4425
4253,4440
4253,4449
4253,4463
4253,4473
4253,4485
4253,4499
4253,4506
4253,4509
4253,4510
4253,4513
4253,4536
4253,4539
4253,4542
4253,4543
4253,4547
4253,4583
4253,4585
4253,4594
4253,4595
4253,4599
4253,4601
4253,4603
4253,4607
4253,4609
4253,4614
4253,4616
4253,4634
4253,4635
4253,4666
4253,4674
4253,4675
4253,4679
4253,4691
4253,4727
4253,4736
4253,4740
4253,4748
4253,4771
4253,4812
4253,4819
4253,4829
4253,4834
4253,4856
4253,4873
4253,4885
4253,4889
4253,4894
4253,4900
4253,4909
4253,4911
4253,4917
4253,4920
4253,4927
4253,4943
4253,4946
4253,4991
4253,5002
4253,5005
4253,5029
4253,5035
4253,5038
4253,5039
4253,5040
4253,5064
4253,5073
4253,5076
4253,5077
4253,5078
4253,5090
4253,5095
4253,5152
4253,5155
4253,5184
4253,5203
4253,5206
4253,5210
4253,5212
4253,5215
4253,5234
4253,5245
4253,5253
4253,5267
4253,5291
4253,5352
4253,5358
4253,5372
4253,5376
4253,5379
4253,5391
4253,5394
4253,5401
4253,5402
4253,5408
4253,5412
4253,5426
4253,5453
4253,5466
4253,5472
4253,5478
4253,5486
4253,5487
4253,5496
4253,5512
4253,5514
4253,5515
4253,5523
4253,5533
4253,5538
4253,5544
4253,5556
4253,5578
4253,5584
4253,5645
4253,5647
4253,5650
4253,5651
4253,5656
4253,5672
4253,5717
4253,5719
4253,5726
4253,5731
4253,5732
4253,5734
4253,5735
4253,5746
4253,5771
4253,5878
4253,5978
4253,6691
4253,8953
4253,9052
4253,9433
4253,10631
4253,12536
4253,14888
4253,16231
4253,19090
4253,24486
4253,27661
4253,27991
4253,28112
4253,32797
4253,34312
4253,36339
4253,36811
4253,38904
4253,39765
4253,41317
4253,41693
4253,41774
4253,41781
4253,42113
4253,47320
4253,47725
4253,51263
4253,54374
4253,54454
4253,54547
4253,54688
4253,54841
4253,56339
4253,56959
4253,57469
4253,59708
4253,60147
4253,60184
4253,60198
4253,60612
4253,60696
4253,60787
4253,60795
4253,60815
4253,60831
4253,60835
4253,60843
4253,60852
4253,60854
4253,60871
4253,60877
4253,60953
4253,62924
4253,64147
4253,65999
4253,68740
4253,71273
4253,71329
4253,71616
4253,72054
4253,72467
4253,74989
4253,77993
4253,77999
4253,83786
4253,87177
4253,91270
4253,93860
4253,104741
4253,104865
4253,110634
4253,110635
4253,119182
4253,119607
4253,123606
4253,123620
4253,123631
4253,124087
4253,125017
4253,125889
4253,130881
4253,131536
4253,145068
4253,147912
4253,148192
4253,148211
4253,150311
4253,150610
4253,151165
4253,152945
4253,154059
4253,156419
4253,160051
4253,163742
4253,170361
4253,176870
4253,197712
4253,213039
4253,216239
4253,216326
4253,443871
4253,504578
4253,667490
4253,1349907
4253,3002190
4253,3062316
4253,3081884
4253,3085017
4253,3468412
4253,4183806
4253,4475485
4253,4659568
4253,5281007
4253,5281104
4253,5282044
4253,5282226
4253,5311027
4253,5311039
4253,5311048
4253,5311082
4253,5311181
4253,5311297
4253,5329102
4253,5353980
4253,5381226
4253,5481350
4253,5487301
4253,5493381
4253,6398525
4253,6398970
4259,4264
4259,4409
4259,4411
4259,4449
4259,4485
4259,4509
4259,4510
4259,4539
4259,4543
4259,4547
4259,4583
4259,4585
4259,4594
4259,4595
4259,4599
4259,4603
4259,4616
4259,4634
4259,4635
4259,4666
4259,4674
4259,4679
4259,4691
4259,4740
4259,4812
4259,4829
4259,4834
4259,4845
4259,4856
4259,4873
4259,4885
4259,4889
4259,4894
4259,4900
4259,4909
4259,4917
4259,4920
4259,4927
4259,4943
4259,4946
4259,4991
4259,5002
4259,5005
4259,5029
4259,5035
4259,5038
4259,5039
4259,5073
4259,5076
4259,5078
4259,5090
4259,5095
4259,5152
4259,5203
4259,5210
4259,5212
4259,5234
4259,5245
4259,5253
4259,5267
4259,5291
4259,5358
4259,5372
4259,5376
4259,5379
4259,5391
4259,5401
4259,5402
4259,5408
4259,5412
4259,5426
4259,5478
4259,5487
4259,5496
4259,5512
4259,5514
4259,5523
4259,5544
4259,5556
4259,5645
4259,5647
4259,5650
4259,5651
4259,5656
4259,5719
4259,5732
4259,5735
4259,5978
4259,6691
4259,8953
4259,9052
4259,10631
4259,19090
4259,27661
4259,27686
4259,34312
4259,38904
4259,41781
4259,54454
4259,54547
4259,54688
4259,54808
4259,59708
4259,60147
4259,60184
4259,60831
4259,60835
4259,60852
4259,60854
4259,60865
4259,62924
4259,65999
4259,68740
4259,68844
4259,71158
4259,71616
4259,72938
4259,77999
4259,83786
4259,87177
4259,93860
4259,110635
4259,119607
4259,123620
4259,124087
4259,125889
4259,130881
4259,147912
4259,148192
4259,150311
4259,150610
4259,152945
4259,154059
4259,160051
4259,170361
4259,176870
4259,197712
4259,216326
4259,443871
4259,1349907
4259,3002190
4259,3081884
4259,3085017
4259,3468412
4259,4475485
4259,5282044
4259,5311048
4259,5311297
4259,5353980
4259,5381226
4259,5481350
4259,5487301
4259,5493381
4259,6398525
4259,6398970
4259,6447131
4264,4510
4264,4583
4264,4594
4264,4595
4264,4635
4264,4679
4264,4691
4264,4812
4264,4829
4264,4873
4264,4894
4264,4900
4264,4917
4264,4927
4264,4943
4264,5038
4264,5039
4264,5078
4264,5090
4264,5203
4264,5234
4264,5267
4264,5372
4264,5391
4264,5514
4264,5544
4264,5647
4264,5650
4264,5651
4264,5732
4264,6691
4264,8953
4264,24011
4264,24486
4264,32797
4264,41781
4264,51263
4264,54454
4264,60831
4264,62924
4264,64147
4264,83786
4264,87177
4264,123620
4264,130881
4264,3468412
4264,4475485
4264,5311297
4264,6398525
4409,4411
4409,4485
4409,4499
4409,4509
4409,4510
4409,4513
4409,4543
4409,4547
4409,4583
4409,4585
4409,4594
4409,4595
4409,4601
4409,4614
4409,4616
4409,4634
4409,4635
4409,4674
4409,4679
4409,4691
4409,4740
4409,4828
4409,4829
4409,4845
4409,4856
4409,4873
4409,4885
4409,4889
4409,4894
4409,4900
4409,4909
4409,4917
4409,4920
4409,4927
4409,4946
4409,5002
4409,5005
4409,5029
4409,5035
4409,5038
4409,5039
4409,5064
4409,5073
4409,5090
4409,5095
4409,5152
4409,5203
4409,5210
4409,5212
4409,5245
4409,5267
4409,5352
4409,5358
4409,5376
4409,5379
4409,5391
4409,5401
4409,5402
4409,5408
4409,5478
4409,5487
4409,5512
4409,5514
4409,5523
4409,5533
4409,5538
4409,5544
4409,5596
4409,5647
4409,5650
4409,5656
4409,5717
4409,5719
4409,5731
4409,5732
4409,5735
4409,5978
4409,6691
4409,8953
4409,10631
4409,27661
4409,28112
4409,32797
4409,34312
4409,41774
4409,41781
4409,54454
4409,54688
4409,54841
4409,59708
4409,60147
4409,60795
4409,60831
4409,60835
4409,60852
4409,60854
4409,60865
4409,62924
4409,65999
4409,68740
4409,77993
4409,77999
4409,83786
4409,87177
4409,91270
4409,110634
4409,110635
4409,119607
4409,123606
4409,123620
4409,124087
4409,125889
4409,130881
4409,150311
4409,154059
4409,160051
4409,170361
4409,216326
4409,3468412
4409,4183806
4409,4475485
4409,4659568
4409,5281104
4409,5311027
4409,5311297
4409,5353980
4409,5487301
4409,6398525
4411,4485
4411,4510
4411,4543
4411,4547
4411,4583
4411,4585
4411,4594
4411,4595
4411,4616
4411,4634
4411,4635
4411,4666
4411,4679
4411,4691
4411,4740
4411,4829
4411,4873
4411,4885
4411,4889
4411,4894
4411,4900
4411,4917
4411,4927
4411,4943
4411,5002
4411,5005
4411,5029
4411,5035
4411,5038
4411,5039
4411,5064
4411,5073
4411,5078
4411,5090
4411,5095
4411,5203
4411,5206
4411,5212
4411,5245
4411,5267
4411,5358
4411,5372
4411,5391
4411,5401
4411,5408
4411,5412
4411,5426
4411,5487
4411,5512
4411,5514
4411,5523
4411,5533
4411,5544
4411,5556
4411,5645
4411,5650
4411,5651
4411,5656
4411,5731
4411,5732
4411,5735
4411,6691
4411,10631
4411,24486
4411,27661
4411,28112
4411,38904
4411,41774
4411,54454
4411,54841
4411,56959
4411,59708
4411,60147
4411,60831
4411,60835
4411,60852
4411,60854
4411,60953
4411,62924
4411,65999
4411,77992
4411,77999
4411,83786
4411,87177
4411,93860
4411,104865
4411,119607
4411,123620
4411,124087
4411,125889
4411,130881
4411,150311
4411,152945
4411,154059
4411,156419
4411,160051
4411,170361
4411,216239
4411,443871
4411,3085017
4411,4475485
4411,5311048
4411,5311181
4411,5311297
4411,5487301
4411,6398525
4419,4543
4419,4583
4419,4585
4419,4594
4419,4595
4419,4635
4419,4679
4419,4691
4419,4736
4419,4927
4419,4943
4419,5039
4419,5064
4419,5090
4419,5203
4419,5358
4419,5379
4419,5523
4419,5651
4419,5656
4419,5732
4419,5771
4419,6691
4419,60835
4419,3468412
4419,5311039
4425,4510
4425,4583
4425,4594
4425,4595
4425,4635
4425,4679
4425,4691
4425,4812
4425,4834
4425,4873
4425,4917
4425,4927
4425,4943
4425,5039
4425,5234
4425,5372
4425,5651
4425,6691
4425,54454
4425,60843
4425,83786
4425,87177
4425,93860
4425,119182
4425,147912
4428,4463
4428,4585
4428,4594
4428,4635
4428,4679
4428,4691
4428,4885
4428,4894
4428,4946
4428,5002
4428,5073
4428,5203
4428,5212
4428,5245
4428,5267
4428,5523
4428,5656
4428,5732
4428,34312
4428,54454
4428,60835
4428,62924
4428,71158
4428,125889
4428,170361
4440,4542
4440,4543
4440,4585
4440,4594
4440,4616
4440,4635
4440,4679
4440,4691
4440,4900
4440,4917
4440,4927
4440,4946
4440,5039
4440,5064
4440,5073
4440,5078
4440,5090
4440,5095
4440,5203
4440,5212
4440,5358
4440,5391
4440,5408
4440,5514
4440,5523
4440,5647
4440,5656
4440,5719
4440,5731
4440,5732
4440,6691
4440,10631
4440,54688
4440,60835
4440,60854
4440,62924
4440,77992
4440,123606
4449,4510
4449,4513
4449,4543
4449,4583
4449,4585
4449,4594
4449,4595
4449,4599
4449,4614
4449,4616
4449,4634
4449,4635
4449,4674
4449,4679
4449,4691
4449,4736
4449,4771
4449,4829
4449,4856
4449,4873
4449,4885
4449,4889
4449,4894
4449,4900
4449,4917
4449,4920
4449,4927
4449,4946
4449,5002
4449,5005
4449,5029
4449,5035
4449,5038
4449,5039
4449,5073
4449,5090
4449,5095
4449,5152
4449,5203
4449,5212
4449,5245
4449,5267
4449,5358
4449,5379
4449,5391
4449,5402
4449,5408
4449,5426
4449,5454
4449,5466
4449,5487
4449,5512
4449,5514
4449,5523
4449,5533
4449,5544
4449,5556
4449,5647
4449,5650
4449,5656
4449,5719
4449,5732
4449,5735
4449,6691
4449,10631
4449,28112
4449,34312
4449,54454
4449,54547
4449,54688
4449,54841
4449,60147
4449,60795
4449,60835
4449,60854
4449,62924
4449,68740
4449,77999
4449,83786
4449,110634
4449,119607
4449,122316
4449,123620
4449,124087
4449,125889
4449,150311
4449,160051
4449,4475485
4449,5311297
4449,5487301
4451,4463
4451,4485
4451,4585
4451,4594
4451,4635
4451,4691
4451,4873
4451,4889
4451,5039
4451,5064
4451,5076
4451,5155
4451,5212
4451,5408
4451,5645
4451,5647
4451,5656
4451,5726
4451,5878
4451,54688
4451,60787
4451,131536
4451,148192
4451,150311
4451,213039
4451,5481350
4463,4485
4463,4543
4463,4583
4463,4585
4463,4594
4463,4616
4463,4634
4463,4635
4463,4679
4463,4691
4463,4829
4463,4873
4463,4889
4463,4894
4463,4900
4463,4909
4463,4917
4463,4927
4463,4946
4463,5002
4463,5038
4463,5039
4463,5064
4463,5073
4463,5076
4463,5090
4463,5155
4463,5203
4463,5267
4463,5391
4463,5408
4463,5647
4463,5651
4463,5656
4463,5726
4463,5732
4463,6691
4463,13342
4463,19090
4463,54454
4463,54688
4463,60787
4463,60831
4463,60835
4463,60877
4463,62924
4463,64147
4463,65027
4463,72467
4463,77999
4463,83786
4463,125889
4463,131536
4463,148192
4463,150311
4463,152945
4463,170361
4463,213039
4463,4475485
4463,5381226
4463,5481350
4463,6398525
4473,4485
4473,4506
4473,4510
4473,4547
4473,4594
4473,4595
4473,4616
4473,4679
4473,4829
4473,4873
4473,4889
4473,4894
4473,4900
4473,4943
4473,4946
4473,5038
4473,5073
4473,5076
4473,5155
4473,5206
4473,5253
4473,5267
4473,5372
4473,5645
4473,5650
4473,5651
4473,5656
4473,5726
4473,5732
4473,5978
4473,6691
4473,39765
4473,54454
4473,60184
4473,60612
4473,65999
4473,71616
4473,77999
4473,83786
4473,87177
4473,443871
4485,4506
4485,4509
4485,4510
4485,4513
4485,4539
4485,4542
4485,4543
4485,4547
4485,4583
4485,4585
4485,4594
4485,4595
4485,4599
4485,4609
4485,4616
4485,4634
4485,4635
4485,4666
4485,4674
4485,4675
4485,4679
4485,4691
4485,4727
4485,4730
4485,4740
4485,4812
4485,4819
4485,4829
4485,4834
4485,4856
4485,4873
4485,4885
4485,4889
4485,4893
4485,4894
4485,4900
4485,4909
4485,4917
4485,4920
4485,4927
4485,4943
4485,4946
4485,5002
4485,5005
4485,5029
4485,5035
4485,5038
4485,5039
4485,5040
4485,5064
4485,5073
4485,5076
4485,5077
4485,5090
4485,5095
4485,5152
4485,5155
4485,5203
4485,5206
4485,5212
4485,5234
4485,5245
4485,5253
4485,5267
4485,5291
4485,5352
4485,5358
4485,5372
4485,5376
4485,5379
4485,5391
4485,5394
4485,5401
4485,5402
4485,5408
4485,5426
4485,5472
4485,5478
4485,5487
4485,5512
4485,5514
4485,5523
4485,5525
4485,5533
4485,5538
4485,5544
4485,5556
4485,5572
4485,5578
4485,5645
4485,5647
4485,5650
4485,5651
4485,5656
4485,5672
4485,5717
4485,5732
4485,5735
4485,5978
4485,6691
4485,8953
4485,9433
4485,10631
4485,14888
4485,16231
4485,19090
4485,24486
4485,27661
4485,27991
4485,28112
4485,34312
4485,38904
4485,39765
4485,41774
4485,41781
4485,54454
4485,54688
4485,54841
4485,56339
4485,59708
4485,60147
4485,60184
4485,60754
4485,60795
4485,60831
4485,60835
4485,60843
4485,60852
4485,60854
4485,60865
4485,60953
4485,62924
4485,64147
4485,65999
4485,68740
4485,68844
4485,71616
4485,77999
4485,83786
4485,87177
4485,93860
4485,104865
4485,110634
4485,110635
4485,119182
4485,119607
4485,123620
4485,123631
4485,124087
4485,125889
4485,130881
4485,148211
4485,150310
4485,150311
4485,152945
4485,154059
4485,156419
4485,163742
4485,170361
4485,176168
4485,176870
4485,197712
4485,216239
4485,216326
4485,443871
4485,444013
4485,508230
4485,657298
4485,3002190
4485,3085017
4485,3468412
4485,4183806
4485,4475485
4485,4659568
4485,5281104
4485,5311027
4485,5311048
4485,5311181
4485,5311297
4485,5329102
4485,5353980
4485,5481350
4485,5487301
4485,5493444
4485,6398525
4497,4594
4497,4679
4497,4943
4497,4946
4497,5039
4497,54454
4499,4510
4499,4583
4499,4585
4499,4594
4499,4635
4499,4679
4499,4829
4499,4873
4499,4885
4499,4889
4499,4894
4499,4900
4499,4917
4499,4946
4499,5005
4499,5029
4499,5038
4499,5039
4499,5064
4499,5090
4499,5203
4499,5245
4499,5267
4499,5376
4499,5512
4499,5523
4499,5650
4499,5732
4499,6691
4499,19090
4499,24486
4499,27661
4499,41781
4499,54454
4499,60831
4499,60835
4499,62924
4499,65999
4499,72054
4499,77999
4499,83786
4499,125889
4499,130881
4499,150311
4499,152945
4499,156419
4499,176168
4499,443871
4499,4475485
4499,5311297
4499,5329102
4506,4510
4506,4513
4506,4585
4506,4594
4506,4616
4506,4634
4506,4635
4506,4679
4506,4691
4506,4829
4506,4873
4506,4889
4506,4893
4506,4894
4506,4900
4506,4927
4506,4943
4506,4946
4506,4999
4506,5002
4506,5029
4506,5038
4506,5039
4506,5064
4506,5073
4506,5076
4506,5090
4506,5203
4506,5245
4506,5267
4506,5372
4506,5391
4506,5514
4506,5533
4506,5556
4506,5572
4506,5578
4506,5645
4506,5647
4506,5650
4506,5651
4506,5656
4506,5732
4506,5734
4506,6691
4506,27661
4506,28112
4506,34312
4506,39765
4506,54454
4506,54688
4506,60795
4506,60831
4506,60835
4506,62924
4506,65999
4506,83786
4506,87177
4506,123620
4506,125889
4506,148192
4506,150311
4506,154059
4506,3085017
4506,5311297
4506,6398525
4509,4510
4509,4513
4509,4539
4509,4543
4509,4547
4509,4583
4509,4585
4509,4594
4509,4595
4509,4616
4509,4634
4509,4635
4509,4666
4509,4679
4509,4691
4509,4819
4509,4829
4509,4856
4509,4873
4509,4885
4509,4889
4509,4894
4509,4900
4509,4909
4509,4917
4509,4927
4509,4946
4509,5002
4509,5005
4509,5029
4509,5035
4509,5038
4509,5039
4509,5040
4509,5073
4509,5076
4509,5077
4509,5090
4509,5095
4509,5152
4509,5184
4509,5203
4509,5212
4509,5245
4509,5253
4509,5267
4509,5358
4509,5372
4509,5376
4509,5379
4509,5391
4509,5412
4509,5426
4509,5487
4509,5512
4509,5514
4509,5523
4509,5538
4509,5544
4509,5578
4509,5645
4509,5650
4509,5651
4509,5656
4509,5726
4509,5732
4509,5734
4509,5735
4509,5771
4509,6691
4509,10631
4509,19090
4509,27661
4509,28112
4509,32797
4509,38904
4509,41781
4509,54454
4509,54688
4509,59708
4509,60147
4509,60164
4509,60831
4509,60835
4509,60852
4509,60854
4509,62924
4509,64147
4509,65999
4509,68740
4509,72054
4509,77999
4509,83786
4509,87177
4509,91270
4509,119607
4509,123620
4509,124087
4509,125889
4509,130881
4509,148192
4509,150311
4509,154059
4509,170361
4509,3468412
4509,4183806
4509,4475485
4509,5311048
4509,5311297
4509,5381226
4509,6398525
4510,4513
4510,4536
4510,4539
4510,4543
4510,4547
4510,4583
4510,4585
4510,4594
4510,4595
4510,4599
4510,4603
4510,4609
4510,4614
4510,4616
4510,4634
4510,4635
4510,4666
4510,4674
4510,4675
4510,4679
4510,4691
4510,4740
4510,4771
4510,4812
4510,4819
4510,4828
4510,4829
4510,4834
4510,4845
4510,4856
4510,4873
4510,4885
4510,4889
4510,4894
4510,4900
4510,4909
4510,4911
4510,4917
4510,4920
4510,4927
4510,4943
4510,4946
4510,5002
4510,5005
4510,5029
4510,5035
4510,5038
4510,5039
4510,5064
4510,5073
4510,5076
4510,5077
4510,5090
4510,5095
4510,5152
4510,5155
4510,5184
4510,5203
4510,5206
4510,5210
4510,5212
4510,5234
4510,5245
4510,5253
4510,5267
4510,5291
4510,5352
4510,5358
4510,5372
4510,5376
4510,5379
4510,5391
4510,5394
4510,5401
4510,5402
4510,5408
4510,5412
4510,5426
4510,5454
4510,5466
4510,5472
4510,5478
4510,5486
4510,5487
4510,5496
4510,5512
4510,5514
4510,5523
4510,5525
4510,5533
4510,5538
4510,5544
4510,5556
4510,5578
4510,5645
4510,5647
4510,5650
4510,5651
4510,5656
4510,5672
4510,5717
4510,5719
4510,5726
4510,5732
4510,5734
4510,5735
4510,5978
4510,6691
4510,8953
4510,9052
4510,9433
4510,10631
4510,12536
4510,14888
4510,16231
4510,19090
4510,24011
4510,24486
4510,27661
4510,27686
4510,27991
4510,28112
4510,32797
4510,34312
4510,36339
4510,36811
4510,38904
4510,39765
4510,41693
4510,41774
4510,41781
4510,47320
4510,47725
4510,54374
4510,54454
4510,54547
4510,54688
4510,54841
4510,56959
4510,59708
4510,60147
4510,60184
4510,60198
4510,60612
4510,60696
4510,60754
4510,60795
4510,60831
4510,60835
4510,60843
4510,60852
4510,60854
4510,60865
4510,60877
4510,60953
4510,62924
4510,64147
4510,65999
4510,68740
4510,71329
4510,71616
4510,77993
4510,77999
4510,83786
4510,87177
4510,91270
4510,93860
4510,104741
4510,104865
4510,110634
4510,110635
4510,119607
4510,123620
4510,123631
4510,124087
4510,125889
4510,130881
4510,150310
4510,150311
4510,152945
4510,154059
4510,156419
4510,160051
4510,163742
4510,170361
4510,176168
4510,197712
4510,213039
4510,216239
4510,216326
4510,443871
4510,444013
4510,508230
4510,1349907
4510,3002190
4510,3081884
4510,3085017
4510,3468412
4510,4183806
4510,4475485
4510,4659568
4510,5281104
4510,5282226
4510,5311027
4510,5311039
4510,5311048
4510,5311082
4510,5311181
4510,5311297
4510,5329102
4510,5353980
4510,5362420
4510,5381226
4510,5481350
4510,5487301
4510,5493381
4510,5493444
4510,6398525
4510,6398970
4513,4543
4513,4547
4513,4583
4513,4585
4513,4594
4513,4595
4513,4599
4513,4634
4513,4635
4513,4674
4513,4679
4513,4691
4513,4740
4513,4771
4513,4829
4513,4834
4513,4845
4513,4873
4513,4889
4513,4894
4513,4900
4513,4917
4513,4927
4513,4946
4513,5002
4513,5005
4513,5029
4513,5035
4513,5038
4513,5039
4513,5040
4513,5064
4513,5073
4513,5090
4513,5095
4513,5152
4513,5203
4513,5212
4513,5234
4513,5245
4513,5267
4513,5352
4513,5358
4513,5372
4513,5379
4513,5391
4513,5401
4513,5408
4513,5426
4513,5487
4513,5512
4513,5514
4513,5523
4513,5533
4513,5538
4513,5544
4513,5556
4513,5645
4513,5647
4513,5650
4513,5651
4513,5656
4513,5717
4513,5719
4513,5732
4513,5735
4513,5978
4513,6691
4513,10631
4513,27661
4513,54454
4513,54688
4513,60147
4513,60795
4513,60835
4513,62924
4513,64147
4513,65999
4513,68740
4513,77999
4513,83786
4513,87177
4513,93860
4513,104865
4513,119607
4513,123620
4513,124087
4513,125889
4513,150311
4513,170361
4513,3468412
4513,4183806
4513,4475485
4513,5311048
4513,5311297
4513,5353980
4513,6398525
4536,4542
4536,4583
4536,4585
4536,4594
4536,4595
4536,4599
4536,4635
4536,4679
4536,4691
4536,4873
4536,4889
4536,4900
4536,4920
4536,4927
4536,4943
4536,4946
4536,5029
4536,5039
4536,5090
4536,5203
4536,5391
4536,5514
4536,5544
4536,5650
4536,5656
4536,5732
4536,6691
4536,10631
4536,34312
4536,39765
4536,54454
4536,54688
4536,62924
4536,83786
4536,170361
4536,3468412
4536,5311297
4536,5487301
4536,6398525
4539,4547
4539,4583
4539,4585
4539,4594
4539,4609
4539,4616
4539,4634
4539,4679
4539,4691
4539,4829
4539,4873
4539,4889
4539,4894
4539,4900
4539,4946
4539,5029
4539,5038
4539,5039
4539,5073
4539,5155
4539,5203
4539,5245
4539,5267
4539,5291
4539,5372
4539,5376
4539,5379
4539,5394
4539,5514
4539,5578
4539,5647
4539,5650
4539,5651
4539,5656
4539,5732
4539,6691
4539,8953
4539,9052
4539,27661
4539,54374
4539,54454
4539,54688
4539,56339
4539,59708
4539,60831
4539,60852
4539,68740
4539,83786
4539,87177
4539,125889
4539,150311
4539,216239
4539,667490
4539,3468412
4539,4475485
4539,5311297
4542,4585
4542,4594
4542,4595
4542,4599
4542,4635
4542,4679
4542,4691
4542,4771
4542,4873
4542,4900
4542,4917
4542,4920
4542,4946
4542,5002
4542,5029
4542,5038
4542,5039
4542,5203
4542,5267
4542,5376
4542,5512
4542,5514
4542,5523
4542,5544
4542,5647
4542,5650
4542,5656
4542,5731
4542,5732
4542,6691
4542,10631
4542,34312
4542,41781
4542,54454
4542,60795
4542,60835
4542,62924
4542,104865
4542,119607
4542,123620
4542,130881
4542,170361
4542,657298
4542,3085017
4542,4183806
4542,4475485
4542,5311297
4543,4583
4543,4585
4543,4594
4543,4595
4543,4599
4543,4601
4543,4614
4543,4616
4543,4634
4543,4635
4543,4666
4543,4674
4543,4679
4543,4691
4543,4748
4543,4771
4543,4829
4543,4856
4543,4873
4543,4885
4543,4889
4543,4894
4543,4900
4543,4917
4543,4920
4543,4927
4543,4943
4543,4946
4543,5002
4543,5005
4543,5029
4543,5035
4543,5038
4543,5039
4543,5064
4543,5073
4543,5076
4543,5077
4543,5078
4543,5090
4543,5095
4543,5152
4543,5155
4543,5203
4543,5212
4543,5245
4543,5267
4543,5352
4543,5358
4543,5372
4543,5376
4543,5379
4543,5391
4543,5401
4543,5402
4543,5408
4543,5412
4543,5426
4543,5454
4543,5466
4543,5487
4543,5512
4543,5514
4543,5523
4543,5533
4543,5538
4543,5544
4543,5556
4543,5645
4543,5647
4543,5650
4543,5651
4543,5656
4543,5719
4543,5726
4543,5731
4543,5732
4543,5734
4543,5735
4543,6691
4543,10631
4543,12536
4543,19090
4543,27661
4543,28112
4543,32797
4543,34312
4543,38904
4543,41774
4543,54454
4543,54688
4543,54841
4543,59708
4543,60147
4543,60787
4543,60795
4543,60831
4543,60835
4543,60852
4543,60854
4543,62924
4543,65999
4543,68740
4543,77992
4543,77993
4543,77999
4543,83786
4543,87177
4543,93860
4543,104865
4543,110634
4543,110635
4543,119607
4543,123606
4543,123620
4543,123631
4543,125889
4543,130881
4543,150311
4543,154059
4543,160051
4543,170361
4543,216326
4543,443871
4543,3081884
4543,3085017
4543,3468412
4543,4475485
4543,4659568
4543,5311048
4543,5311181
4543,5311297
4543,5353980
4543,5381226
4543,5481350
4543,5487301
4543,6398525
4543,6398970
4547,4583
4547,4594
4547,4595
4547,4634
4547,4635
4547,4666
4547,4679
4547,4691
4547,4740
4547,4829
4547,4873
4547,4889
4547,4894
4547,4900
4547,4917
4547,4927
4547,4946
4547,5002
4547,5005
4547,5029
4547,5038
4547,5039
4547,5040
4547,5064
4547,5073
4547,5077
4547,5090
4547,5152
4547,5203
4547,5212
4547,5245
4547,5253
4547,5267
4547,5372
4547,5379
4547,5391
4547,5394
4547,5401
4547,5408
4547,5512
4547,5514
4547,5523
4547,5538
4547,5544
4547,5647
4547,5650
4547,5651
4547,5656
4547,5732
4547,5735
4547,6691
4547,8953
4547,14888
4547,19090
4547,27661
4547,28112
4547,32797
4547,41774
4547,41781
4547,54454
4547,54688
4547,60147
4547,60184
4547,60831
4547,60835
4547,60852
4547,62924
4547,65999
4547,68740
4547,77999
4547,83786
4547,93860
4547,119607
4547,123620
4547,125889
4547,130881
4547,150311
4547,152945
4547,156419
4547,443871
4547,3085017
4547,3468412
4547,4475485
4547,5281104
4547,5311048
4547,5311297
4547,5481350
4583,4585
4583,4594
4583,4595
4583,4599
4583,4601
4583,4603
4583,4607
4583,4609
4583,4614
4583,4616
4583,4634
4583,4635
4583,4666
4583,4674
4583,4675
4583,4679
4583,4691
4583,4740
4583,4771
4583,4812
4583,4819
4583,4829
4583,4834
4583,4845
4583,4856
4583,4873
4583,4885
4583,4889
4583,4894
4583,4900
4583,4909
4583,4911
4583,4917
4583,4920
4583,4927
4583,4943
4583,4946
4583,4991
4583,4999
4583,5002
4583,5005
4583,5029
4583,5035
4583,5038
4583,5039
4583,5040
4583,5064
4583,5073
4583,5076
4583,5077
4583,5078
4583,5090
4583,5095
4583,5152
4583,5155
4583,5184
4583,5203
4583,5206
4583,5212
4583,5215
4583,5234
4583,5245
4583,5253
4583,5267
4583,5291
4583,5297
4583,5352
4583,5358
4583,5372
4583,5376
4583,5379
4583,5391
4583,5394
4583,5401
4583,5402
4583,5408
4583,5412
4583,5426
4583,5453
4583,5454
4583,5466
4583,5472
4583,5478
4583,5487
4583,5496
4583,5512
4583,5514
4583,5515
4583,5523
4583,5533
4583,5538
4583,5544
4583,5556
4583,5572
4583,5578
4583,5593
4583,5645
4583,5647
4583,5650
4583,5651
4583,5656
4583,5672
4583,5717
4583,5719
4583,5726
4583,5731
4583,5732
4583,5734
4583,5735
4583,5978
4583,6691
4583,8953
4583,10631
4583,14888
4583,19090
4583,24011
4583,24486
4583,27661
4583,27686
4583,28112
4583,32797
4583,34312
4583,36339
4583,38904
4583,39765
4583,41693
4583,41774
4583,41781
4583,54374
4583,54454
4583,54547
4583,54688
4583,54786
4583,54808
4583,54841
4583,56339
4583,56959
4583,57469
4583,59708
4583,60147
4583,60164
4583,60184
4583,60198
4583,60696
4583,60754
4583,60787
4583,60795
4583,60831
4583,60835
4583,60843
4583,60852
4583,60854
4583,60865
4583,60871
4583,60953
4583,62924
4583,64147
4583,65999
4583,68740
4583,68844
4583,71158
4583,71329
4583,71616
4583,72054
4583,72938
4583,74989
4583,77993
4583,77999
4583,82146
4583,83786
4583,87177
4583,91270
4583,93860
4583,104741
4583,104865
4583,110634
4583,110635
4583,119182
4583,119607
4583,123620
4583,123631
4583,124087
4583,125889
4583,130881
4583,147912
4583,148192
4583,148211
4583,150310
4583,150311
4583,150610
4583,151165
4583,152945
4583,154059
4583,156419
4583,160051
4583,163742
4583,170361
4583,176168
4583,176870
4583,197712
4583,213039
4583,216326
4583,443871
4583,504578
4583,508230
4583,667490
4583,3002190
4583,3062316
4583,3081884
4583,3085017
4583,3468412
4583,4183806
4583,4475485
4583,4659568
4583,5281104
4583,5282044
4583,5311027
4583,5311039
4583,5311048
4583,5311082
4583,5311297
4583,5329102
4583,5353980
4583,5381226
4583,5481350
4583,5487301
4583,5493381
4583,6398525
4583,6398970
4583,6447131
4585,4594
4585,4595
4585,4599
4585,4601
4585,4603
4585,4609
4585,4614
4585,4616
4585,4634
4585,4635
4585,4666
4585,4674
4585,4679
4585,4691
4585,4745
4585,4748
4585,4771
4585,4819
4585,4828
4585,4829
4585,4845
4585,4856
4585,4873
4585,4885
4585,4889
4585,4894
4585,4900
4585,4909
4585,4917
4585,4920
4585,4927
4585,4943
4585,4946
4585,4999
4585,5002
4585,5005
4585,5029
4585,5035
4585,5038
4585,5039
4585,5040
4585,5064
4585,5073
4585,5076
4585,5077
4585,5078
4585,5090
4585,5095
4585,5152
4585,5155
4585,5195
4585,5203
4585,5212
4585,5215
4585,5234
4585,5245
4585,5253
4585,5267
4585,5291
4585,5352
4585,5358
4585,5372
4585,5376
4585,5379
4585,5391
4585,5394
4585,5401
4585,5402
4585,5408
4585,5412
4585,5426
4585,5454
4585,5466
4585,5478
4585,5487
4585,5496
4585,5512
4585,5514
4585,5523
4585,5530
4585,5533
4585,5538
4585,5544
4585,5556
4585,5572
4585,5578
4585,5584
4585,5645
4585,5647
4585,5650
4585,5651
4585,5656
4585,5717
4585,5719
4585,5726
4585,5731
4585,5732
4585,5734
4585,5735
4585,5978
4585,6691
4585,8953
4585,9052
4585,10631
4585,12536
4585,14888
4585,19090
4585,24486
4585,27661
4585,27991
4585,28112
4585,32797
4585,34312
4585,38904
4585,41317
4585,41774
4585,41781
4585,54374
4585,54454
4585,54688
4585,54841
4585,59708
4585,60147
4585,60184
4585,60787
4585,60795
4585,60831
4585,60835
4585,60852
4585,60854
4585,60865
4585,60877
4585,60953
4585,62924
4585,65999
4585,68740
4585,71158
4585,72054
4585,74989
4585,77993
4585,77999
4585,83786
4585,87177
4585,93860
4585,110634
4585,110635
4585,115237
4585,119607
4585,123620
4585,123631
4585,124087
4585,125017
4585,125889
4585,130881
4585,148192
4585,150311
4585,151165
4585,152945
4585,156419
4585,170361
4585,216326
4585,443871
4585,1349907
4585,3002190
4585,3081884
4585,3085017
4585,3468412
4585,4475485
4585,4659568
4585,5281104
4585,5311048
4585,5311297
4585,5481350
4585,5487301
4585,5493381
4585,6398525
4585,6398970
4585,6447131
4594,4595
4594,4599
4594,4601
4594,4603
4594,4607
4594,4609
4594,4614
4594,4616
4594,4634
4594,4635
4594,4645
4594,4666
4594,4674
4594,4675
4594,4679
4594,4691
4594,4723
4594,4727
4594,4730
4594,4736
4594,4739
4594,4740
4594,4745
4594,4748
4594,4771
4594,4812
4594,4819
4594,4828
4594,4829
4594,4834
4594,4845
4594,4856
4594,4873
4594,4885
4594,4889
4594,4893
4594,4894
4594,4900
4594,4909
4594,4911
4594,4917
4594,4920
4594,4927
4594,4932
4594,4943
4594,4946
4594,4991
4594,4999
4594,5002
4594,5005
4594,5029
4594,5035
4594,5038
4594,5039
4594,5040
4594,5064
4594,5073
4594,5076
4594,5077
4594,5078
4594,5090
4594,5095
4594,5152
4594,5155
4594,5184
4594,5195
4594,5203
4594,5206
4594,5210
4594,5212
4594,5215
4594,5234
4594,5245
4594,5253
4594,5267
4594,5291
4594,5352
4594,5358
4594,5372
4594,5376
4594,5379
4594,5381
4594,5391
4594,5394
4594,5401
4594,5402
4594,5408
4594,5412
4594,5426
4594,5453
4594,5454
4594,5466
4594,5472
4594,5478
4594,5482
4594,5486
4594,5487
4594,5496
4594,5505
4594,5512
4594,5514
4594,5515
4594,5523
4594,5525
4594,5530
4594,5533
4594,5538
4594,5544
4594,5556
4594,5572
4594,5578
4594,5584
4594,5596
4594,5645
4594,5647
4594,5650
4594,5651
4594,5656
4594,5672
4594,5717
4594,5719
4594,5726
4594,5731
4594,5732
4594,5734
4594,5735
4594,5746
4594,5878
4594,5978
4594,6691
4594,8953
4594,9052
4594,9433
4594,10631
4594,12536
4594,13342
4594,14888
4594,16231
4594,19090
4594,24011
4594,24486
4594,27661
4594,27686
4594,27991
4594,28112
4594,32797
4594,34312
4594,36339
4594,36811
4594,38904
4594,39765
4594,41317
4594,41693
4594,41774
4594,41781
4594,42113
4594,47320
4594,47725
4594,48175
4594,51263
4594,54374
4594,54454
4594,54547
4594,54688
4594,54786
4594,54808
4594,54841
4594,56339
4594,56959
4594,57469
4594,57537
4594,59708
4594,60147
4594,60164
4594,60184
4594,60198
4594,60696
4594,60754
4594,60787
4594,60795
4594,60815
4594,60831
4594,60835
4594,60843
4594,60852
4594,60854
4594,60865
4594,60871
4594,60877
4594,60953
4594,62924
4594,64147
4594,65027
4594,65999
4594,68740
4594,68844
4594,71158
4594,71273
4594,71329
4594,71616
4594,72054
4594,72467
4594,72938
4594,74989
4594,77992
4594,77993
4594,77999
4594,83786
4594,87177
4594,91270
4594,93860
4594,104741
4594,104865
4594,110634
4594,110635
4594,115237
4594,119182
4594,119607
4594,122316
4594,123606
4594,123620
4594,123631
4594,124087
4594,125017
4594,125889
4594,130881
4594,131536
4594,145068
4594,147912
4594,148192
4594,148211
4594,150310
4594,150311
4594,150610
4594,151165
4594,152945
4594,153941
4594,154059
4594,156419
4594,160051
4594,163742
4594,170361
4594,176168
4594,176870
4594,197712
4594,213039
4594,216239
4594,216326
4594,443871
4594,444013
4594,444033
4594,504578
4594,508230
4594,657298
4594,667490
4594,1349907
4594,3002190
4594,3062316
4594,3081884
4594,3085017
4594,3468412
4594,4183806
4594,4475485
4594,4479097
4594,4659568
4594,4659569
4594,5281007
4594,5281104
4594,5282044
4594,5282226
4594,5311027
4594,5311039
4594,5311048
4594,5311082
4594,5311181
4594,5311297
4594,5329102
4594,5353980
4594,5362070
4594,5362420
4594,5381226
4594,5481350
4594,5487301
4594,5493381
4594,5493444
4594,6398525
4594,6398970
4594,6435110
4594,6436173
4594,6447131
4594,6918453
4595,4601
4595,4603
4595,4609
4595,4616
4595,4634
4595,4635
4595,4666
4595,4674
4595,4679
4595,4691
4595,4739
4595,4740
4595,4812
4595,4819
4595,4829
4595,4834
4595,4845
4595,4856
4595,4873
4595,4885
4595,4889
4595,4894
4595,4900
4595,4909
4595,4911
4595,4917
4595,4920
4595,4927
4595,4943
4595,4946
4595,4991
4595,5002
4595,5005
4595,5029
4595,5035
4595,5038
4595,5039
4595,5040
4595,5064
4595,5073
4595,5076
4595,5077
4595,5078
4595,5090
4595,5095
4595,5152
4595,5155
4595,5184
4595,5195
4595,5203
4595,5206
4595,5210
4595,5212
4595,5234
4595,5245
4595,5253
4595,5267
4595,5291
4595,5358
4595,5372
4595,5376
4595,5379
4595,5391
4595,5394
4595,5401
4595,5402
4595,5408
4595,5412
4595,5426
4595,5453
4595,5466
4595,5478
4595,5487
4595,5496
4595,5512
4595,5514
4595,5515
4595,5523
4595,5533
4595,5538
4595,5544
4595,5556
4595,5578
4595,5645
4595,5647
4595,5650
4595,5651
4595,5656
4595,5672
4595,5717
4595,5719
4595,5726
4595,5732
4595,5734
4595,5735
4595,5746
4595,5771
4595,5878
4595,5978
4595,6691
4595,8953
4595,10631
4595,12536
4595,13342
4595,14888
4595,16231
4595,19090
4595,24486
4595,27661
4595,27686
4595,27991
4595,28112
4595,32797
4595,34312
4595,36339
4595,36811
4595,38904
4595,39765
4595,41693
4595,41781
4595,42113
4595,47320
4595,47725
4595,54374
4595,54454
4595,54547
4595,54688
4595,54786
4595,54808
4595,54841
4595,59708
4595,60147
4595,60184
4595,60198
4595,60696
4595,60754
4595,60787
4595,60795
4595,60815
4595,60831
4595,60835
4595,60843
4595,60852
4595,60865
4595,60953
4595,62924
4595,64147
4595,65999
4595,68740
4595,71329
4595,71616
4595,72467
4595,74989
4595,77993
4595,77999
4595,83786
4595,87177
4595,91270
4595,93860
4595,104741
4595,104865
4595,110634
4595,110635
4595,119182
4595,119607
4595,123620
4595,123631
4595,124087
4595,125889
4595,130881
4595,147912
4595,148192
4595,148211
4595,150311
4595,150610
4595,151165
4595,152945
4595,156419
4595,160051
4595,163742
4595,170361
4595,176870
4595,197712
4595,213039
4595,216239
4595,216326
4595,443871
4595,444013
4595,504578
4595,667490
4595,3002190
4595,3062316
4595,3085017
4595,3468412
4595,4183806
4595,4475485
4595,5281007
4595,5281104
4595,5282044
4595,5282226
4595,5311027
4595,5311039
4595,5311048
4595,5311297
4595,5329102
4595,5353980
4595,5381226
4595,5473385
4595,5481350
4595,5487301
4595,5493381
4595,6398525
4595,6398970
4595,6447131
4599,4634
4599,4635
4599,4674
4599,4679
4599,4691
4599,4771
4599,4829
4599,4873
4599,4885
4599,4889
4599,4894
4599,4900
4599,4917
4599,4920
4599,4927
4599,4946
4599,4999
4599,5002
4599,5005
4599,5029
4599,5035
4599,5038
4599,5039
4599,5073
4599,5078
4599,5090
4599,5095
4599,5152
4599,5203
4599,5210
4599,5212
4599,5245
4599,5267
4599,5358
4599,5376
4599,5391
4599,5487
4599,5512
4599,5514
4599,5523
4599,5538
4599,5544
4599,5556
4599,5578
4599,5645
4599,5647
4599,5650
4599,5656
4599,5717
4599,5719
4599,5731
4599,5732
4599,5735
4599,6691
4599,8953
4599,10631
4599,16231
4599,27661
4599,28112
4599,32797
4599,34312
4599,41774
4599,54454
4599,54688
4599,59708
4599,60147
4599,60184
4599,60198
4599,60795
4599,60831
4599,60835
4599,60854
4599,60865
4599,62924
4599,65999
4599,72054
4599,77999
4599,83786
4599,87177
4599,119607
4599,123620
4599,124087
4599,125889
4599,130881
4599,150311
4599,154059
4599,170361
4599,443871
4599,4475485
4599,5311297
4599,5353980
4599,6398525
4601,4635
4601,4674
4601,4679
4601,4691
4601,4745
4601,4829
4601,4873
4601,4885
4601,4889
4601,4900
4601,4917
4601,4920
4601,4927
4601,4946
4601,5002
4601,5029
4601,5035
4601,5038
4601,5039
4601,5064
4601,5073
4601,5090
4601,5095
4601,5203
4601,5212
4601,5358
4601,5376
4601,5391
4601,5487
4601,5512
4601,5523
4601,5533
4601,5544
4601,5556
4601,5647
4601,5650
4601,5656
4601,5719
4601,5732
4601,10631
4601,27661
4601,28112
4601,54454
4601,60795
4601,60831
4601,60835
4601,62924
4601,83786
4601,119607
4601,123620
4601,125889
4601,130881
4601,150311
4601,170361
4601,4475485
4601,4659568
4601,5311297
4603,4616
4603,4635
4603,4679
4603,4691
4603,4829
4603,4873
4603,4894
4603,4900
4603,4927
4603,4946
4603,5002
4603,5035
4603,5038
4603,5039
4603,5073
4603,5078
4603,5090
4603,5203
4603,5234
4603,5245
4603,5402
4603,5426
4603,5514
4603,5544
4603,5556
4603,5645
4603,5647
4603,5650
4603,5651
4603,5721
4603,5732
4603,6691
4603,8953
4603,9433
4603,10631
4603,54454
4603,54547
4603,54688
4603,54841
4603,60147
4603,60835
4603,62924
4603,65999
4603,83786
4603,87177
4603,93860
4603,123620
4603,130881
4603,3002190
4603,3085017
4603,4475485
4603,5282044
4603,5311048
4603,5311297
4603,5381226
4607,4679
4607,4691
4607,4873
4607,4889
4607,4900
4607,5039
4607,5372
4607,5544
4607,5651
4607,5732
4607,5381226
4607,6398525
4609,4616
4609,4634
4609,4635
4609,4666
4609,4679
4609,4691
4609,4819
4609,4829
4609,4834
4609,4873
4609,4889
4609,4894
4609,4900
4609,4917
4609,4927
4609,4943
4609,4946
4609,5002
4609,5005
4609,5029
4609,5035
4609,5038
4609,5039
4609,5073
4609,5090
4609,5152
4609,5203
4609,5234
4609,5245
4609,5253
4609,5267
4609,5291
4609,5372
4609,5391
4609,5401
4609,5412
4609,5478
4609,5487
4609,5512
4609,5525
4609,5544
4609,5556
4609,5645
4609,5647
4609,5650
4609,5651
4609,5656
4609,5672
4609,5732
4609,5735
4609,5978
4609,6691
4609,8953
4609,10631
4609,19090
4609,24486
4609,27661
4609,38904
4609,41781
4609,54374
4609,54454
4609,54688
4609,60147
4609,60184
4609,60831
4609,60835
4609,60843
4609,60852
4609,60865
4609,60953
4609,62924
4609,65999
4609,68740
4609,72467
4609,77999
4609,83786
4609,87177
4609,93860
4609,119607
4609,123620
4609,123631
4609,125889
4609,130881
4609,148211
4609,150311
4609,151165
4609,152945
4609,163742
4609,176870
4609,443871
4609,3062316
4609,3468412
4609,4183806
4609,4475485
4609,5311048
4609,5311297
4609,5329102
4609,5353980
4609,6398525
4609,6398970
4614,4634
4614,4635
4614,4679
4614,4691
4614,4829
4614,4845
4614,4856
4614,4873
4614,4885
4614,4889
4614,4900
4614,4917
4614,4927
4614,4946
4614,5002
4614,5005
4614,5029
4614,5035
4614,5038
4614,5039
4614,5073
4614,5090
4614,5095
4614,5203
4614,5212
4614,5245
4614,5267
4614,5379
4614,5408
4614,5487
4614,5512
4614,5514
4614,5523
4614,5533
4614,5538
4614,5544
4614,5647
4614,5650
4614,5656
4614,5732
4614,5735
4614,6691
4614,10631
4614,19090
4614,27661
4614,38904
4614,54454
4614,54688
4614,60147
4614,60795
4614,60831
4614,60835
4614,60852
4614,60854
4614,62924
4614,65999
4614,77999
4614,83786
4614,91270
4614,119607
4614,123620
4614,125889
4614,130881
4614,150311
4614,170361
4614,4183806
4614,4475485
4614,5311297
4614,5353980
4614,5487301
4614,6398525
4616,4634
4616,4635
4616,4666
4616,4679
4616,4691
4616,4745
4616,4829
4616,4834
4616,4856
4616,4873
4616,4889
4616,4894
4616,4900
4616,4909
4616,4917
4616,4927
4616,4943
4616,4946
4616,5002
4616,5029
4616,5035
4616,5038
4616,5039
4616,5064
4616,5073
4616,5076
4616,5077
4616,5090
4616,5152
4616,5155
4616,5203
4616,5212
4616,5234
4616,5245
4616,5253
4616,5267
4616,5291
4616,5372
4616,5376
4616,5379
4616,5391
4616,5394
4616,5408
4616,5487
4616,5512
4616,5514
4616,5523
4616,5530
4616,5533
4616,5556
4616,5572
4616,5578
4616,5584
4616,5650
4616,5651
4616,5656
4616,5672
4616,5726
4616,5731
4616,5732
4616,5978
4616,6691
4616,8953
4616,9052
4616,10631
4616,19090
4616,27661
4616,28112
4616,34312
4616,38904
4616,39765
4616,41774
4616,41781
4616,47725
4616,54454
4616,54688
4616,54841
4616,59708
4616,60147
4616,60184
4616,60795
4616,60831
4616,60835
4616,60854
4616,60953
4616,62924
4616,65999
4616,68740
4616,77999
4616,83786
4616,87177
4616,93860
4616,104865
4616,119607
4616,124087
4616,125889
4616,148192
4616,150311
4616,170361
4616,176870
4616,216239
4616,3085017
4616,3468412
4616,4183806
4616,4475485
4616,4659568
4616,5281104
4616,5311048
4616,5311297
4616,5329102
4616,5353980
4616,5481350
4616,5487301
4616,6398525
4634,4635
4634,4666
4634,4674
4634,4679
4634,4691
4634,4723
4634,4740
4634,4771
4634,4829
4634,4845
4634,4856
4634,4873
4634,4885
4634,4889
4634,4894
4634,4900
4634,4909
4634,4917
4634,4920
4634,4927
4634,4946
4634,4991
4634,5002
4634,5005
4634,5029
4634,5035
4634,5038
4634,5039
4634,5040
4634,5064
4634,5073
4634,5077
4634,5078
4634,5090
4634,5095
4634,5152
4634,5203
4634,5212
4634,5234
4634,5245
4634,5253
4634,5267
4634,5291
4634,5352
4634,5358
4634,5372
4634,5376
4634,5379
4634,5391
4634,5401
4634,5408
4634,5412
4634,5426
4634,5466
4634,5478
4634,5487
4634,5512
4634,5514
4634,5523
4634,5533
4634,5538
4634,5544
4634,5556
4634,5572
4634,5578
4634,5596
4634,5647
4634,5650
4634,5651
4634,5656
4634,5672
4634,5717
4634,5719
4634,5731
4634,5732
4634,5734
4634,5735
4634,5878
4634,6691
4634,10631
4634,19090
4634,24486
4634,27661
4634,27991
4634,28112
4634,32797
4634,34312
4634,38904
4634,41781
4634,47725
4634,54454
4634,54688
4634,54841
4634,59708
4634,60147
4634,60184
4634,60754
4634,60795
4634,60831
4634,60835
4634,60843
4634,60852
4634,60854
4634,60865
4634,60953
4634,62924
4634,64147
4634,65999
4634,68740
4634,71329
4634,72054
4634,77993
4634,77999
4634,83786
4634,87177
4634,93860
4634,104865
4634,110634
4634,110635
4634,119607
4634,123620
4634,123631
4634,124087
4634,125889
4634,130881
4634,148211
4634,150311
4634,151165
4634,152945
4634,154059
4634,160051
4634,170361
4634,197712
4634,216239
4634,216326
4634,443871
4634,508230
4634,3081884
4634,3085017
4634,3468412
4634,4183806
4634,4475485
4634,4659568
4634,5311048
4634,5311297
4634,5329102
4634,5353980
4634,5362420
4634,5481350
4634,5487301
4634,6398525
4635,4666
4635,4674
4635,4679
4635,4691
4635,4740
4635,4745
4635,4748
4635,4771
4635,4812
4635,4819
4635,4829
4635,4834
4635,4845
4635,4856
4635,4873
4635,4885
4635,4889
4635,4894
4635,4900
4635,4909
4635,4911
4635,4917
4635,4920
4635,4927
4635,4943
4635,4946
4635,5002
4635,5005
4635,5029
4635,5035
4635,5038
4635,5039
4635,5040
4635,5064
4635,5073
4635,5076
4635,5077
4635,5078
4635,5090
4635,5095
4635,5152
4635,5155
4635,5184
4635,5195
4635,5203
4635,5206
4635,5210
4635,5212
4635,5234
4635,5245
4635,5253
4635,5267
4635,5291
4635,5352
4635,5358
4635,5372
4635,5376
4635,5379
4635,5391
4635,5394
4635,5401
4635,5402
4635,5408
4635,5412
4635,5426
4635,5466
4635,5472
4635,5478
4635,5487
4635,5496
4635,5512
4635,5514
4635,5515
4635,5523
4635,5525
4635,5533
4635,5538
4635,5544
4635,5556
4635,5578
4635,5584
4635,5645
4635,5647
4635,5650
4635,5651
4635,5656
4635,5672
4635,5717
4635,5719
4635,5726
4635,5731
4635,5732
4635,5734
4635,5735
4635,5746
4635,5878
4635,5978
4635,6691
4635,8953
4635,10631
4635,12536
4635,14888
4635,16231
4635,19090
4635,24011
4635,24486
4635,27661
4635,28112
4635,32797
4635,34312
4635,38904
4635,41774
4635,41781
4635,47725
4635,51263
4635,54374
4635,54454
4635,54688
4635,54786
4635,54808
4635,54841
4635,56959
4635,57469
4635,57537
4635,59708
4635,60147
4635,60164
4635,60184
4635,60198
4635,60754
4635,60787
4635,60795
4635,60831
4635,60835
4635,60843
4635,60852
4635,60854
4635,60865
4635,60953
4635,62924
4635,64147
4635,65027
4635,65999
4635,68740
4635,71158
4635,71273
4635,71616
4635,72054
4635,72467
4635,74989
4635,77993
4635,77999
4635,82146
4635,83786
4635,87177
4635,91270
4635,93860
4635,104741
4635,104865
4635,110634
4635,110635
4635,119182
4635,119607
4635,123606
4635,123620
4635,123631
4635,124087
4635,125017
4635,125889
4635,130881
4635,131536
4635,145068
4635,147912
4635,148192
4635,148211
4635,150311
4635,150610
4635,151165
4635,152945
4635,153941
4635,154059
4635,156419
4635,160051
4635,163742
4635,170361
4635,176870
4635,197712
4635,213039
4635,216239
4635,216326
4635,443871
4635,444013
4635,504578
4635,508230
4635,667490
4635,1349907
4635,3002190
4635,3062316
4635,3081884
4635,3085017
4635,3468412
4635,4183806
4635,4475485
4635,4659568
4635,5281007
4635,5281104
4635,5282044
4635,5282226
4635,5311027
4635,5311048
4635,5311181
4635,5311297
4635,5329102
4635,5353980
4635,5381226
4635,5481350
4635,5487301
4635,5493381
4635,6398525
4635,6398970
4635,6447131
4645,4894
4645,5073
4645,54454
4645,83786
4666,4674
4666,4679
4666,4691
4666,4740
4666,4819
4666,4829
4666,4834
4666,4873
4666,4889
4666,4894
4666,4900
4666,4917
4666,4927
4666,4943
4666,4946
4666,4999
4666,5002
4666,5005
4666,5029
4666,5035
4666,5038
4666,5039
4666,5073
4666,5076
4666,5078
4666,5090
4666,5095
4666,5152
4666,5155
4666,5203
4666,5212
4666,5234
4666,5245
4666,5253
4666,5267
4666,5291
4666,5358
4666,5372
4666,5376
4666,5379
4666,5391
4666,5394
4666,5401
4666,5408
4666,5426
4666,5453
4666,5472
4666,5478
4666,5487
4666,5512
4666,5514
4666,5515
4666,5523
4666,5533
4666,5544
4666,5556
4666,5578
4666,5645
4666,5647
4666,5650
4666,5651
4666,5656
4666,5672
4666,5732
4666,5735
4666,5746
4666,5978
4666,6691
4666,8953
4666,10631
4666,13342
4666,19090
4666,24011
4666,24486
4666,27661
4666,38904
4666,41781
4666,47725
4666,54374
4666,54454
4666,54688
4666,59708
4666,60147
4666,60184
4666,60198
4666,60787
4666,60831
4666,60835
4666,60843
4666,60852
4666,60865
4666,60953
4666,62924
4666,65999
4666,68740
4666,72467
4666,77999
4666,82146
4666,83786
4666,87177
4666,93860
4666,104741
4666,119607
4666,123620
4666,123631
4666,125889
4666,130881
4666,148211
4666,150311
4666,151165
4666,152945
4666,163742
4666,170361
4666,176870
4666,216239
4666,3062316
4666,3468412
4666,4183806
4666,4475485
4666,5311027
4666,5311048
4666,5311297
4666,5329102
4666,5353980
4666,6398525
4674,4679
4674,4691
4674,4740
4674,4829
4674,4856
4674,4873
4674,4885
4674,4889
4674,4894
4674,4900
4674,4917
4674,4927
4674,4946
4674,5005
4674,5029
4674,5035
4674,5038
4674,5039
4674,5040
4674,5090
4674,5152
4674,5203
4674,5210
4674,5212
4674,5234
4674,5245
4674,5253
4674,5267
4674,5291
4674,5358
4674,5372
4674,5376
4674,5379
4674,5391
4674,5401
4674,5408
4674,5426
4674,5453
4674,5478
4674,5487
4674,5496
4674,5514
4674,5523
4674,5538
4674,5544
4674,5556
4674,5647
4674,5650
4674,5651
4674,5656
4674,5672
4674,5719
4674,5732
4674,5746
4674,5978
4674,6691
4674,8953
4674,9052
4674,10631
4674,14888
4674,19090
4674,24486
4674,27661
4674,28112
4674,38904
4674,47725
4674,54374
4674,54454
4674,54688
4674,60147
4674,60198
4674,60831
4674,60835
4674,60852
4674,60953
4674,62924
4674,68740
4674,74989
4674,77999
4674,83786
4674,87177
4674,93860
4674,104741
4674,119607
4674,123631
4674,125889
4674,130881
4674,148211
4674,150311
4674,152945
4674,176870
4674,216326
4674,3085017
4674,3468412
4674,4475485
4674,5311027
4674,5311048
4674,5311297
4674,5329102
4674,5353980
4674,6398525
4675,4873
4675,4943
4675,5038
4675,5039
4675,5206
4675,5651
4675,6691
4675,8953
4675,24486
4675,27661
4675,36339
4675,39765
4675,41693
4675,41781
4675,54454
4675,60612
4675,60696
4675,145068
4675,163742
4679,4691
4679,4740
4679,4745
4679,4748
4679,4771
4679,4812
4679,4819
4679,4828
4679,4829
4679,4834
4679,4845
4679,4856
4679,4873
4679,4885
4679,4889
4679,4893
4679,4894
4679,4900
4679,4909
4679,4911
4679,4913
4679,4917
4679,4920
4679,4927
4679,4932
4679,4943
4679,4946
4679,4991
4679,4999
4679,5002
4679,5005
4679,5029
4679,5035
4679,5038
4679,5039
4679,5040
4679,5064
4679,5073
4679,5076
4679,5077
4679,5078
4679,5090
4679,5095
4679,5152
4679,5155
4679,5184
4679,5195
4679,5203
4679,5206
4679,5210
4679,5212
4679,5215
4679,5234
4679,5245
4679,5253
4679,5267
4679,5291
4679,5352
4679,5358
4679,5372
4679,5376
4679,5379
4679,5391
4679,5394
4679,5401
4679,5402
4679,5408
4679,5412
4679,5426
4679,5454
4679,5466
4679,5472
4679,5478
4679,5486
4679,5487
4679,5496
4679,5512
4679,5514
4679,5523
4679,5530
4679,5533
4679,5538
4679,5544
4679,5556
4679,5572
4679,5578
4679,5584
4679,5596
4679,5645
4679,5647
4679,5650
4679,5651
4679,5656
4679,5672
4679,5717
4679,5719
4679,5726
4679,5731
4679,5732
4679,5734
4679,5735
4679,5746
4679,5878
4679,5978
4679,6691
4679,8953
4679,9052
4679,9433
4679,10631
4679,12536
4679,13342
4679,14888
4679,16231
4679,19090
4679,24011
4679,24486
4679,27661
4679,27686
4679,27991
4679,28112
4679,32797
4679,34312
4679,36339
4679,36811
4679,38904
4679,39765
4679,41317
4679,41693
4679,41774
4679,41781
4679,47320
4679,47725
4679,48175
4679,51263
4679,54374
4679,54454
4679,54547
4679,54688
4679,54786
4679,54808
4679,54841
4679,56339
4679,56959
4679,57469
4679,57537
4679,59708
4679,60147
4679,60164
4679,60184
4679,60198
4679,60612
4679,60696
4679,60754
4679,60787
4679,60795
4679,60831
4679,60835
4679,60843
4679,60852
4679,60854
4679,60865
4679,60871
4679,60877
4679,60953
4679,62924
4679,64147
4679,65999
4679,68740
4679,68844
4679,71158
4679,71329
4679,71616
4679,72054
4679,72467
4679,72938
4679,74989
4679,77993
4679,77999
4679,83786
4679,87177
4679,91270
4679,93860
4679,104741
4679,104865
4679,110634
4679,110635
4679,119182
4679,119607
4679,122316
4679,123606
4679,123620
4679,123631
4679,124087
4679,125017
4679,125889
4679,130881
4679,131536
4679,147912
4679,148192
4679,148211
4679,150310
4679,150311
4679,150610
4679,151165
4679,152945
4679,154059
4679,156419
4679,160051
4679,163742
4679,170361
4679,176168
4679,176870
4679,197712
4679,213039
4679,216239
4679,216326
4679,443871
4679,444013
4679,504578
4679,508230
4679,657298
4679,667490
4679,1349907
4679,3002190
4679,3062316
4679,3081884
4679,3085017
4679,3468412
4679,4183806
4679,4475485
4679,4659568
4679,5281007
4679,5281104
4679,5282044
4679,5282226
4679,5311027
4679,5311039
4679,5311048
4679,5311082
4679,5311181
4679,5311297
4679,5329102
4679,5353980
4679,5362070
4679,5381226
4679,5481350
4679,5487301
4679,5493381
4679,5493444
4679,6398525
4679,6398970
4679,6436173
4679,6447131
4679,6918453
4691,4723
4691,4730
4691,4740
4691,4745
4691,4748
4691,4771
4691,4812
4691,4819
4691,4828
4691,4829
4691,4845
4691,4856
4691,4873
4691,4885
4691,4889
4691,4894
4691,4900
4691,4909
4691,4917
4691,4920
4691,4927
4691,4943
4691,4946
4691,4991
4691,4999
4691,5002
4691,5005
4691,5029
4691,5035
4691,5038
4691,5039
4691,5040
4691,5064
4691,5073
4691,5076
4691,5077
4691,5078
4691,5090
4691,5095
4691,5152
4691,5155
4691,5184
4691,5203
4691,5206
4691,5210
4691,5212
4691,5234
4691,5245
4691,5253
4691,5267
4691,5291
4691,5352
4691,5358
4691,5372
4691,5376
4691,5379
4691,5391
4691,5394
4691,5401
4691,5402
4691,5408
4691,5412
4691,5426
4691,5454
4691,5466
4691,5472
4691,5478
4691,5487
4691,5496
4691,5512
4691,5514
4691,5523
4691,5530
4691,5533
4691,5538
4691,5544
4691,5556
4691,5572
4691,5578
4691,5584
4691,5645
4691,5647
4691,5650
4691,5651
4691,5656
4691,5672
4691,5717
4691,5719
4691,5726
4691,5731
4691,5732
4691,5734
4691,5735
4691,5771
4691,5878
4691,5978
4691,6691
4691,8953
4691,9052
4691,10631
4691,14888
4691,16231
4691,19090
4691,24486
4691,27661
4691,27686
4691,27991
4691,28112
4691,32797
4691,34312
4691,38904
4691,41317
4691,41774
4691,41781
4691,47320
4691,47725
4691,54374
4691,54454
4691,54688
4691,54786
4691,54808
4691,54841
4691,56959
4691,57469
4691,57537
4691,59708
4691,60147
4691,60164
4691,60184
4691,60198
4691,60696
4691,60754
4691,60787
4691,60795
4691,60831
4691,60835
4691,60843
4691,60852
4691,60854
4691,60865
4691,60953
4691,62924
4691,64147
4691,65999
4691,68740
4691,68844
4691,71158
4691,71329
4691,71616
4691,72054
4691,74989
4691,77993
4691,77999
4691,83786
4691,87177
4691,91270
4691,93860
4691,104741
4691,104865
4691,110634
4691,110635
4691,115237
4691,119607
4691,122316
4691,123620
4691,123631
4691,124087
4691,125889
4691,130881
4691,131536
4691,148192
4691,148211
4691,150311
4691,150610
4691,151165
4691,152945
4691,154059
4691,156419
4691,160051
4691,163742
4691,170361
4691,176168
4691,176870
4691,197712
4691,216239
4691,216326
4691,443871
4691,504578
4691,508230
4691,657298
4691,667490
4691,1349907
4691,3002190
4691,3062316
4691,3081884
4691,3085017
4691,3468412
4691,4183806
4691,4475485
4691,4659568
4691,5281104
4691,5282226
4691,5311027
4691,5311048
4691,5311082
4691,5311181
4691,5311297
4691,5329102
4691,5353980
4691,5381226
4691,5481350
4691,5487301
4691,5493381
4691,6398525
4691,6398970
4691,6435110
4723,5203
4723,5487
4723,5732
4723,119607
4727,4873
4727,4889
4727,4894
4727,4900
4727,5039
4727,5267
4727,5544
4727,83786
4727,104865
4727,5353980
4730,4894
4730,5038
4730,5267
4730,5391
4730,54454
4730,54688
4730,83786
4736,4900
4736,4927
4736,5038
4736,5039
4736,5090
4736,5203
4736,5358
4736,5487
4736,5523
4736,5731
4736,5732
4736,6691
4736,60835
4736,125889
4739,4900
4739,4917
4739,5647
4739,54454
4739,83786
4740,4829
4740,4873
4740,4885
4740,4889
4740,4894
4740,4900
4740,4909
4740,4917
4740,4927
4740,4946
4740,5002
4740,5005
4740,5029
4740,5035
4740,5038
4740,5039
4740,5040
4740,5073
4740,5077
4740,5090
4740,5152
4740,5203
4740,5212
4740,5234
4740,5245
4740,5267
4740,5372
4740,5376
4740,5379
4740,5391
4740,5394
4740,5401
4740,5408
4740,5426
4740,5472
4740,5487
4740,5514
4740,5523
4740,5533
4740,5544
4740,5650
4740,5651
4740,5656
4740,5732
4740,5735
4740,6691
4740,9433
4740,10631
4740,19090
4740,27661
4740,38904
4740,41781
4740,54454
4740,54688
4740,56959
4740,60147
4740,60831
4740,60835
4740,60852
4740,62924
4740,64147
4740,65999
4740,68740
4740,77999
4740,83786
4740,87177
4740,91270
4740,104865
4740,119607
4740,123620
4740,125889
4740,150311
4740,152945
4740,156419
4740,170361
4740,216326
4740,443871
4740,3085017
4740,3468412
4740,4475485
4740,5281104
4740,5311048
4740,5311181
4740,5311297
4740,5329102
4740,5353980
4740,5487301
4745,4873
4745,4885
4745,4889
4745,4909
4745,4946
4745,5002
4745,5035
4745,5038
4745,5039
4745,5073
4745,5090
4745,5095
4745,5195
4745,5203
4745,5267
4745,5391
4745,5402
4745,5512
4745,5523
4745,5556
4745,5572
4745,5650
4745,5656
4745,5732
4745,5734
4745,6691
4745,41781
4745,54454
4745,62924
4745,122316
4745,4659568
4745,4659569
4748,4873
4748,4889
4748,4900
4748,4927
4748,4946
4748,5002
4748,5039
4748,5073
4748,5090
4748,5203
4748,5267
4748,5391
4748,5454
4748,5512
4748,5514
4748,5523
4748,5533
4748,5544
4748,5572
4748,5656
4748,5732
4748,5735
4748,6691
4748,28112
4748,34312
4748,54454
4748,60795
4748,60835
4748,60854
4748,77999
4748,150311
4748,170361
4748,4475485
4748,5311297
4748,6398525
4771,4829
4771,4873
4771,4900
4771,4927
4771,4946
4771,5002
4771,5039
4771,5073
4771,5090
4771,5095
4771,5203
4771,5210
4771,5391
4771,5402
4771,5512
4771,5514
4771,5523
4771,5544
4771,5650
4771,5656
4771,5719
4771,5732
4771,6691
4771,10631
4771,28112
4771,54454
4771,54688
4771,60835
4771,60854
4771,62924
4771,77999
4771,119607
4771,124087
4771,125889
4771,130881
4771,170361
4771,3002190
4771,3468412
4771,4475485
4771,5311027
4771,5311297
4771,5487301
4771,6447131
4812,4834
4812,4873
4812,4889
4812,4894
4812,4900
4812,4917
4812,4927
4812,4943
4812,4946
4812,5038
4812,5039
4812,5090
4812,5203
4812,5212
4812,5234
4812,5245
4812,5267
4812,5372
4812,5376
4812,5391
4812,5426
4812,5496
4812,5645
4812,5647
4812,5651
4812,5656
4812,5732
4812,6691
4812,8953
4812,19090
4812,24486
4812,36339
4812,39765
4812,54454
4812,54688
4812,54841
4812,60184
4812,62924
4812,68740
4812,71616
4812,83786
4812,87177
4812,93860
4812,104865
4812,119182
4812,123631
4812,145068
4812,216326
4812,3468412
4812,5311039
4812,5311048
4812,5311297
4812,5329102
4812,6398525
4812,6398970
4819,4829
4819,4856
4819,4873
4819,4889
4819,4894
4819,4900
4819,4909
4819,4917
4819,4927
4819,4946
4819,5005
4819,5029
4819,5038
4819,5039
4819,5073
4819,5076
4819,5090
4819,5152
4819,5184
4819,5203
4819,5212
4819,5245
4819,5267
4819,5358
4819,5376
4819,5379
4819,5391
4819,5478
4819,5512
4819,5514
4819,5523
4819,5538
4819,5544
4819,5650
4819,5651
4819,5656
4819,5732
4819,5735
4819,6691
4819,8953
4819,16231
4819,19090
4819,28112
4819,32797
4819,38904
4819,54454
4819,54688
4819,54808
4819,54841
4819,60147
4819,60164
4819,60831
4819,60835
4819,60852
4819,62924
4819,68740
4819,68844
4819,77999
4819,83786
4819,87177
4819,104865
4819,110635
4819,119607
4819,123620
4819,125889
4819,150311
4819,170361
4819,3468412
4819,4475485
4819,5282226
4819,5311027
4819,5311048
4819,5311297
4819,5353980
4819,5487301
4819,6398525
4828,4873
4828,4889
4828,5002
4828,5038
4828,5039
4828,5073
4828,5090
4828,5391
4828,5523
4828,5650
4828,5732
4828,6691
4828,27661
4828,54454
4828,60953
4828,62924
4828,83786
4828,87177
4828,125889
4828,150311
4828,4475485
4829,4845
4829,4856
4829,4873
4829,4885
4829,4889
4829,4894
4829,4900
4829,4909
4829,4911
4829,4917
4829,4920
4829,4927
4829,4943
4829,4946
4829,4991
4829,5002
4829,5005
4829,5029
4829,5035
4829,5038
4829,5039
4829,5040
4829,5064
4829,5073
4829,5076
4829,5077
4829,5078
4829,5090
4829,5095
4829,5152
4829,5155
4829,5184
4829,5195
4829,5203
4829,5210
4829,5212
4829,5234
4829,5245
4829,5253
4829,5267
4829,5291
4829,5352
4829,5358
4829,5372
4829,5376
4829,5379
4829,5391
4829,5394
4829,5401
4829,5402
4829,5408
4829,5412
4829,5426
4829,5454
4829,5466
4829,5472
4829,5478
4829,5487
4829,5512
4829,5514
4829,5523
4829,5533
4829,5544
4829,5556
4829,5572
4829,5578
4829,5645
4829,5647
4829,5650
4829,5651
4829,5656
4829,5672
4829,5717
4829,5719
4829,5732
4829,5734
4829,5735
4829,5978
4829,6691
4829,8953
4829,10631
4829,16231
4829,19090
4829,24011
4829,24486
4829,27661
4829,27991
4829,28112
4829,32797
4829,34312
4829,38904
4829,41774
4829,41781
4829,54374
4829,54454
4829,54688
4829,54841
4829,56959
4829,59708
4829,60147
4829,60184
4829,60198
4829,60795
4829,60831
4829,60835
4829,60843
4829,60852
4829,60854
4829,60865
4829,60953
4829,62924
4829,65999
4829,68740
4829,68844
4829,71329
4829,72054
4829,77999
4829,83786
4829,87177
4829,91270
4829,93860
4829,104865
4829,110634
4829,110635
4829,119607
4829,123606
4829,123620
4829,123631
4829,124087
4829,125017
4829,125889
4829,130881
4829,148192
4829,148211
4829,150310
4829,150311
4829,152945
4829,154059
4829,156419
4829,160051
4829,163742
4829,170361
4829,176870
4829,197712
4829,216239
4829,216326
4829,443871
4829,444013
4829,667490
4829,3002190
4829,3085017
4829,3468412
4829,4475485
4829,5281104
4829,5282226
4829,5311027
4829,5311048
4829,5311181
4829,5311297
4829,5329102
4829,5353980
4829,5381226
4829,5481350
4829,5487301
4829,5493444
4829,6398525
4829,6398970
4834,4873
4834,4889
4834,4894
4834,4900
4834,4917
4834,4943
4834,4946
4834,5029
4834,5038
4834,5039
4834,5073
4834,5234
4834,5372
4834,5496
4834,5584
4834,5647
4834,5650
4834,5651
4834,5672
4834,5732
4834,5734
4834,5978
4834,6691
4834,27661
4834,38904
4834,54454
4834,54547
4834,54688
4834,60843
4834,65999
4834,68740
4834,71616
4834,83786
4834,93860
4834,3468412
4834,5311039
4834,5311048
4834,6398525
4845,4873
4845,4885
4845,4889
4845,4900
4845,4917
4845,4927
4845,5002
4845,5005
4845,5029
4845,5035
4845,5038
4845,5039
4845,5090
4845,5095
4845,5152
4845,5203
4845,5212
4845,5245
4845,5267
4845,5358
4845,5379
4845,5401
4845,5408
4845,5487
4845,5512
4845,5514
4845,5523
4845,5544
4845,5647
4845,5650
4845,5656
4845,5717
4845,5731
4845,5732
4845,6691
4845,10631
4845,27661
4845,27686
4845,54454
4845,54688
4845,60795
4845,60831
4845,60835
4845,60852
4845,60865
4845,62924
4845,72054
4845,77999
4845,119607
4845,123620
4845,124087
4845,130881
4845,150311
4845,3468412
4845,4475485
4845,5311297
4845,5353980
4856,4873
4856,4885
4856,4889
4856,4894
4856,4900
4856,4917
4856,4920
4856,4927
4856,4943
4856,4946
4856,5002
4856,5005
4856,5029
4856,5035
4856,5038
4856,5039
4856,5064
4856,5073
4856,5076
4856,5090
4856,5095
4856,5152
4856,5203
4856,5212
4856,5234
4856,5245
4856,5253
4856,5267
4856,5352
4856,5358
4856,5376
4856,5391
4856,5478
4856,5512
4856,5514
4856,5523
4856,5533
4856,5544
4856,5650
4856,5656
4856,5719
4856,5732
4856,5735
4856,6691
4856,10631
4856,27661
4856,32797
4856,41781
4856,54454
4856,60147
4856,60831
4856,60835
4856,62924
4856,65999
4856,68740
4856,71329
4856,77999
4856,83786
4856,87177
4856,93860
4856,110634
4856,119607
4856,123620
4856,124087
4856,125889
4856,130881
4856,150311
4856,154059
4856,170361
4856,3002190
4856,4183806
4856,4475485
4856,5311027
4856,5311048
4856,5311297
4856,5329102
4856,5353980
4856,5487301
4856,6398525
4873,4885
4873,4889
4873,4894
4873,4900
4873,4909
4873,4911
4873,4917
4873,4920
4873,4927
4873,4932
4873,4943
4873,4946
4873,4991
4873,5002
4873,5005
4873,5029
4873,5035
4873,5038
4873,5039
4873,5040
4873,5064
4873,5073
4873,5076
4873,5077
4873,5078
4873,5090
4873,5095
4873,5152
4873,5155
4873,5184
4873,5195
4873,5203
4873,5206
4873,5210
4873,5212
4873,5215
4873,5234
4873,5245
4873,5253
4873,5267
4873,5291
4873,5352
4873,5358
4873,5372
4873,5376
4873,5379
4873,5391
4873,5394
4873,5401
4873,5402
4873,5408
4873,5412
4873,5426
4873,5454
4873,5466
4873,5472
4873,5478
4873,5487
4873,5496
4873,5505
4873,5512
4873,5514
4873,5523
4873,5525
4873,5533
4873,5538
4873,5544
4873,5556
4873,5578
4873,5584
4873,5593
4873,5596
4873,5645
4873,5647
4873,5650
4873,5651
4873,5656
4873,5672
4873,5717
4873,5719
4873,5726
4873,5731
4873,5732
4873,5734
4873,5735
4873,5978
4873,6691
4873,8953
4873,9052
4873,9433
4873,10631
4873,12536
4873,14888
4873,16231
4873,19090
4873,24011
4873,24486
4873,27661
4873,27991
4873,28112
4873,32797
4873,34312
4873,36339
4873,36811
4873,38904
4873,39765
4873,41693
4873,41774
4873,41781
4873,47320
4873,47725
4873,51263
4873,54374
4873,54454
4873,54547
4873,54688
4873,54786
4873,54808
4873,54841
4873,56959
4873,57537
4873,59708
4873,60147
4873,60184
4873,60198
4873,60612
4873,60696
4873,60754
4873,60787
4873,60795
4873,60831
4873,60835
4873,60843
4873,60852
4873,60854
4873,60865
4873,60871
4873,60953
4873,62924
4873,64147
4873,65999
4873,68740
4873,68844
4873,71329
4873,71616
4873,72054
4873,72467
4873,72938
4873,74989
4873,77993
4873,77999
4873,83786
4873,87177
4873,91270
4873,93860
4873,104741
4873,104865
4873,110634
4873,110635
4873,119182
4873,119607
4873,122316
4873,123606
4873,123620
4873,123631
4873,124087
4873,125889
4873,130881
4873,147912
4873,148211
4873,150310
4873,150311
4873,151165
4873,152945
4873,154059
4873,156419
4873,160051
4873,163742
4873,170361
4873,176870
4873,197712
4873,213039
4873,216239
4873,216326
4873,443871
4873,504578
4873,508230
4873,657298
4873,667490
4873,1349907
4873,3002190
4873,3062316
4873,3081884
4873,3085017
4873,3468412
4873,4183806
4873,4475485
4873,4659568
4873,5281007
4873,5281104
4873,5282044
4873,5282226
4873,5311027
4873,5311039
4873,5311048
4873,5311082
4873,5311181
4873,5311297
4873,5329102
4873,5353980
4873,5362420
4873,5381226
4873,5481350
4873,5487301
4873,5493381
4873,5493444
4873,6398525
4873,6398970
4885,4889
4885,4894
4885,4900
4885,4909
4885,4917
4885,4920
4885,4927
4885,4946
4885,5002
4885,5005
4885,5029
4885,5035
4885,5038
4885,5039
4885,5040
4885,5064
4885,5070
4885,5073
4885,5078
4885,5090
4885,5095
4885,5152
4885,5195
4885,5203
4885,5212
4885,5234
4885,5245
4885,5253
4885,5267
4885,5358
4885,5372
4885,5376
4885,5379
4885,5391
4885,5401
4885,5402
4885,5408
4885,5412
4885,5426
4885,5472
4885,5487
4885,5496
4885,5512
4885,5514
4885,5523
4885,5533
4885,5544
4885,5556
4885,5572
4885,5578
4885,5645
4885,5647
4885,5650
4885,5651
4885,5656
4885,5717
4885,5719
4885,5731
4885,5732
4885,5734
4885,5735
4885,6691
4885,10631
4885,24011
4885,27661
4885,28112
4885,32797
4885,34312
4885,38904
4885,41781
4885,54454
4885,54688
4885,54841
4885,56959
4885,57537
4885,59708
4885,60147
4885,60795
4885,60831
4885,60835
4885,60852
4885,60854
4885,62924
4885,65999
4885,68740
4885,72054
4885,77999
4885,83786
4885,87177
4885,104865
4885,110634
4885,110635
4885,119607
4885,122316
4885,123620
4885,124087
4885,125889
4885,130881
4885,150311
4885,152945
4885,154059
4885,160051
4885,170361
4885,197712
4885,216326
4885,443871
4885,3002190
4885,3081884
4885,3085017
4885,3468412
4885,4183806
4885,4475485
4885,4659568
4885,4659569
4885,5281104
4885,5282226
4885,5311027
4885,5311048
4885,5311181
4885,5311297
4885,5487301
4885,6398525
4885,6398970
4889,4893
4889,4894
4889,4900
4889,4909
4889,4911
4889,4917
4889,4920
4889,4927
4889,4943
4889,4946
4889,4991
4889,4993
4889,5002
4889,5005
4889,5029
4889,5035
4889,5038
4889,5039
4889,5040
4889,5064
4889,5073
4889,5076
4889,5077
4889,5078
4889,5090
4889,5095
4889,5152
4889,5155
4889,5184
4889,5203
4889,5210
4889,5212
4889,5215
4889,5234
4889,5245
4889,5253
4889,5267
4889,5291
4889,5352
4889,5358
4889,5372
4889,5376
4889,5379
4889,5391
4889,5394
4889,5401
4889,5402
4889,5408
4889,5412
4889,5426
4889,5472
4889,5478
4889,5486
4889,5487
4889,5496
4889,5512
4889,5514
4889,5523
4889,5525
4889,5533
4889,5538
4889,5544
4889,5556
4889,5572
4889,5578
4889,5584
4889,5596
4889,5645
4889,5647
4889,5650
4889,5651
4889,5656
4889,5672
4889,5717
4889,5719
4889,5726
4889,5731
4889,5732
4889,5734
4889,5735
4889,5746
4889,5978
4889,6691
4889,8953
4889,9052
4889,10631
4889,12536
4889,14888
4889,16231
4889,19090
4889,24011
4889,24486
4889,27661
4889,27686
4889,27991
4889,28112
4889,32797
4889,34312
4889,36811
4889,38904
4889,39765
4889,41774
4889,41781
4889,48175
4889,54454
4889,54547
4889,54688
4889,54808
4889,54841
4889,56959
4889,57537
4889,59708
4889,60147
4889,60184
4889,60198
4889,60754
4889,60787
4889,60795
4889,60831
4889,60835
4889,60843
4889,60852
4889,60854
4889,60865
4889,60871
4889,60953
4889,62924
4889,64147
4889,65999
4889,68740
4889,68844
4889,71329
4889,71616
4889,72054
4889,72938
4889,77993
4889,77999
4889,83786
4889,87177
4889,93860
4889,104865
4889,110634
4889,110635
4889,119607
4889,123620
4889,123631
4889,124087
4889,125017
4889,125889
4889,130881
4889,131536
4889,148192
4889,148211
4889,150310
4889,150311
4889,152945
4889,154059
4889,156419
4889,160051
4889,163742
4889,170361
4889,176168
4889,176870
4889,197712
4889,213039
4889,216239
4889,216326
4889,443871
4889,444013
4889,508230
4889,1349907
4889,3002190
4889,3081884
4889,3085017
4889,3468412
4889,4183806
4889,4475485
4889,4659568
4889,5281007
4889,5281104
4889,5282226
4889,5311027
4889,5311048
4889,5311181
4889,5311297
4889,5329102
4889,5353980
4889,5362420
4889,5381226
4889,5481350
4889,5487301
4889,5493381
4889,5493444
4889,6398525
4889,6398970
4889,6447131
4893,4946
4893,5039
4893,5090
4893,5514
4893,5645
4893,5647
4893,5650
4893,5732
4893,6691
4893,54454
4893,54688
4893,60184
4893,65999
4893,83786
4893,150311
4894,4900
4894,4909
4894,4911
4894,4917
4894,4920
4894,4927
4894,4943
4894,4946
4894,4991
4894,4999
4894,5002
4894,5005
4894,5029
4894,5035
4894,5038
4894,5039
4894,5040
4894,5064
4894,5073
4894,5076
4894,5078
4894,5090
4894,5095
4894,5152
4894,5155
4894,5203
4894,5206
4894,5212
4894,5234
4894,5245
4894,5253
4894,5267
4894,5291
4894,5297
4894,5352
4894,5358
4894,5372
4894,5376
4894,5379
4894,5391
4894,5394
4894,5401
4894,5402
4894,5408
4894,5412
4894,5426
4894,5472
4894,5478
4894,5487
4894,5496
4894,5512
4894,5514
4894,5515
4894,5523
4894,5525
4894,5538
4894,5544
4894,5556
4894,5572
4894,5578
4894,5584
4894,5645
4894,5647
4894,5650
4894,5651
4894,5656
4894,5672
4894,5717
4894,5726
4894,5732
4894,5734
4894,5746
4894,5771
4894,5978
4894,6691
4894,8953
4894,9052
4894,9433
4894,10631
4894,13342
4894,14888
4894,16231
4894,19090
4894,24486
4894,27661
4894,27686
4894,27991
4894,28112
4894,32797
4894,34312
4894,36339
4894,38904
4894,39765
4894,41317
4894,41693
4894,41774
4894,41781
4894,47725
4894,51263
4894,54374
4894,54454
4894,54547
4894,54688
4894,54841
4894,57469
4894,59708
4894,60147
4894,60184
4894,60696
4894,60754
4894,60787
4894,60795
4894,60831
4894,60835
4894,60843
4894,60852
4894,60865
4894,60871
4894,60953
4894,62924
4894,64147
4894,65999
4894,68740
4894,68844
4894,71616
4894,72467
4894,74989
4894,77999
4894,83786
4894,87177
4894,93860
4894,104865
4894,110635
4894,119607
4894,123620
4894,123631
4894,124087
4894,125889
4894,130881
4894,147912
4894,148192
4894,150310
4894,150311
4894,151165
4894,152945
4894,153941
4894,154059
4894,163742
4894,170361
4894,176870
4894,216239
4894,216326
4894,443871
4894,444033
4894,504578
4894,508230
4894,667490
4894,1349907
4894,3002190
4894,3062316
4894,3085017
4894,3468412
4894,4183806
4894,4475485
4894,4479097
4894,5281007
4894,5281104
4894,5282226
4894,5311027
4894,5311039
4894,5311048
4894,5311181
4894,5311297
4894,5329102
4894,5353980
4894,5362070
4894,5381226
4894,5473385
4894,5481350
4894,5493381
4894,5493444
4894,6398525
4894,6398970
4894,6435110
4894,6918453
4900,4909
4900,4911
4900,4917
4900,4920
4900,4927
4900,4932
4900,4943
4900,4946
4900,4991
4900,5002
4900,5005
4900,5029
4900,5035
4900,5038
4900,5039
4900,5040
4900,5064
4900,5073
4900,5076
4900,5077
4900,5078
4900,5090
4900,5095
4900,5152
4900,5155
4900,5184
4900,5203
4900,5210
4900,5212
4900,5215
4900,5234
4900,5245
4900,5253
4900,5267
4900,5291
4900,5297
4900,5352
4900,5358
4900,5372
4900,5376
4900,5379
4900,5391
4900,5394
4900,5401
4900,5402
4900,5408
4900,5412
4900,5426
4900,5453
4900,5466
4900,5472
4900,5478
4900,5487
4900,5496
4900,5512
4900,5514
4900,5523
4900,5525
4900,5533
4900,5538
4900,5544
4900,5556
4900,5572
4900,5578
4900,5596
4900,5645
4900,5647
4900,5650
4900,5651
4900,5656
4900,5672
4900,5717
4900,5719
4900,5726
4900,5731
4900,5732
4900,5734
4900,5735
4900,5746
4900,5878
4900,5978
4900,6691
4900,8953
4900,9052
4900,9433
4900,10631
4900,12536
4900,13342
4900,14888
4900,16231
4900,19090
4900,24011
4900,24486
4900,27661
4900,27686
4900,28112
4900,32797
4900,34312
4900,38904
4900,39765
4900,41317
4900,41774
4900,41781
4900,47725
4900,48175
4900,54374
4900,54454
4900,54547
4900,54688
4900,54786
4900,54808
4900,54841
4900,56339
4900,57469
4900,59708
4900,60147
4900,60164
4900,60184
4900,60696
4900,60754
4900,60787
4900,60795
4900,60831
4900,60835
4900,60843
4900,60852
4900,60854
4900,60865
4900,60953
4900,62924
4900,64147
4900,65999
4900,68740
4900,68844
4900,71158
4900,71329
4900,71616
4900,72054
4900,72467
4900,72938
4900,74989
4900,77992
4900,77993
4900,77999
4900,83786
4900,87177
4900,91270
4900,93860
4900,104741
4900,104865
4900,110634
4900,110635
4900,119182
4900,119607
4900,123606
4900,123620
4900,123631
4900,124087
4900,125889
4900,130881
4900,147912
4900,148192
4900,148211
4900,150310
4900,150311
4900,150610
4900,151165
4900,152945
4900,154059
4900,156419
4900,160051
4900,163742
4900,170361
4900,176168
4900,176870
4900,197712
4900,213039
4900,216239
4900,216326
4900,443871
4900,444013
4900,508230
4900,657298
4900,667490
4900,1349907
4900,3002190
4900,3062316
4900,3081884
4900,3085017
4900,3468412
4900,4183806
4900,4475485
4900,4659568
4900,5281007
4900,5281104
4900,5282226
4900,5311027
4900,5311039
4900,5311048
4900,5311082
4900,5311181
4900,5311297
4900,5329102
4900,5353980
4900,5362070
4900,5362420
4900,5381226
4900,5473385
4900,5481350
4900,5487301
4900,5493381
4900,5493444
4900,6398525
4900,6398970
4900,6435110
4900,6436173
4900,6447131
4900,6918453
4909,4917
4909,4927
4909,4946
4909,5002
4909,5005
4909,5029
4909,5035
4909,5038
4909,5039
4909,5073
4909,5090
4909,5095
4909,5152
4909,5203
4909,5212
4909,5234
4909,5245
4909,5267
4909,5358
4909,5379
4909,5391
4909,5401
4909,5408
4909,5487
4909,5512
4909,5514
4909,5523
4909,5544
4909,5572
4909,5650
4909,5656
4909,5732
4909,5734
4909,5735
4909,6691
4909,27661
4909,28112
4909,34312
4909,54454
4909,59708
4909,60147
4909,60795
4909,60831
4909,60835
4909,60852
4909,60854
4909,62924
4909,65999
4909,68740
4909,71329
4909,77999
4909,83786
4909,87177
4909,110634
4909,110635
4909,119607
4909,123620
4909,124087
4909,125889
4909,150311
4909,152945
4909,154059
4909,170361
4909,4475485
4909,4659568
4909,5311297
4909,5353980
4909,5487301
4911,4917
4911,4927
4911,5029
4911,5038
4911,5039
4911,5076
4911,5090
4911,5152
4911,5212
4911,5512
4911,5523
4911,5650
4911,5732
4911,5735
4911,6691
4911,27661
4911,54454
4911,60147
4911,62924
4911,64147
4911,77999
4911,83786
4911,87177
4911,130881
4911,150311
4911,213039
4911,4475485
4911,5311297
4911,5481350
4913,6691
4917,4920
4917,4927
4917,4943
4917,4946
4917,5002
4917,5005
4917,5029
4917,5035
4917,5038
4917,5039
4917,5064
4917,5073
4917,5076
4917,5078
4917,5090
4917,5095
4917,5152
4917,5155
4917,5184
4917,5203
4917,5206
4917,5212
4917,5234
4917,5245
4917,5253
4917,5267
4917,5291
4917,5358
4917,5372
4917,5376
4917,5379
4917,5391
4917,5394
4917,5401
4917,5408
4917,5412
4917,5426
4917,5478
4917,5487
4917,5496
4917,5512
4917,5514
4917,5515
4917,5523
4917,5533
4917,5538
4917,5544
4917,5556
4917,5578
4917,5645
4917,5647
4917,5650
4917,5651
4917,5656
4917,5672
4917,5717
4917,5719
4917,5726
4917,5731
4917,5732
4917,5735
4917,5746
4917,5878
4917,5978
4917,6691
4917,8953
4917,10631
4917,13342
4917,14888
4917,19090
4917,24011
4917,24486
4917,27661
4917,28112
4917,32797
4917,38904
4917,39765
4917,41781
4917,47725
4917,54374
4917,54454
4917,54547
4917,54688
4917,54841
4917,56959
4917,59708
4917,60147
4917,60198
4917,60787
4917,60795
4917,60831
4917,60835
4917,60843
4917,60852
4917,60854
4917,60865
4917,60953
4917,62924
4917,64147
4917,65999
4917,68740
4917,71616
4917,72054
4917,72467
4917,74989
4917,77993
4917,77999
4917,83786
4917,87177
4917,93860
4917,104741
4917,104865
4917,110635
4917,119607
4917,123620
4917,123631
4917,124087
4917,125889
4917,130881
4917,148192
4917,148211
4917,150311
4917,151165
4917,152945
4917,154059
4917,156419
4917,160051
4917,163742
4917,170361
4917,176870
4917,197712
4917,213039
4917,216239
4917,216326
4917,443871
4917,3002190
4917,3062316
4917,3085017
4917,3468412
4917,4183806
4917,4475485
4917,5281007
4917,5281104
4917,5282226
4917,5311027
4917,5311048
4917,5311181
4917,5311297
4917,5329102
4917,5353980
4917,5381226
4917,5481350
4917,5487301
4917,5493381
4917,6398525
4917,6398970
4917,6447131
4920,4927
4920,4943
4920,4946
4920,4999
4920,5002
4920,5005
4920,5029
4920,5035
4920,5038
4920,5039
4920,5073
4920,5078
4920,5090
4920,5095
4920,5152
4920,5203
4920,5245
4920,5267
4920,5358
4920,5376
4920,5379
4920,5391
4920,5408
4920,5512
4920,5514
4920,5523
4920,5533
4920,5544
4920,5647
4920,5650
4920,5656
4920,5719
4920,5732
4920,5735
4920,6691
4920,34312
4920,51263
4920,54454
4920,54547
4920,54688
4920,54841
4920,59708
4920,60831
4920,60835
4920,60852
4920,60865
4920,62924
4920,72054
4920,77993
4920,77999
4920,83786
4920,87177
4920,91270
4920,119607
4920,123620
4920,124087
4920,125889
4920,130881
4920,150311
4920,154059
4920,170361
4920,3002190
4920,3468412
4920,4475485
4920,5311297
4920,5353980
4920,5487301
4927,4943
4927,4946
4927,4999
4927,5002
4927,5005
4927,5029
4927,5035
4927,5038
4927,5039
4927,5040
4927,5064
4927,5073
4927,5076
4927,5077
4927,5078
4927,5090
4927,5095
4927,5152
4927,5155
4927,5184
4927,5203
4927,5212
4927,5234
4927,5245
4927,5253
4927,5267
4927,5291
4927,5352
4927,5358
4927,5372
4927,5376
4927,5379
4927,5391
4927,5394
4927,5401
4927,5402
4927,5408
4927,5412
4927,5426
4927,5454
4927,5466
4927,5478
4927,5487
4927,5496
4927,5512
4927,5514
4927,5523
4927,5533
4927,5538
4927,5544
4927,5556
4927,5572
4927,5578
4927,5645
4927,5647
4927,5650
4927,5651
4927,5656
4927,5672
4927,5717
4927,5719
4927,5726
4927,5731
4927,5732
4927,5734
4927,5735
4927,5771
4927,5878
4927,5978
4927,6691
4927,8953
4927,10631
4927,12536
4927,19090
4927,24486
4927,27661
4927,28112
4927,34312
4927,38904
4927,41781
4927,54374
4927,54454
4927,54547
4927,54688
4927,54786
4927,54841
4927,59708
4927,60147
4927,60787
4927,60795
4927,60831
4927,60835
4927,60843
4927,60852
4927,60854
4927,60865
4927,60953
4927,62924
4927,65999
4927,68740
4927,72938
4927,74989
4927,77993
4927,77999
4927,83786
4927,87177
4927,91270
4927,93860
4927,104741
4927,104865
4927,110634
4927,119607
4927,123606
4927,123620
4927,123631
4927,124087
4927,125889
4927,130881
4927,131536
4927,148192
4927,148211
4927,150311
4927,151165
4927,152945
4927,154059
4927,156419
4927,160051
4927,163742
4927,170361
4927,176870
4927,197712
4927,213039
4927,216239
4927,216326
4927,443871
4927,444013
4927,667490
4927,3002190
4927,3085017
4927,3468412
4927,4183806
4927,4475485
4927,5281007
4927,5311039
4927,5311048
4927,5311082
4927,5311181
4927,5311297
4927,5329102
4927,5353980
4927,5362070
4927,5381226
4927,5481350
4927,5487301
4927,5493381
4927,5493444
4927,6398525
4927,6398970
4932,5038
4932,5039
4932,5090
4932,5203
4932,5212
4932,5267
4932,5523
4932,5732
4932,6691
4932,27661
4932,54454
4932,83786
4932,5311297
4943,4946
4943,5002
4943,5029
4943,5035
4943,5038
4943,5039
4943,5073
4943,5090
4943,5095
4943,5152
4943,5184
4943,5203
4943,5206
4943,5212
4943,5234
4943,5245
4943,5267
4943,5372
4943,5379
4943,5391
4943,5402
4943,5478
4943,5496
4943,5514
4943,5523
4943,5544
4943,5556
4943,5578
4943,5645
4943,5650
4943,5651
4943,5656
4943,5731
4943,5732
4943,5734
4943,5735
4943,5771
4943,6691
4943,8953
4943,9433
4943,19090
4943,24011
4943,24486
4943,27661
4943,28112
4943,34312
4943,36339
4943,36811
4943,38904
4943,39765
4943,41693
4943,41781
4943,42113
4943,47320
4943,51263
4943,54374
4943,54454
4943,54688
4943,56339
4943,59708
4943,60147
4943,60612
4943,60696
4943,60815
4943,60835
4943,60854
4943,62924
4943,65999
4943,71273
4943,71616
4943,77999
4943,83786
4943,87177
4943,93860
4943,104865
4943,119607
4943,125889
4943,145068
4943,147912
4943,150311
4943,163742
4943,170361
4943,504578
4943,1349907
4943,3002190
4943,3085017
4943,3468412
4943,4475485
4943,5282044
4943,5311039
4943,5311048
4943,5311297
4943,5381226
4943,6398525
4946,5002
4946,5005
4946,5029
4946,5035
4946,5038
4946,5039
4946,5040
4946,5064
4946,5073
4946,5076
4946,5077
4946,5078
4946,5090
4946,5095
4946,5152
4946,5155
4946,5195
4946,5203
4946,5210
4946,5212
4946,5234
4946,5245
4946,5253
4946,5267
4946,5291
4946,5352
4946,5358
4946,5372
4946,5376
4946,5379
4946,5391
4946,5401
4946,5402
4946,5408
4946,5412
4946,5426
4946,5454
4946,5466
4946,5478
4946,5487
4946,5496
4946,5512
4946,5514
4946,5523
4946,5533
4946,5538
4946,5544
4946,5556
4946,5572
4946,5578
4946,5584
4946,5596
4946,5645
4946,5647
4946,5650
4946,5651
4946,5656
4946,5719
4946,5726
4946,5731
4946,5732
4946,5734
4946,5735
4946,5978
4946,6691
4946,8953
4946,9052
4946,10631
4946,12536
4946,14888
4946,16231
4946,19090
4946,24486
4946,27661
4946,28112
4946,32797
4946,34312
4946,38904
4946,39765
4946,41774
4946,41781
4946,54374
4946,54454
4946,54547
4946,54688
4946,54841
4946,57537
4946,59708
4946,60147
4946,60184
4946,60198
4946,60696
4946,60795
4946,60831
4946,60835
4946,60852
4946,60854
4946,60871
4946,60953
4946,62924
4946,64147
4946,65027
4946,65999
4946,68740
4946,71158
4946,71616
4946,72054
4946,77992
4946,77993
4946,77999
4946,83786
4946,87177
4946,91270
4946,93860
4946,104865
4946,110634
4946,110635
4946,115237
4946,119607
4946,122316
4946,123606
4946,123620
4946,123631
4946,124087
4946,125017
4946,125889
4946,130881
4946,148192
4946,150311
4946,151165
4946,152945
4946,153941
4946,154059
4946,156419
4946,160051
4946,170361
4946,176870
4946,216239
4946,216326
4946,443871
4946,504578
4946,508230
4946,657298
4946,1349907
4946,3002190
4946,3081884
4946,3085017
4946,3468412
4946,4183806
4946,4475485
4946,4659568
4946,4659569
4946,5282226
4946,5311027
4946,5311039
4946,5311048
4946,5311181
4946,5311297
4946,5329102
4946,5353980
4946,5362070
4946,5362420
4946,5481350
4946,5487301
4946,5493381
4946,6398525
4946,6447131
4991,5002
4991,5029
4991,5038
4991,5039
4991,5090
4991,5152
4991,5245
4991,5267
4991,5372
4991,5512
4991,5514
4991,5650
4991,5732
4991,5735
4991,6691
4991,27661
4991,41781
4991,54454
4991,60831
4991,60835
4991,68740
4991,83786
4991,87177
4991,125889
4991,150311
4991,3002190
4991,3085017
4991,3468412
4991,4475485
4991,5311297
4991,5329102
4993,5076
4993,5215
4993,5726
4993,6691
4993,19090
4993,59708
4993,213039
4993,5481350
4999,5002
4999,5039
4999,5073
4999,5095
4999,5203
4999,5245
4999,5391
4999,5523
4999,5533
4999,5544
4999,5556
4999,5572
4999,5650
4999,5719
4999,5732
4999,10631
4999,28112
4999,54688
4999,60795
4999,60835
4999,60865
4999,62924
4999,72054
4999,77993
4999,124087
4999,125889
4999,154059
4999,4183806
4999,5311297
5002,5005
5002,5029
5002,5035
5002,5038
5002,5039
5002,5064
5002,5073
5002,5076
5002,5077
5002,5078
5002,5090
5002,5095
5002,5152
5002,5155
5002,5195
5002,5203
5002,5206
5002,5212
5002,5234
5002,5245
5002,5253
5002,5267
5002,5291
5002,5352
5002,5358
5002,5372
5002,5376
5002,5379
5002,5391
5002,5394
5002,5401
5002,5402
5002,5408
5002,5412
5002,5426
5002,5454
5002,5466
5002,5472
5002,5478
5002,5487
5002,5496
5002,5512
5002,5514
5002,5523
5002,5530
5002,5533
5002,5538
5002,5544
5002,5556
5002,5572
5002,5578
5002,5584
5002,5645
5002,5647
5002,5650
5002,5651
5002,5656
5002,5672
5002,5717
5002,5719
5002,5726
5002,5731
5002,5732
5002,5734
5002,5735
5002,5878
5002,6691
5002,8953
5002,9052
5002,10631
5002,12536
5002,19090
5002,24486
5002,27661
5002,28112
5002,32797
5002,34312
5002,38904
5002,41774
5002,41781
5002,54374
5002,54454
5002,54547
5002,54688
5002,54808
5002,54841
5002,57469
5002,57537
5002,59708
5002,60147
5002,60184
5002,60696
5002,60787
5002,60795
5002,60831
5002,60835
5002,60852
5002,60854
5002,60865
5002,60953
5002,62924
5002,64147
5002,65999
5002,68740
5002,71158
5002,71616
5002,72054
5002,77992
5002,77993
5002,77999
5002,83786
5002,87177
5002,93860
5002,104865
5002,110634
5002,110635
5002,115237
5002,119607
5002,122316
5002,123606
5002,123620
5002,124087
5002,125017
5002,125889
5002,130881
5002,148192
5002,150311
5002,152945
5002,154059
5002,160051
5002,170361
5002,197712
5002,213039
5002,216326
5002,443871
5002,1349907
5002,3002190
5002,3081884
5002,3085017
5002,3468412
5002,4183806
5002,4475485
5002,4659568
5002,5311027
5002,5311048
5002,5311297
5002,5353980
5002,5362070
5002,5481350
5002,5487301
5002,6398525
5002,6398970
5002,6447131
5005,5029
5005,5035
5005,5038
5005,5039
5005,5040
5005,5064
5005,5073
5005,5076
5005,5077
5005,5090
5005,5095
5005,5152
5005,5203
5005,5212
5005,5245
5005,5267
5005,5291
5005,5358
5005,5372
5005,5376
5005,5379
5005,5391
5005,5401
5005,5402
5005,5408
5005,5412
5005,5426
5005,5472
5005,5478
5005,5487
5005,5512
5005,5514
5005,5523
5005,5533
5005,5538
5005,5544
5005,5572
5005,5647
5005,5650
5005,5651
5005,5656
5005,5717
5005,5719
5005,5732
5005,5735
5005,6691
5005,10631
5005,19090
5005,24486
5005,27661
5005,28112
5005,32797
5005,34312
5005,38904
5005,41774
5005,41781
5005,54454
5005,54688
5005,54841
5005,56959
5005,59708
5005,60147
5005,60795
5005,60831
5005,60835
5005,60852
5005,60854
5005,60865
5005,62924
5005,65999
5005,68740
5005,68844
5005,71329
5005,72938
5005,74989
5005,77999
5005,83786
5005,87177
5005,93860
5005,104741
5005,104865
5005,110634
5005,110635
5005,119607
5005,123620
5005,123631
5005,124087
5005,125889
5005,130881
5005,150310
5005,150311
5005,152945
5005,154059
5005,156419
5005,160051
5005,170361
5005,176168
5005,176870
5005,197712
5005,216239
5005,216326
5005,443871
5005,3002190
5005,3081884
5005,3085017
5005,3468412
5005,4475485
5005,5281104
5005,5282226
5005,5311027
5005,5311048
5005,5311082
5005,5311181
5005,5311297
5005,5329102
5005,5353980
5005,5487301
5005,5493444
5005,6398525
5005,6398970
5005,6447131
5029,5035
5029,5038
5029,5039
5029,5040
5029,5064
5029,5073
5029,5076
5029,5077
5029,5078
5029,5090
5029,5095
5029,5152
5029,5155
5029,5195
5029,5203
5029,5210
5029,5212
5029,5234
5029,5245
5029,5253
5029,5267
5029,5291
5029,5352
5029,5358
5029,5372
5029,5376
5029,5379
5029,5391
5029,5394
5029,5401
5029,5402
5029,5408
5029,5412
5029,5426
5029,5466
5029,5472
5029,5478
5029,5487
5029,5512
5029,5514
5029,5523
5029,5525
5029,5533
5029,5538
5029,5544
5029,5556
5029,5572
5029,5596
5029,5645
5029,5647
5029,5650
5029,5651
5029,5656
5029,5672
5029,5719
5029,5726
5029,5731
5029,5732
5029,5734
5029,5735
5029,5978
5029,6691
5029,8953
5029,10631
5029,16231
5029,19090
5029,24486
5029,27661
5029,27686
5029,27991
5029,28112
5029,32797
5029,34312
5029,38904
5029,41774
5029,41781
5029,54374
5029,54454
5029,54547
5029,54688
5029,54841
5029,56959
5029,57537
5029,59708
5029,60147
5029,60164
5029,60184
5029,60198
5029,60795
5029,60831
5029,60835
5029,60843
5029,60852
5029,60854
5029,60865
5029,60871
5029,60953
5029,62924
5029,64147
5029,65999
5029,68740
5029,71329
5029,71616
5029,72054
5029,77993
5029,77999
5029,83786
5029,87177
5029,91270
5029,93860
5029,104865
5029,110634
5029,110635
5029,119607
5029,123620
5029,123631
5029,124087
5029,125017
5029,125889
5029,130881
5029,148192
5029,150310
5029,150311
5029,151165
5029,152945
5029,154059
5029,156419
5029,160051
5029,163742
5029,170361
5029,176870
5029,197712
5029,213039
5029,216239
5029,216326
5029,443871
5029,508230
5029,667490
5029,1349907
5029,3002190
5029,3081884
5029,3085017
5029,3468412
5029,4183806
5029,4475485
5029,5281104
5029,5282226
5029,5311027
5029,5311048
5029,5311181
5029,5311297
5029,5329102
5029,5353980
5029,5381226
5029,5481350
5029,5487301
5029,5493381
5029,5493444
5029,6398525
5029,6398970
5029,6447131
5035,5038
5035,5039
5035,5040
5035,5064
5035,5073
5035,5077
5035,5078
5035,5090
5035,5095
5035,5152
5035,5184
5035,5203
5035,5212
5035,5245
5035,5253
5035,5267
5035,5352
5035,5358
5035,5372
5035,5376
5035,5379
5035,5391
5035,5402
5035,5412
5035,5426
5035,5466
5035,5472
5035,5478
5035,5487
5035,5496
5035,5512
5035,5514
5035,5523
5035,5533
5035,5544
5035,5556
5035,5572
5035,5645
5035,5647
5035,5650
5035,5651
5035,5656
5035,5672
5035,5717
5035,5719
5035,5732
5035,5735
5035,6691
5035,10631
5035,19090
5035,24486
5035,27661
5035,27686
5035,28112
5035,38904
5035,41781
5035,54454
5035,54688
5035,54841
5035,59708
5035,60147
5035,60795
5035,60831
5035,60835
5035,60852
5035,60865
5035,62924
5035,65999
5035,68740
5035,68844
5035,72054
5035,77999
5035,83786
5035,87177
5035,91270
5035,93860
5035,104865
5035,119607
5035,123620
5035,123631
5035,124087
5035,125889
5035,130881
5035,150311
5035,154059
5035,170361
5035,176870
5035,216326
5035,443871
5035,3002190
5035,3062316
5035,3085017
5035,3468412
5035,4183806
5035,4475485
5035,4659568
5035,5311027
5035,5311048
5035,5311181
5035,5311297
5035,5353980
5035,5362420
5035,5487301
5035,6398525
5035,6436173
5038,5039
5038,5040
5038,5064
5038,5073
5038,5076
5038,5077
5038,5090
5038,5095
5038,5152
5038,5155
5038,5203
5038,5206
5038,5210
5038,5212
5038,5234
5038,5245
5038,5253
5038,5267
5038,5291
5038,5352
5038,5358
5038,5372
5038,5376
5038,5379
5038,5391
5038,5394
5038,5401
5038,5402
5038,5408
5038,5426
5038,5466
5038,5472
5038,5478
5038,5486
5038,5487
5038,5496
5038,5505
5038,5512
5038,5514
5038,5523
5038,5533
5038,5538
5038,5544
5038,5556
5038,5578
5038,5584
5038,5596
5038,5645
5038,5647
5038,5650
5038,5651
5038,5656
5038,5672
5038,5717
5038,5719
5038,5726
5038,5732
5038,5734
5038,5735
5038,5978
5038,6691
5038,8953
5038,9052
5038,9433
5038,10631
5038,13342
5038,16231
5038,19090
5038,24011
5038,24486
5038,27661
5038,28112
5038,32797
5038,34312
5038,36339
5038,38904
5038,39765
5038,41693
5038,41774
5038,41781
5038,47320
5038,47725
5038,51263
5038,54374
5038,54454
5038,54547
5038,54688
5038,54841
5038,56339
5038,56959
5038,57469
5038,57537
5038,59708
5038,60147
5038,60184
5038,60198
5038,60696
5038,60795
5038,60831
5038,60835
5038,60852
5038,60854
5038,60865
5038,60953
5038,62924
5038,64147
5038,65999
5038,68740
5038,71329
5038,71616
5038,72054
5038,74989
5038,77999
5038,83786
5038,87177
5038,91270
5038,93860
5038,104741
5038,104865
5038,110634
5038,110635
5038,119607
5038,123620
5038,123631
5038,124087
5038,125017
5038,125889
5038,130881
5038,147912
5038,148192
5038,150310
5038,150311
5038,150610
5038,152945
5038,154059
5038,156419
5038,160051
5038,163742
5038,170361
5038,176168
5038,176870
5038,197712
5038,213039
5038,216239
5038,216326
5038,443871
5038,508230
5038,657298
5038,667490
5038,1349907
5038,3002190
5038,3085017
5038,3468412
5038,4183806
5038,4475485
5038,4479097
5038,4659568
5038,5281007
5038,5281104
5038,5282226
5038,5311027
5038,5311039
5038,5311048
5038,5311082
5038,5311181
5038,5311297
5038,5329102
5038,5353980
5038,5362070
5038,5362420
5038,5381226
5038,5481350
5038,5487301
5038,5493381
5038,5493444
5038,6398525
5038,6398970
5038,6447131
5039,5040
5039,5064
5039,5070
5039,5073
5039,5076
5039,5077
5039,5078
5039,5090
5039,5095
5039,5152
5039,5155
5039,5184
5039,5203
5039,5206
5039,5210
5039,5212
5039,5215
5039,5234
5039,5245
5039,5253
5039,5267
5039,5291
5039,5352
5039,5358
5039,5372
5039,5376
5039,5379
5039,5391
5039,5394
5039,5401
5039,5402
5039,5408
5039,5412
5039,5426
5039,5453
5039,5454
5039,5466
5039,5472
5039,5478
5039,5486
5039,5487
5039,5496
5039,5512
5039,5514
5039,5515
5039,5523
5039,5525
5039,5533
5039,5538
5039,5544
5039,5556
5039,5572
5039,5578
5039,5584
5039,5645
5039,5647
5039,5650
5039,5651
5039,5656
5039,5672
5039,5717
5039,5719
5039,5726
5039,5731
5039,5732
5039,5734
5039,5735
5039,5771
5039,5878
5039,5978
5039,6691
5039,8953
5039,9052
5039,9433
5039,10631
5039,12536
5039,14888
5039,16231
5039,19090
5039,24011
5039,24486
5039,27661
5039,27686
5039,27991
5039,28112
5039,32797
5039,34312
5039,36339
5039,36811
5039,38904
5039,39765
5039,41693
5039,41774
5039,41781
5039,47320
5039,47725
5039,51263
5039,54374
5039,54454
5039,54688
5039,54808
5039,54841
5039,56339
5039,56959
5039,57537
5039,59708
5039,60147
5039,60164
5039,60184
5039,60198
5039,60696
5039,60754
5039,60787
5039,60795
5039,60815
5039,60831
5039,60835
5039,60843
5039,60852
5039,60854
5039,60865
5039,60871
5039,60877
5039,60953
5039,62924
5039,64147
5039,65999
5039,68740
5039,68844
5039,71158
5039,71329
5039,71616
5039,72054
5039,72467
5039,72938
5039,74989
5039,77993
5039,77999
5039,83786
5039,87177
5039,91270
5039,93860
5039,104741
5039,104865
5039,110634
5039,110635
5039,115237
5039,119607
5039,122316
5039,123606
5039,123620
5039,123631
5039,124087
5039,125889
5039,130881
5039,131536
5039,145068
5039,148192
5039,148211
5039,150311
5039,150610
5039,151165
5039,152945
5039,154059
5039,156419
5039,160051
5039,163742
5039,170361
5039,176168
5039,176870
5039,197712
5039,216239
5039,216326
5039,443871
5039,444013
5039,504578
5039,508230
5039,667490
5039,1349907
5039,3002190
5039,3062316
5039,3081884
5039,3085017
5039,3086258
5039,3468412
5039,4183806
5039,4475485
5039,4479097
5039,4659568
5039,5281007
5039,5281104
5039,5282226
5039,5311027
5039,5311039
5039,5311048
5039,5311082
5039,5311181
5039,5311297
5039,5329102
5039,5353980
5039,5362070
5039,5362420
5039,5381226
5039,5481350
5039,5487301
5039,5493381
5039,5493444
5039,6398525
5039,6398970
5039,6435110
5039,6447131
5039,6918453
5040,5064
5040,5073
5040,5203
5040,5212
5040,5234
5040,5267
5040,5372
5040,5391
5040,5408
5040,5514
5040,5523
5040,5578
5040,5645
5040,5647
5040,5650
5040,5651
5040,5656
5040,5732
5040,6691
5040,8953
5040,27661
5040,34312
5040,41781
5040,54454
5040,54688
5040,59708
5040,60147
5040,60184
5040,60835
5040,62924
5040,64147
5040,71616
5040,77999
5040,83786
5040,87177
5040,110635
5040,123631
5040,124087
5040,125889
5040,150311
5040,152945
5040,156419
5040,508230
5040,3085017
5040,3468412
5040,4475485
5040,5311297
5040,6398525
5052,5650
5052,27661
5064,5073
5064,5076
5064,5078
5064,5090
5064,5095
5064,5152
5064,5155
5064,5203
5064,5212
5064,5234
5064,5245
5064,5253
5064,5267
5064,5358
5064,5372
5064,5379
5064,5391
5064,5401
5064,5408
5064,5478
5064,5487
5064,5512
5064,5514
5064,5523
5064,5533
5064,5544
5064,5556
5064,5645
5064,5647
5064,5650
5064,5651
5064,5656
5064,5719
5064,5726
5064,5732
5064,5735
5064,5978
5064,6691
5064,10631
5064,12536
5064,19090
5064,24486
5064,27661
5064,28112
5064,32797
5064,34312
5064,41774
5064,41781
5064,54454
5064,54688
5064,59708
5064,60147
5064,60164
5064,60184
5064,60787
5064,60795
5064,60831
5064,60835
5064,60852
5064,60854
5064,62924
5064,64147
5064,65999
5064,71158
5064,71616
5064,77999
5064,83786
5064,87177
5064,91270
5064,110634
5064,115237
5064,119607
5064,123620
5064,124087
5064,125017
5064,125889
5064,130881
5064,131536
5064,147912
5064,148192
5064,150311
5064,160051
5064,213039
5064,443871
5064,1349907
5064,3085017
5064,3468412
5064,4183806
5064,4475485
5064,5311027
5064,5311297
5064,5353980
5064,5362070
5064,5381226
5064,5481350
5064,6398525
5064,6436173
5070,5095
5070,5203
5070,5426
5070,5512
5070,5732
5070,54454
5073,5076
5073,5077
5073,5078
5073,5090
5073,5095
5073,5152
5073,5155
5073,5195
5073,5203
5073,5212
5073,5234
5073,5245
5073,5267
5073,5291
5073,5352
5073,5358
5073,5372
5073,5376
5073,5379
5073,5391
5073,5394
5073,5401
5073,5402
5073,5408
5073,5412
5073,5426
5073,5454
5073,5466
5073,5478
5073,5487
5073,5496
5073,5512
5073,5514
5073,5523
5073,5530
5073,5533
5073,5538
5073,5544
5073,5556
5073,5572
5073,5578
5073,5584
5073,5596
5073,5645
5073,5647
5073,5650
5073,5651
5073,5656
5073,5717
5073,5719
5073,5726
5073,5731
5073,5732
5073,5734
5073,5735
5073,5771
5073,6691
5073,8953
5073,9052
5073,10631
5073,19090
5073,24486
5073,27661
5073,27991
5073,28112
5073,32797
5073,34312
5073,36339
5073,38904
5073,41774
5073,41781
5073,54374
5073,54454
5073,54547
5073,54688
5073,54786
5073,54808
5073,54841
5073,57537
5073,59708
5073,60147
5073,60184
5073,60787
5073,60795
5073,60831
5073,60835
5073,60852
5073,60854
5073,60953
5073,62924
5073,64147
5073,65999
5073,68740
5073,71158
5073,71616
5073,72054
5073,77999
5073,83786
5073,87177
5073,93860
5073,104865
5073,110634
5073,119607
5073,123620
5073,123631
5073,124087
5073,125017
5073,125889
5073,130881
5073,148192
5073,150311
5073,152945
5073,154059
5073,156419
5073,163742
5073,170361
5073,216326
5073,443871
5073,504578
5073,3081884
5073,3085017
5073,3468412
5073,4183806
5073,4475485
5073,4659568
5073,5311048
5073,5311297
5073,5353980
5073,5481350
5073,5487301
5073,6398525
5073,6398970
5073,6435110
5073,6447131
5076,5090
5076,5095
5076,5152
5076,5155
5076,5203
5076,5212
5076,5215
5076,5234
5076,5245
5076,5267
5076,5358
5076,5372
5076,5391
5076,5401
5076,5402
5076,5408
5076,5496
5076,5512
5076,5514
5076,5523
5076,5533
5076,5544
5076,5556
5076,5578
5076,5645
5076,5647
5076,5650
5076,5651
5076,5656
5076,5726
5076,5732
5076,5735
5076,5771
5076,5878
5076,5978
5076,6691
5076,8953
5076,10631
5076,13342
5076,19090
5076,27661
5076,27686
5076,28112
5076,32797
5076,38904
5076,41781
5076,54374
5076,54454
5076,54688
5076,57469
5076,59708
5076,60147
5076,60184
5076,60787
5076,60831
5076,60835
5076,60854
5076,60865
5076,60871
5076,60877
5076,62924
5076,64147
5076,65027
5076,65999
5076,71616
5076,72467
5076,74989
5076,77999
5076,83786
5076,87177
5076,104865
5076,110634
5076,110635
5076,123620
5076,124087
5076,125889
5076,131536
5076,147912
5076,148192
5076,150311
5076,152945
5076,153941
5076,170361
5076,213039
5076,3468412
5076,4475485
5076,5311039
5076,5311048
5076,5311297
5076,5381226
5076,5481350
5077,5090
5077,5095
5077,5203
5077,5212
5077,5245
5077,5253
5077,5267
5077,5391
5077,5478
5077,5512
5077,5514
5077,5650
5077,5656
5077,5732
5077,6691
5077,19090
5077,27661
5077,28112
5077,34312
5077,54454
5077,57537
5077,59708
5077,60147
5077,60795
5077,60831
5077,60835
5077,60852
5077,60854
5077,62924
5077,65999
5077,72054
5077,77999
5077,83786
5077,87177
5077,119607
5077,122316
5077,123620
5077,124087
5077,125889
5077,150311
5077,152945
5077,154059
5077,176870
5077,4475485
5077,4659568
5077,5311297
5077,5353980
5078,5090
5078,5203
5078,5245
5078,5358
5078,5391
5078,5487
5078,5512
5078,5514
5078,5523
5078,5533
5078,5538
5078,5544
5078,5556
5078,5647
5078,5650
5078,5656
5078,5717
5078,5731
5078,5732
5078,5735
5078,6691
5078,10631
5078,28112
5078,32797
5078,34312
5078,54454
5078,59708
5078,60795
5078,60831
5078,60835
5078,60854
5078,62924
5078,68740
5078,77992
5078,77993
5078,83786
5078,119607
5078,123606
5078,123620
5078,125889
5078,130881
5078,150311
5078,154059
5078,170361
5078,3002190
5078,3468412
5078,4475485
5078,5311297
5078,5487301
5078,6398525
5090,5095
5090,5152
5090,5155
5090,5184
5090,5203
5090,5210
5090,5212
5090,5215
5090,5234
5090,5245
5090,5253
5090,5267
5090,5291
5090,5352
5090,5358
5090,5372
5090,5376
5090,5379
5090,5381
5090,5391
5090,5394
5090,5401
5090,5402
5090,5408
5090,5412
5090,5426
5090,5454
5090,5466
5090,5472
5090,5478
5090,5487
5090,5496
5090,5512
5090,5514
5090,5523
5090,5525
5090,5533
5090,5538
5090,5544
5090,5556
5090,5572
5090,5578
5090,5584
5090,5645
5090,5647
5090,5650
5090,5651
5090,5656
5090,5672
5090,5717
5090,5719
5090,5731
5090,5732
5090,5734
5090,5735
5090,5978
5090,6691
5090,8953
5090,9052
5090,9433
5090,10631
5090,12536
5090,14888
5090,19090
5090,24486
5090,27661
5090,27686
5090,28112
5090,32797
5090,34312
5090,38904
5090,41774
5090,41781
5090,47725
5090,48175
5090,54374
5090,54454
5090,54547
5090,54688
5090,54808
5090,54841
5090,59708
5090,60147
5090,60184
5090,60198
5090,60696
5090,60754
5090,60795
5090,60831
5090,60835
5090,60852
5090,60854
5090,60865
5090,60953
5090,62924
5090,65999
5090,68740
5090,68844
5090,71329
5090,77992
5090,77993
5090,77999
5090,83786
5090,87177
5090,91270
5090,93860
5090,104741
5090,104865
5090,110634
5090,110635
5090,119607
5090,122316
5090,123606
5090,123620
5090,123631
5090,124087
5090,125889
5090,130881
5090,150311
5090,152945
5090,160051
5090,163742
5090,170361
5090,443871
5090,504578
5090,667490
5090,1349907
5090,3002190
5090,3081884
5090,3085017
5090,3468412
5090,4183806
5090,4475485
5090,4659568
5090,5281104
5090,5282226
5090,5311027
5090,5311048
5090,5311297
5090,5353980
5090,5362070
5090,5381226
5090,5481350
5090,5487301
5090,6398525
5090,6398970
5090,6447131
5090,6918453
5095,5152
5095,5195
5095,5203
5095,5212
5095,5245
5095,5267
5095,5352
5095,5358
5095,5372
5095,5391
5095,5401
5095,5402
5095,5408
5095,5412
5095,5426
5095,5466
5095,5478
5095,5487
5095,5512
5095,5514
5095,5523
5095,5533
5095,5544
5095,5556
5095,5572
5095,5596
5095,5645
5095,5647
5095,5650
5095,5656
5095,5717
5095,5719
5095,5732
5095,5734
5095,5735
5095,5878
5095,6691
5095,8953
5095,10631
5095,12536
5095,19090
5095,24011
5095,24486
5095,27661
5095,28112
5095,32797
5095,34312
5095,38904
5095,41774
5095,41781
5095,54454
5095,54688
5095,54841
5095,57537
5095,59708
5095,60147
5095,60184
5095,60795
5095,60831
5095,60835
5095,60852
5095,60854
5095,60865
5095,62924
5095,65999
5095,68740
5095,72054
5095,77993
5095,77999
5095,83786
5095,87177
5095,110634
5095,110635
5095,119607
5095,122316
5095,123620
5095,124087
5095,125889
5095,130881
5095,148211
5095,150311
5095,151165
5095,152945
5095,154059
5095,156419
5095,160051
5095,163742
5095,170361
5095,197712
5095,216326
5095,443871
5095,444013
5095,657298
5095,3081884
5095,3085017
5095,3468412
5095,4475485
5095,4659568
5095,4659569
5095,5281104
5095,5311297
5095,5329102
5095,5353980
5095,5487301
5095,6398525
5095,6398970
5152,5155
5152,5203
5152,5206
5152,5212
5152,5215
5152,5234
5152,5245
5152,5253
5152,5267
5152,5352
5152,5358
5152,5372
5152,5376
5152,5379
5152,5391
5152,5394
5152,5401
5152,5402
5152,5408
5152,5426
5152,5478
5152,5487
5152,5496
5152,5512
5152,5514
5152,5523
5152,5533
5152,5538
5152,5544
5152,5556
5152,5645
5152,5647
5152,5650
5152,5651
5152,5656
5152,5672
5152,5717
5152,5732
5152,5734
5152,5735
5152,5978
5152,6691
5152,9433
5152,10631
5152,19090
5152,27661
5152,27686
5152,28112
5152,34312
5152,38904
5152,39765
5152,41781
5152,54454
5152,54547
5152,54688
5152,54841
5152,59708
5152,60147
5152,60184
5152,60795
5152,60831
5152,60835
5152,60843
5152,60854
5152,60865
5152,62924
5152,65999
5152,68740
5152,71616
5152,77999
5152,83786
5152,87177
5152,104865
5152,110634
5152,110635
5152,119607
5152,123620
5152,123631
5152,124087
5152,125889
5152,130881
5152,148192
5152,150311
5152,152945
5152,160051
5152,170361
5152,443871
5152,444033
5152,3002190
5152,3085017
5152,3468412
5152,4183806
5152,4475485
5152,5311027
5152,5311048
5152,5311181
5152,5311297
5152,5329102
5152,5353980
5152,5381226
5152,5481350
5152,5487301
5152,6398525
5152,6398970
5155,5203
5155,5212
5155,5234
5155,5267
5155,5297
5155,5372
5155,5391
5155,5408
5155,5496
5155,5533
5155,5556
5155,5593
5155,5645
5155,5647
5155,5650
5155,5651
5155,5656
5155,5726
5155,5732
5155,5734
5155,5978
5155,6691
5155,10631
5155,19090
5155,27661
5155,27686
5155,32797
5155,38904
5155,54454
5155,54688
5155,60787
5155,60877
5155,62924
5155,64147
5155,65027
5155,74989
5155,83786
5155,87177
5155,104865
5155,125889
5155,131536
5155,148192
5155,213039
5155,4475485
5155,5353980
5155,5381226
5155,5481350
5155,6398525
5184,5203
5184,5379
5184,5391
5184,5487
5184,5514
5184,5538
5184,5544
5184,5645
5184,5651
5184,5656
5184,5732
5184,5735
5184,8953
5184,32797
5184,54454
5184,54547
5184,59708
5184,60147
5184,60164
5184,62924
5184,83786
5184,87177
5184,123620
5184,3002190
5184,3468412
5184,4475485
5184,5311048
5184,5311297
5184,5487301
5184,6398525
5195,5212
5195,5391
5195,5514
5195,5572
5195,5647
5195,5650
5195,5732
5195,5734
5195,5735
5195,6691
5195,28112
5195,41781
5195,54454
5195,57537
5195,60147
5195,60795
5195,60835
5195,60854
5195,62924
5195,125889
5195,150311
5195,4475485
5195,4659568
5195,5311297
5203,5206
5203,5210
5203,5212
5203,5234
5203,5245
5203,5253
5203,5267
5203,5291
5203,5352
5203,5358
5203,5372
5203,5376
5203,5379
5203,5391
5203,5394
5203,5401
5203,5402
5203,5408
5203,5412
5203,5426
5203,5453
5203,5454
5203,5466
5203,5472
5203,5478
5203,5487
5203,5496
5203,5512
5203,5514
5203,5523
5203,5533
5203,5538
5203,5544
5203,5556
5203,5572
5203,5578
5203,5584
5203,5596
5203,5645
5203,5647
5203,5650
5203,5651
5203,5656
5203,5672
5203,5717
5203,5719
5203,5726
5203,5731
5203,5732
5203,5734
5203,5735
5203,5878
5203,5978
5203,6691
5203,8953
5203,9052
5203,10631
5203,12536
5203,14888
5203,16231
5203,19090
5203,24486
5203,27661
5203,27686
5203,27991
5203,28112
5203,32797
5203,34312
5203,38904
5203,41317
5203,41774
5203,41781
5203,47725
5203,48175
5203,54374
5203,54454
5203,54688
5203,54786
5203,54808
5203,54841
5203,56959
5203,57537
5203,59708
5203,60147
5203,60184
5203,60198
5203,60754
5203,60795
5203,60831
5203,60835
5203,60843
5203,60852
5203,60854
5203,60865
5203,60953
5203,62924
5203,64147
5203,65999
5203,68740
5203,68844
5203,71158
5203,71329
5203,71616
5203,72054
5203,72467
5203,74989
5203,77992
5203,77993
5203,77999
5203,83786
5203,87177
5203,91270
5203,93860
5203,104741
5203,104865
5203,110634
5203,110635
5203,115237
5203,119607
5203,122316
5203,123606
5203,123620
5203,123631
5203,124087
5203,125017
5203,125889
5203,130881
5203,148192
5203,148211
5203,150311
5203,151165
5203,152945
5203,154059
5203,156419
5203,160051
5203,163742
5203,170361
5203,176168
5203,176870
5203,197712
5203,213039
5203,216239
5203,216326
5203,443871
5203,504578
5203,508230
5203,667490
5203,1349907
5203,3002190
5203,3062316
5203,3081884
5203,3085017
5203,3468412
5203,4183806
5203,4475485
5203,4479097
5203,4659568
5203,5281104
5203,5282226
5203,5311027
5203,5311048
5203,5311181
5203,5311297
5203,5329102
5203,5353980
5203,5362070
5203,5381226
5203,5481350
5203,5487301
5203,5493381
5203,5493444
5203,6398525
5203,6398970
5203,6436173
5203,6447131
5203,6918453
5206,5212
5206,5234
5206,5267
5206,5372
5206,5391
5206,5556
5206,5650
5206,5651
5206,5732
5206,5734
5206,5771
5206,6691
5206,8953
5206,9433
5206,24486
5206,36339
5206,39765
5206,41693
5206,42113
5206,47320
5206,54454
5206,60696
5206,60815
5206,62924
5206,71273
5206,87177
5210,5358
5210,5426
5210,5512
5210,5514
5210,5523
5210,5544
5210,5647
5210,5650
5210,5656
5210,5731
5210,5732
5210,5734
5210,6691
5210,27661
5210,32797
5210,54454
5210,60835
5210,77999
5210,83786
5210,119607
5210,123620
5210,124087
5210,130881
5210,150311
5210,5311297
5212,5234
5212,5245
5212,5253
5212,5267
5212,5291
5212,5358
5212,5372
5212,5379
5212,5391
5212,5401
5212,5402
5212,5408
5212,5412
5212,5426
5212,5466
5212,5478
5212,5487
5212,5512
5212,5514
5212,5523
5212,5533
5212,5538
5212,5544
5212,5556
5212,5572
5212,5645
5212,5647
5212,5650
5212,5651
5212,5656
5212,5719
5212,5726
5212,5731
5212,5732
5212,5735
5212,5878
5212,6691
5212,9052
5212,16231
5212,19090
5212,24011
5212,24486
5212,27661
5212,28112
5212,32797
5212,34312
5212,38904
5212,39765
5212,41774
5212,41781
5212,47320
5212,47725
5212,54454
5212,54688
5212,54786
5212,54841
5212,57469
5212,59708
5212,60147
5212,60184
5212,60787
5212,60795
5212,60831
5212,60835
5212,60852
5212,60854
5212,62924
5212,64147
5212,65999
5212,68740
5212,71158
5212,71329
5212,77999
5212,83786
5212,87177
5212,91270
5212,104865
5212,110634
5212,110635
5212,115237
5212,119607
5212,122316
5212,123620
5212,124087
5212,125889
5212,130881
5212,145068
5212,148192
5212,150310
5212,150311
5212,152945
5212,154059
5212,160051
5212,170361
5212,197712
5212,213039
5212,216239
5212,216326
5212,443871
5212,504578
5212,667490
5212,3081884
5212,3468412
5212,4183806
5212,4475485
5212,4659568
5212,5282226
5212,5311027
5212,5311048
5212,5311181
5212,5311297
5212,5353980
5212,5381226
5212,5481350
5212,6398525
5215,5234
5215,5544
5215,5726
5215,19090
5215,54454
5215,54688
5215,59708
5215,148192
5215,5481350
5234,5245
5234,5267
5234,5372
5234,5379
5234,5391
5234,5394
5234,5426
5234,5478
5234,5496
5234,5512
5234,5514
5234,5523
5234,5544
5234,5578
5234,5645
5234,5647
5234,5650
5234,5651
5234,5656
5234,5672
5234,5719
5234,5726
5234,5732
5234,5771
5234,5878
5234,5978
5234,6691
5234,8953
5234,9433
5234,19090
5234,24011
5234,24486
5234,27661
5234,27991
5234,28112
5234,34312
5234,36339
5234,36811
5234,38904
5234,39765
5234,41693
5234,41774
5234,41781
5234,47725
5234,51263
5234,54374
5234,54454
5234,54688
5234,54786
5234,59708
5234,60147
5234,60612
5234,60696
5234,60831
5234,60835
5234,62924
5234,64147
5234,68740
5234,71616
5234,74989
5234,77999
5234,83786
5234,87177
5234,93860
5234,104865
5234,123620
5234,123631
5234,124087
5234,125889
5234,130881
5234,147912
5234,148211
5234,150311
5234,151165
5234,163742
5234,170361
5234,197712
5234,216326
5234,3002190
5234,3085017
5234,3468412
5234,4183806
5234,4475485
5234,5281007
5234,5311048
5234,5311082
5234,5311297
5234,5329102
5234,5381226
5234,5481350
5234,5487301
5234,6398525
5245,5253
5245,5267
5245,5291
5245,5352
5245,5358
5245,5372
5245,5376
5245,5379
5245,5391
5245,5394
5245,5401
5245,5402
5245,5408
5245,5426
5245,5466
5245,5478
5245,5487
5245,5512
5245,5514
5245,5523
5245,5525
5245,5533
5245,5538
5245,5544
5245,5556
5245,5578
5245,5584
5245,5596
5245,5645
5245,5647
5245,5650
5245,5651
5245,5656
5245,5717
5245,5719
5245,5732
5245,5734
5245,5735
5245,5978
5245,6691
5245,8953
5245,9052
5245,10631
5245,16231
5245,19090
5245,24011
5245,24486
5245,27661
5245,27686
5245,28112
5245,32797
5245,34312
5245,38904
5245,41774
5245,41781
5245,47725
5245,54374
5245,54454
5245,54688
5245,54841
5245,57537
5245,59708
5245,60147
5245,60184
5245,60198
5245,60754
5245,60795
5245,60831
5245,60835
5245,60852
5245,60865
5245,60871
5245,60953
5245,62924
5245,64147
5245,65999
5245,68740
5245,68844
5245,71329
5245,72054
5245,77999
5245,83786
5245,87177
5245,93860
5245,104741
5245,104865
5245,110635
5245,119607
5245,123606
5245,123620
5245,123631
5245,124087
5245,125889
5245,130881
5245,148192
5245,148211
5245,150310
5245,150311
5245,151165
5245,152945
5245,154059
5245,156419
5245,160051
5245,163742
5245,170361
5245,176870
5245,197712
5245,216239
5245,216326
5245,443871
5245,508230
5245,667490
5245,1349907
5245,3002190
5245,3062316
5245,3085017
5245,3468412
5245,4183806
5245,4475485
5245,4659568
5245,5281104
5245,5282226
5245,5311027
5245,5311048
5245,5311181
5245,5311297
5245,5329102
5245,5353980
5245,5362420
5245,5381226
5245,5481350
5245,5487301
5245,5493381
5245,5493444
5245,6398525
5245,6398970
5245,6918453
5253,5267
5253,5391
5253,5401
5253,5426
5253,5512
5253,5650
5253,5651
5253,5656
5253,5732
5253,5735
5253,6691
5253,9052
5253,19090
5253,27661
5253,38904
5253,41781
5253,54454
5253,54688
5253,60147
5253,60184
5253,60831
5253,60835
5253,60852
5253,62924
5253,65999
5253,68740
5253,71329
5253,77999
5253,83786
5253,119607
5253,123620
5253,123631
5253,125889
5253,130881
5253,150311
5253,152945
5253,197712
5253,216239
5253,4475485
5253,5311048
5253,5311297
5253,5353980
5253,5487301
5253,5493444
5267,5291
5267,5352
5267,5358
5267,5372
5267,5376
5267,5379
5267,5391
5267,5401
5267,5402
5267,5408
5267,5412
5267,5426
5267,5472
5267,5478
5267,5486
5267,5487
5267,5496
5267,5505
5267,5512
5267,5514
5267,5515
5267,5523
5267,5525
5267,5530
5267,5533
5267,5538
5267,5544
5267,5556
5267,5578
5267,5645
5267,5647
5267,5650
5267,5651
5267,5656
5267,5672
5267,5717
5267,5719
5267,5726
5267,5732
5267,5734
5267,5735
5267,5746
5267,5978
5267,6691
5267,8953
5267,9052
5267,9433
5267,10631
5267,14888
5267,16231
5267,19090
5267,24011
5267,24486
5267,27661
5267,28112
5267,32797
5267,34312
5267,36339
5267,36811
5267,38904
5267,39765
5267,41693
5267,41774
5267,41781
5267,47725
5267,54374
5267,54454
5267,54688
5267,54786
5267,54841
5267,56959
5267,57469
5267,59708
5267,60147
5267,60184
5267,60198
5267,60696
5267,60795
5267,60831
5267,60835
5267,60852
5267,60854
5267,60865
5267,60871
5267,60953
5267,62924
5267,64147
5267,65999
5267,68740
5267,71329
5267,71616
5267,74989
5267,77999
5267,83786
5267,87177
5267,91270
5267,93860
5267,104741
5267,104865
5267,110634
5267,110635
5267,119607
5267,123620
5267,123631
5267,124087
5267,125017
5267,125889
5267,130881
5267,148192
5267,148211
5267,150310
5267,150311
5267,152945
5267,153941
5267,154059
5267,160051
5267,163742
5267,170361
5267,176870
5267,197712
5267,213039
5267,216239
5267,216326
5267,443871
5267,504578
5267,667490
5267,3002190
5267,3062316
5267,3085017
5267,3468412
5267,4183806
5267,4475485
5267,4659568
5267,5281104
5267,5311027
5267,5311039
5267,5311048
5267,5311181
5267,5311297
5267,5329102
5267,5353980
5267,5362420
5267,5381226
5267,5481350
5267,5487301
5267,5493381
5267,5493444
5267,6398525
5267,6398970
5267,6436173
5267,6447131
5291,5372
5291,5376
5291,5391
5291,5394
5291,5401
5291,5426
5291,5478
5291,5512
5291,5514
5291,5544
5291,5556
5291,5645
5291,5647
5291,5650
5291,5651
5291,5656
5291,5672
5291,5732
5291,5735
5291,5978
5291,6691
5291,9052
5291,19090
5291,27661
5291,34312
5291,38904
5291,41781
5291,54454
5291,54688
5291,59708
5291,60147
5291,60184
5291,60831
5291,60835
5291,60953
5291,62924
5291,65999
5291,68740
5291,71616
5291,72467
5291,77999
5291,83786
5291,87177
5291,104865
5291,123620
5291,124087
5291,125889
5291,130881
5291,147912
5291,150311
5291,667490
5291,3062316
5291,3468412
5291,4475485
5291,5311048
5291,5311297
5291,5329102
5291,6398525
5297,5651
5297,5726
5297,54688
5297,5381226
5352,5358
5352,5372
5352,5376
5352,5391
5352,5487
5352,5512
5352,5514
5352,5523
5352,5544
5352,5556
5352,5647
5352,5650
5352,5656
5352,5732
5352,5735
5352,6691
5352,10631
5352,27661
5352,28112
5352,54454
5352,60147
5352,60831
5352,60835
5352,62924
5352,77999
5352,83786
5352,93860
5352,104865
5352,110635
5352,119607
5352,124087
5352,125889
5352,150311
5352,170361
5352,4183806
5352,4475485
5352,5311297
5352,5353980
5352,6398525
5358,5372
5358,5376
5358,5391
5358,5402
5358,5408
5358,5412
5358,5466
5358,5478
5358,5487
5358,5512
5358,5514
5358,5523
5358,5533
5358,5538
5358,5544
5358,5647
5358,5650
5358,5656
5358,5717
5358,5719
5358,5731
5358,5732
5358,5734
5358,5735
5358,6691
5358,10631
5358,19090
5358,27661
5358,27686
5358,28112
5358,34312
5358,38904
5358,54454
5358,54688
5358,54841
5358,59708
5358,60795
5358,60831
5358,60835
5358,60852
5358,60854
5358,60953
5358,62924
5358,68740
5358,72938
5358,77992
5358,77993
5358,77999
5358,83786
5358,87177
5358,104865
5358,119607
5358,123606
5358,123620
5358,124087
5358,125889
5358,130881
5358,150311
5358,154059
5358,160051
5358,163742
5358,170361
5358,443871
5358,3002190
5358,3081884
5358,3468412
5358,4475485
5358,5311297
5358,5353980
5358,5362070
5358,5487301
5358,6398525
5358,6398970
5372,5379
5372,5381
5372,5391
5372,5401
5372,5402
5372,5408
5372,5412
5372,5426
5372,5453
5372,5496
5372,5512
5372,5514
5372,5523
5372,5538
5372,5544
5372,5556
5372,5578
5372,5645
5372,5647
5372,5650
5372,5651
5372,5656
5372,5726
5372,5731
5372,5732
5372,5735
5372,5978
5372,6691
5372,8953
5372,9052
5372,10631
5372,12536
5372,19090
5372,24011
5372,24486
5372,27661
5372,32797
5372,36339
5372,38904
5372,39765
5372,41317
5372,41693
5372,41774
5372,41781
5372,47320
5372,48175
5372,51263
5372,54374
5372,54454
5372,54688
5372,59708
5372,60147
5372,60184
5372,60612
5372,60754
5372,60795
5372,60831
5372,60835
5372,60871
5372,60953
5372,62924
5372,64147
5372,65999
5372,68740
5372,71616
5372,74989
5372,77993
5372,77999
5372,83786
5372,87177
5372,93860
5372,104865
5372,110634
5372,110635
5372,119182
5372,119607
5372,123620
5372,124087
5372,125889
5372,130881
5372,147912
5372,148192
5372,150311
5372,152945
5372,153941
5372,156419
5372,163742
5372,197712
5372,216326
5372,443871
5372,444013
5372,504578
5372,508230
5372,3062316
5372,3085017
5372,3468412
5372,4183806
5372,4475485
5372,5281104
5372,5311039
5372,5311048
5372,5311181
5372,5311297
5372,5353980
5372,5381226
5372,5481350
5372,5487301
5372,5493381
5372,6398525
5372,6398970
5372,6447131
5376,5379
5376,5391
5376,5394
5376,5426
5376,5453
5376,5478
5376,5512
5376,5514
5376,5523
5376,5533
5376,5544
5376,5556
5376,5584
5376,5596
5376,5645
5376,5647
5376,5650
5376,5651
5376,5656
5376,5672
5376,5732
5376,5746
5376,5978
5376,6691
5376,10631
5376,19090
5376,24486
5376,27661
5376,38904
5376,41317
5376,41774
5376,41781
5376,47725
5376,54454
5376,54688
5376,54841
5376,60184
5376,60198
5376,60795
5376,60831
5376,60835
5376,60852
5376,60953
5376,62924
5376,68740
5376,77999
5376,83786
5376,104741
5376,119607
5376,123620
5376,123631
5376,124087
5376,125889
5376,130881
5376,150311
5376,152945
5376,170361
5376,216326
5376,1349907
5376,3081884
5376,3085017
5376,3468412
5376,4183806
5376,4475485
5376,4659568
5376,5281007
5376,5311048
5376,5311297
5376,6398525
5379,5391
5379,5401
5379,5402
5379,5408
5379,5426
5379,5478
5379,5487
5379,5496
5379,5512
5379,5514
5379,5523
5379,5533
5379,5538
5379,5544
5379,5645
5379,5647
5379,5650
5379,5651
5379,5656
5379,5717
5379,5719
5379,5731
5379,5732
5379,5735
5379,5978
5379,6691
5379,10631
5379,19090
5379,27661
5379,32797
5379,34312
5379,36339
5379,38904
5379,41774
5379,41781
5379,54454
5379,54547
5379,54688
5379,60147
5379,60164
5379,60696
5379,60795
5379,60831
5379,60835
5379,60854
5379,62924
5379,65999
5379,71616
5379,77999
5379,83786
5379,87177
5379,93860
5379,104865
5379,119607
5379,123620
5379,124087
5379,125889
5379,130881
5379,150311
5379,3002190
5379,3085017
5379,3468412
5379,4475485
5379,5311027
5379,5311048
5379,5311297
5379,5381226
5379,6398525
5379,6447131
5381,5538
5381,32797
5381,48175
5381,60164
5381,60835
5381,62924
5381,5311297
5391,5394
5391,5401
5391,5402
5391,5408
5391,5412
5391,5426
5391,5454
5391,5466
5391,5472
5391,5478
5391,5487
5391,5496
5391,5512
5391,5514
5391,5523
5391,5530
5391,5533
5391,5538
5391,5544
5391,5556
5391,5578
5391,5584
5391,5645
5391,5647
5391,5650
5391,5651
5391,5656
5391,5672
5391,5717
5391,5719
5391,5726
5391,5732
5391,5734
5391,5735
5391,5746
5391,5978
5391,6691
5391,8953
5391,10631
5391,19090
5391,24486
5391,27661
5391,28112
5391,32797
5391,34312
5391,36339
5391,38904
5391,41774
5391,41781
5391,54374
5391,54454
5391,54688
5391,54841
5391,56959
5391,57469
5391,59708
5391,60147
5391,60164
5391,60184
5391,60198
5391,60787
5391,60795
5391,60831
5391,60835
5391,60852
5391,60854
5391,60865
5391,60877
5391,60953
5391,62924
5391,64147
5391,65999
5391,68740
5391,68844
5391,71329
5391,72054
5391,74989
5391,77993
5391,77999
5391,83786
5391,87177
5391,91270
5391,93860
5391,104741
5391,104865
5391,110634
5391,110635
5391,115237
5391,119607
5391,122316
5391,123606
5391,123620
5391,123631
5391,124087
5391,125017
5391,125889
5391,130881
5391,148192
5391,148211
5391,150311
5391,151165
5391,152945
5391,154059
5391,156419
5391,163742
5391,170361
5391,176168
5391,176870
5391,197712
5391,213039
5391,216239
5391,216326
5391,443871
5391,444013
5391,657298
5391,667490
5391,3002190
5391,3062316
5391,3081884
5391,3085017
5391,3468412
5391,4183806
5391,4475485
5391,4659568
5391,5281007
5391,5281104
5391,5282044
5391,5282226
5391,5311027
5391,5311048
5391,5311082
5391,5311181
5391,5311297
5391,5329102
5391,5353980
5391,5381226
5391,5481350
5391,5487301
5391,5493381
5391,6398525
5391,6398970
5391,6447131
5394,5408
5394,5426
5394,5512
5394,5514
5394,5523
5394,5538
5394,5544
5394,5578
5394,5645
5394,5647
5394,5650
5394,5651
5394,5656
5394,5732
5394,5734
5394,5978
5394,6691
5394,9052
5394,13342
5394,14888
5394,19090
5394,34312
5394,38904
5394,41781
5394,54374
5394,54454
5394,54688
5394,59708
5394,60147
5394,60184
5394,60843
5394,60953
5394,62924
5394,68740
5394,77999
5394,83786
5394,87177
5394,93860
5394,110635
5394,123620
5394,124087
5394,125889
5394,150311
5394,176870
5394,216239
5394,3468412
5394,4475485
5394,5311048
5394,5311297
5394,5329102
5394,6398525
5401,5402
5401,5408
5401,5426
5401,5478
5401,5487
5401,5512
5401,5514
5401,5523
5401,5533
5401,5544
5401,5647
5401,5650
5401,5651
5401,5656
5401,5732
5401,5735
5401,5978
5401,6691
5401,19090
5401,24011
5401,27661
5401,28112
5401,38904
5401,41781
5401,47725
5401,54454
5401,54688
5401,54841
5401,60147
5401,60754
5401,60795
5401,60831
5401,60835
5401,60852
5401,62924
5401,65999
5401,68740
5401,71329
5401,77999
5401,83786
5401,87177
5401,93860
5401,110634
5401,110635
5401,119607
5401,123620
5401,124087
5401,125889
5401,130881
5401,150311
5401,152945
5401,154059
5401,156419
5401,216239
5401,216326
5401,3085017
5401,3468412
5401,4475485
5401,5281104
5401,5311048
5401,5311297
5401,5329102
5401,5481350
5401,5487301
5401,6398525
5402,5408
5402,5487
5402,5512
5402,5514
5402,5523
5402,5533
5402,5544
5402,5556
5402,5572
5402,5645
5402,5647
5402,5650
5402,5651
5402,5656
5402,5732
5402,5735
5402,6691
5402,10631
5402,27661
5402,34312
5402,54454
5402,54688
5402,54841
5402,57469
5402,59708
5402,60147
5402,60184
5402,60795
5402,60831
5402,60835
5402,60854
5402,60865
5402,62924
5402,65999
5402,77999
5402,83786
5402,87177
5402,110634
5402,110635
5402,119607
5402,123620
5402,130881
5402,148192
5402,150311
5402,160051
5402,170361
5402,3002190
5402,3085017
5402,3468412
5402,4475485
5402,4659568
5402,5311039
5402,5311297
5402,5353980
5402,6398970
5408,5426
5408,5487
5408,5512
5408,5514
5408,5523
5408,5544
5408,5645
5408,5647
5408,5650
5408,5651
5408,5656
5408,5719
5408,5726
5408,5732
5408,5735
5408,5878
5408,6691
5408,8953
5408,10631
5408,19090
5408,27661
5408,27991
5408,28112
5408,32797
5408,34312
5408,38904
5408,47725
5408,54374
5408,54454
5408,54688
5408,54841
5408,57469
5408,59708
5408,60147
5408,60754
5408,60787
5408,60795
5408,60831
5408,60835
5408,60852
5408,60854
5408,60877
5408,62924
5408,64147
5408,65999
5408,68740
5408,71616
5408,74989
5408,77999
5408,83786
5408,87177
5408,93860
5408,104865
5408,110634
5408,110635
5408,119607
5408,123620
5408,124087
5408,125017
5408,125889
5408,130881
5408,131536
5408,148192
5408,150311
5408,152945
5408,160051
5408,170361
5408,213039
5408,216239
5408,216326
5408,443871
5408,667490
5408,3085017
5408,3468412
5408,4475485
5408,5311048
5408,5311297
5408,5353980
5408,5481350
5408,5493381
5408,6398525
5412,5487
5412,5512
5412,5514
5412,5523
5412,5538
5412,5544
5412,5647
5412,5650
5412,5656
5412,5717
5412,5732
5412,5735
5412,6691
5412,54454
5412,54688
5412,54841
5412,60147
5412,60164
5412,60795
5412,60831
5412,60835
5412,60865
5412,60953
5412,62924
5412,68740
5412,77993
5412,77999
5412,119607
5412,123620
5412,125889
5412,130881
5412,150311
5412,170361
5412,216239
5412,3002190
5412,3468412
5412,4475485
5412,5311048
5412,5311297
5412,5487301
5412,6447131
5426,5478
5426,5487
5426,5496
5426,5512
5426,5514
5426,5523
5426,5538
5426,5544
5426,5578
5426,5647
5426,5650
5426,5651
5426,5656
5426,5672
5426,5732
5426,5735
5426,5978
5426,6691
5426,8953
5426,9052
5426,10631
5426,14888
5426,19090
5426,27661
5426,28112
5426,32797
5426,34312
5426,38904
5426,47725
5426,54374
5426,54454
5426,54547
5426,54688
5426,59708
5426,60147
5426,60831
5426,60835
5426,60852
5426,60953
5426,62924
5426,65999
5426,68740
5426,71616
5426,77999
5426,83786
5426,87177
5426,93860
5426,119607
5426,123631
5426,124087
5426,125889
5426,130881
5426,148211
5426,150311
5426,152945
5426,163742
5426,176168
5426,216239
5426,216326
5426,443871
5426,3085017
5426,3468412
5426,4475485
5426,5281007
5426,5311048
5426,5311297
5426,5353980
5426,5487301
5426,5493381
5426,6398525
5453,5645
5453,5651
5453,5672
5453,5978
5453,6691
5453,38904
5453,60198
5453,60953
5453,68740
5453,72467
5453,5311048
5454,5514
5454,5572
5454,5650
5454,5656
5454,5732
5454,5735
5454,6691
5454,27661
5454,28112
5454,34312
5454,54454
5454,60795
5454,60835
5454,60854
5454,77999
5454,150311
5454,170361
5466,5487
5466,5514
5466,5523
5466,5533
5466,5656
5466,5719
5466,5732
5466,5734
5466,5735
5466,27661
5466,28112
5466,34312
5466,54454
5466,54841
5466,59708
5466,60147
5466,60795
5466,60835
5466,60852
5466,60854
5466,62924
5466,77999
5466,110634
5466,119607
5466,125889
5466,150311
5466,170361
5466,4475485
5466,4659569
5466,5311297
5466,5381226
5466,5487301
5466,6398525
5472,5486
5472,5512
5472,5533
5472,5556
5472,5650
5472,5656
5472,5732
5472,6691
5472,27661
5472,41774
5472,41781
5472,54454
5472,54688
5472,60184
5472,62924
5472,68740
5472,77999
5472,83786
5472,123620
5472,150311
5472,443871
5472,4475485
5472,5281104
5472,5311297
5472,5487301
5478,5512
5478,5514
5478,5523
5478,5544
5478,5647
5478,5650
5478,5651
5478,5656
5478,5732
5478,5735
5478,6691
5478,10631
5478,19090
5478,27661
5478,34312
5478,38904
5478,41774
5478,41781
5478,54454
5478,54688
5478,54808
5478,59708
5478,60147
5478,60164
5478,60831
5478,60835
5478,62924
5478,65999
5478,68740
5478,68844
5478,77999
5478,83786
5478,87177
5478,93860
5478,110634
5478,110635
5478,119607
5478,123620
5478,123631
5478,125889
5478,130881
5478,150311
5478,152945
5478,154059
5478,170361
5478,176168
5478,197712
5478,4475485
5478,5281007
5478,5282226
5478,5311027
5478,5311048
5478,5311297
5478,5353980
5478,5362420
5478,5487301
5478,6398525
5486,5650
5486,54454
5486,83786
5487,5512
5487,5514
5487,5523
5487,5533
5487,5538
5487,5544
5487,5556
5487,5572
5487,5596
5487,5647
5487,5650
5487,5651
5487,5656
5487,5717
5487,5719
5487,5731
5487,5732
5487,5734
5487,5735
5487,6691
5487,10631
5487,19090
5487,27661
5487,28112
5487,32797
5487,34312
5487,41781
5487,54454
5487,54688
5487,54841
5487,59708
5487,60147
5487,60795
5487,60831
5487,60835
5487,60852
5487,60854
5487,62924
5487,65999
5487,68740
5487,72054
5487,77993
5487,77999
5487,83786
5487,87177
5487,110634
5487,110635
5487,119607
5487,123606
5487,123620
5487,124087
5487,125017
5487,125889
5487,130881
5487,150311
5487,154059
5487,160051
5487,170361
5487,3081884
5487,3468412
5487,4475485
5487,4659568
5487,5311297
5487,5353980
5487,5487301
5487,6398525
5496,5538
5496,5584
5496,5645
5496,5647
5496,5650
5496,5651
5496,5656
5496,5719
5496,5726
5496,5732
5496,5978
5496,6691
5496,8953
5496,9433
5496,10631
5496,24486
5496,38904
5496,39765
5496,41693
5496,54374
5496,54454
5496,54688
5496,59708
5496,60831
5496,60835
5496,62924
5496,71616
5496,83786
5496,87177
5496,93860
5496,104865
5496,123620
5496,124087
5496,125889
5496,145068
5496,147912
5496,148192
5496,152945
5496,216326
5496,3468412
5496,4475485
5496,5311039
5496,5311048
5496,5311297
5496,5381226
5496,5481350
5496,6398970
5505,6691
5505,54454
5505,77999
5505,83786
5512,5514
5512,5523
5512,5533
5512,5544
5512,5556
5512,5572
5512,5578
5512,5596
5512,5645
5512,5647
5512,5650
5512,5651
5512,5656
5512,5672
5512,5717
5512,5719
5512,5731
5512,5732
5512,5734
5512,5735
5512,5878
5512,6691
5512,8953
5512,10631
5512,19090
5512,24486
5512,27661
5512,27991
5512,28112
5512,32797
5512,34312
5512,38904
5512,41781
5512,54454
5512,54688
5512,54841
5512,57537
5512,59708
5512,60147
5512,60184
5512,60198
5512,60795
5512,60831
5512,60835
5512,60843
5512,60852
5512,60854
5512,60865
5512,60953
5512,62924
5512,65999
5512,68740
5512,71616
5512,72054
5512,77993
5512,77999
5512,83786
5512,87177
5512,91270
5512,93860
5512,104865
5512,110634
5512,110635
5512,119607
5512,122316
5512,123620
5512,123631
5512,124087
5512,125017
5512,125889
5512,130881
5512,150311
5512,152945
5512,154059
5512,156419
5512,160051
5512,170361
5512,176870
5512,216239
5512,216326
5512,443871
5512,667490
5512,1349907
5512,3002190
5512,3062316
5512,3081884
5512,3468412
5512,4183806
5512,4475485
5512,4659568
5512,5311027
5512,5311048
5512,5311181
5512,5311297
5512,5329102
5512,5353980
5512,5481350
5512,5487301
5512,5493381
5512,6398525
5512,6447131
5514,5523
5514,5530
5514,5533
5514,5538
5514,5544
5514,5556
5514,5572
5514,5647
5514,5650
5514,5651
5514,5656
5514,5717
5514,5719
5514,5731
5514,5732
5514,5734
5514,5735
5514,5978
5514,6691
5514,8953
5514,10631
5514,24486
5514,27661
5514,27686
5514,28112
5514,34312
5514,38904
5514,41781
5514,51634
5514,54454
5514,54688
5514,54841
5514,56339
5514,57537
5514,59708
5514,60147
5514,60164
5514,60184
5514,60198
5514,60754
5514,60795
5514,60831
5514,60835
5514,60852
5514,60854
5514,60865
5514,62924
5514,65027
5514,65999
5514,68740
5514,71158
5514,72938
5514,74989
5514,77992
5514,77993
5514,77999
5514,83786
5514,87177
5514,91270
5514,104865
5514,110634
5514,110635
5514,115237
5514,119607
5514,123606
5514,123620
5514,124087
5514,125017
5514,125889
5514,130881
5514,148192
5514,150311
5514,152945
5514,154059
5514,160051
5514,163742
5514,170361
5514,216239
5514,443871
5514,444013
5514,667490
5514,1349907
5514,3002190
5514,3081884
5514,3085017
5514,3468412
5514,4183806
5514,4475485
5514,4659568
5514,4659569
5514,5311048
5514,5311181
5514,5311297
5514,5353980
5514,5487301
5514,6398525
5514,6398970
5514,6447131
5515,5556
5515,6691
5515,38904
5515,83786
5515,148211
5515,5311048
5523,5533
5523,5538
5523,5544
5523,5556
5523,5572
5523,5578
5523,5596
5523,5645
5523,5647
5523,5650
5523,5651
5523,5656
5523,5717
5523,5719
5523,5731
5523,5732
5523,5734
5523,5735
5523,5878
5523,5978
5523,6691
5523,10631
5523,12536
5523,16231
5523,19090
5523,24486
5523,27661
5523,27686
5523,28112
5523,32797
5523,34312
5523,38904
5523,41781
5523,54374
5523,54454
5523,54688
5523,54786
5523,54808
5523,54841
5523,59708
5523,60147
5523,60198
5523,60795
5523,60831
5523,60835
5523,60852
5523,60854
5523,60865
5523,62924
5523,64147
5523,65999
5523,68740
5523,72054
5523,74989
5523,77993
5523,77999
5523,83786
5523,87177
5523,91270
5523,93860
5523,104865
5523,110634
5523,110635
5523,119607
5523,123606
5523,123620
5523,124087
5523,125889
5523,130881
5523,148192
5523,150311
5523,152945
5523,154059
5523,160051
5523,170361
5523,216239
5523,216326
5523,443871
5523,3081884
5523,3085017
5523,3468412
5523,4183806
5523,4475485
5523,5282226
5523,5311027
5523,5311048
5523,5311181
5523,5311297
5523,5329102
5523,5353980
5523,5381226
5523,5487301
5523,6398525
5523,6398970
5525,5650
5525,5732
5525,6691
5525,27661
5525,54454
5525,77999
5525,83786
5525,150311
5525,5311297
5530,5732
5530,28112
5530,34312
5530,60795
5530,60854
5530,62924
5533,5544
5533,5556
5533,5647
5533,5650
5533,5651
5533,5656
5533,5719
5533,5726
5533,5732
5533,5734
5533,5735
5533,6691
5533,9433
5533,10631
5533,19090
5533,27661
5533,28112
5533,34312
5533,38904
5533,41781
5533,54454
5533,54688
5533,54841
5533,59708
5533,60147
5533,60198
5533,60795
5533,60831
5533,60835
5533,60854
5533,60865
5533,62924
5533,64147
5533,68740
5533,71616
5533,77993
5533,77999
5533,83786
5533,87177
5533,91270
5533,93860
5533,110634
5533,119607
5533,123606
5533,123620
5533,124087
5533,125889
5533,130881
5533,150311
5533,154059
5533,170361
5533,213039
5533,443871
5533,3468412
5533,4475485
5533,5281104
5533,5282226
5533,5311048
5533,5311297
5533,5353980
5533,5487301
5533,6398525
5538,5544
5538,5578
5538,5647
5538,5650
5538,5651
5538,5656
5538,5717
5538,5719
5538,5731
5538,5732
5538,5735
5538,5978
5538,6691
5538,10631
5538,12536
5538,14888
5538,28112
5538,32797
5538,38904
5538,54454
5538,54688
5538,54841
5538,59708
5538,60147
5538,60164
5538,60795
5538,60835
5538,60852
5538,62924
5538,68740
5538,83786
5538,119607
5538,123620
5538,125889
5538,130881
5538,152945
5538,667490
5538,3468412
5538,4475485
5538,5311048
5538,5311297
5538,5353980
5538,5362070
5538,5473385
5538,5487301
5538,6398970
5538,6447131
5544,5556
5544,5578
5544,5645
5544,5647
5544,5650
5544,5651
5544,5656
5544,5717
5544,5719
5544,5726
5544,5732
5544,5735
5544,5978
5544,6691
5544,8953
5544,10631
5544,12536
5544,19090
5544,24011
5544,24486
5544,27661
5544,27686
5544,28112
5544,32797
5544,34312
5544,38904
5544,41317
5544,41781
5544,48175
5544,54454
5544,54688
5544,54808
5544,54841
5544,59708
5544,60147
5544,60164
5544,60795
5544,60831
5544,60835
5544,60852
5544,60854
5544,60865
5544,62924
5544,65999
5544,68740
5544,68844
5544,71273
5544,72054
5544,74989
5544,77992
5544,77993
5544,77999
5544,83786
5544,87177
5544,91270
5544,104865
5544,110634
5544,110635
5544,119182
5544,119607
5544,123606
5544,123620
5544,124087
5544,125889
5544,130881
5544,148192
5544,148211
5544,150311
5544,152945
5544,154059
5544,156419
5544,160051
5544,170361
5544,176870
5544,213039
5544,216326
5544,508230
5544,3002190
5544,3062316
5544,3081884
5544,3085017
5544,3468412
5544,4183806
5544,4475485
5544,5282226
5544,5311027
5544,5311048
5544,5311181
5544,5311297
5544,5329102
5544,5353980
5544,5362420
5544,5381226
5544,5481350
5544,5487301
5544,6398525
5544,6398970
5544,6447131
5556,5572
5556,5645
5556,5647
5556,5650
5556,5651
5556,5656
5556,5672
5556,5719
5556,5731
5556,5732
5556,5734
5556,5735
5556,6691
5556,10631
5556,19090
5556,27661
5556,28112
5556,38904
5556,39765
5556,41774
5556,41781
5556,47725
5556,54454
5556,54688
5556,60147
5556,60198
5556,60787
5556,60795
5556,60831
5556,60835
5556,60854
5556,62924
5556,65999
5556,68740
5556,71616
5556,77999
5556,83786
5556,87177
5556,93860
5556,119607
5556,123620
5556,123631
5556,125889
5556,130881
5556,150311
5556,152945
5556,154059
5556,170361
5556,216239
5556,443871
5556,3085017
5556,4183806
5556,4475485
5556,5311048
5556,5311297
5556,5353980
5556,5493381
5556,6398525
5572,5645
5572,5650
5572,5656
5572,5732
5572,5734
5572,6691
5572,10631
5572,28112
5572,34312
5572,54454
5572,54688
5572,57537
5572,59708
5572,60147
5572,60795
5572,60854
5572,77999
5572,122316
5572,170361
5572,4475485
5572,4659568
5572,5311297
5578,5650
5578,5651
5578,5656
5578,5726
5578,5732
5578,5978
5578,6691
5578,10631
5578,27661
5578,38904
5578,54454
5578,54688
5578,59708
5578,60184
5578,60787
5578,60795
5578,60831
5578,60835
5578,62924
5578,68740
5578,77999
5578,83786
5578,87177
5578,123620
5578,125889
5578,150311
5578,152945
5578,154059
5578,216326
5578,3468412
5578,4475485
5578,5311039
5578,5311048
5578,5311297
5578,5481350
5578,6398525
5584,5656
5584,5732
5584,6691
5584,28112
5584,34312
5584,41781
5584,54454
5584,60795
5584,60835
5584,62924
5584,119607
5584,125889
5593,6691
5593,54454
5593,83786
5596,5650
5596,5656
5596,5732
5596,6691
5596,27661
5596,27991
5596,54454
5596,60147
5596,60835
5596,60865
5596,62924
5596,65999
5596,77999
5596,83786
5596,123620
5596,125889
5596,150311
5596,154059
5596,5311297
5596,5487301
5645,5647
5645,5650
5645,5651
5645,5656
5645,5726
5645,5732
5645,5735
5645,5978
5645,6691
5645,8953
5645,19090
5645,27661
5645,27686
5645,28112
5645,38904
5645,39765
5645,41774
5645,41781
5645,54374
5645,54454
5645,54688
5645,59708
5645,60147
5645,60612
5645,60787
5645,60795
5645,60831
5645,60843
5645,60871
5645,62924
5645,64147
5645,65999
5645,68740
5645,71616
5645,74989
5645,83786
5645,87177
5645,93860
5645,104865
5645,119182
5645,119607
5645,123631
5645,125889
5645,130881
5645,148192
5645,150310
5645,150311
5645,153941
5645,154059
5645,163742
5645,170361
5645,197712
5645,216239
5645,216326
5645,443871
5645,667490
5645,1349907
5645,3002190
5645,3468412
5645,4183806
5645,4475485
5645,5311048
5645,5311297
5645,5329102
5645,5353980
5645,5381226
5645,5481350
5645,5487301
5645,6398525
5645,6435110
5647,5650
5647,5651
5647,5656
5647,5672
5647,5717
5647,5719
5647,5731
5647,5732
5647,5734
5647,5735
5647,5878
5647,5978
5647,6691
5647,8953
5647,10631
5647,12620
5647,19090
5647,27661
5647,32797
5647,34312
5647,38904
5647,41774
5647,41781
5647,54374
5647,54454
5647,54547
5647,54688
5647,54841
5647,59708
5647,60147
5647,60184
5647,60787
5647,60795
5647,60831
5647,60835
5647,60852
5647,60854
5647,60865
5647,60953
5647,62924
5647,64147
5647,65999
5647,68740
5647,71329
5647,71616
5647,74989
5647,77999
5647,83786
5647,87177
5647,93860
5647,110634
5647,110635
5647,119182
5647,119607
5647,123620
5647,124087
5647,125889
5647,130881
5647,131536
5647,147912
5647,148192
5647,148211
5647,150311
5647,152945
5647,154059
5647,160051
5647,170361
5647,213039
5647,216326
5647,508230
5647,1349907
5647,3062316
5647,3085017
5647,3468412
5647,4183806
5647,4475485
5647,5282226
5647,5311027
5647,5311039
5647,5311048
5647,5311181
5647,5311297
5647,5353980
5647,5381226
5647,5481350
5647,5487301
5647,5493381
5647,6398525
5650,5651
5650,5656
5650,5672
5650,5717
5650,5719
5650,5726
5650,5731
5650,5732
5650,5734
5650,5735
5650,5978
5650,6691
5650,8953
5650,9052
5650,9433
5650,10631
5650,13342
5650,14888
5650,16231
5650,19090
5650,24486
5650,27661
5650,27686
5650,27991
5650,28112
5650,32797
5650,34312
5650,38904
5650,39765
5650,41317
5650,41774
5650,41781
5650,47725
5650,48175
5650,54374
5650,54454
5650,54547
5650,54688
5650,54786
5650,54808
5650,54841
5650,56959
5650,57537
5650,59708
5650,60147
5650,60184
5650,60198
5650,60795
5650,60815
5650,60831
5650,60835
5650,60843
5650,60852
5650,60854
5650,60865
5650,60953
5650,62924
5650,64147
5650,65999
5650,68740
5650,68844
5650,71329
5650,71616
5650,72054
5650,72938
5650,77993
5650,77999
5650,83786
5650,87177
5650,91270
5650,93860
5650,104741
5650,104865
5650,110634
5650,110635
5650,119607
5650,123606
5650,123620
5650,123631
5650,124087
5650,125017
5650,125889
5650,130881
5650,148192
5650,148211
5650,150310
5650,150311
5650,151165
5650,152945
5650,154059
5650,156419
5650,160051
5650,163742
5650,170361
5650,176168
5650,176870
5650,197712
5650,216239
5650,216326
5650,443871
5650,444033
5650,508230
5650,667490
5650,1349907
5650,3002190
5650,3062316
5650,3081884
5650,3085017
5650,3468412
5650,4183806
5650,4475485
5650,4659568
5650,5281007
5650,5281104
5650,5282226
5650,5311027
5650,5311048
5650,5311082
5650,5311181
5650,5311297
5650,5329102
5650,5353980
5650,5362420
5650,5381226
5650,5481350
5650,5487301
5650,5493381
5650,5493444
5650,6398525
5650,6398970
5650,6447131
5650,6918453
5651,5656
5651,5672
5651,5726
5651,5732
5651,5734
5651,5735
5651,5978
5651,6691
5651,8953
5651,9052
5651,9433
5651,10631
5651,14888
5651,16231
5651,19090
5651,24486
5651,27661
5651,28112
5651,32797
5651,34312
5651,36339
5651,36811
5651,38904
5651,39765
5651,41317
5651,41693
5651,41781
5651,47320
5651,51263
5651,54374
5651,54454
5651,54688
5651,56339
5651,59708
5651,60147
5651,60612
5651,60696
5651,60754
5651,60787
5651,60795
5651,60831
5651,60835
5651,60843
5651,60852
5651,60854
5651,62924
5651,64147
5651,65999
5651,68740
5651,71616
5651,72467
5651,74989
5651,77999
5651,83786
5651,87177
5651,93860
5651,104865
5651,119182
5651,123620
5651,123631
5651,124087
5651,125889
5651,130881
5651,145068
5651,147912
5651,148192
5651,148211
5651,150311
5651,150610
5651,151165
5651,156419
5651,163742
5651,170361
5651,176870
5651,197712
5651,213039
5651,216239
5651,216326
5651,443871
5651,444013
5651,504578
5651,508230
5651,667490
5651,3002190
5651,3062316
5651,3085017
5651,3468412
5651,4183806
5651,4475485
5651,5281007
5651,5281104
5651,5282044
5651,5311027
5651,5311039
5651,5311048
5651,5311297
5651,5329102
5651,5381226
5651,5481350
5651,5487301
5651,5493381
5651,6398525
5651,6398970
5651,6436173
5656,5672
5656,5717
5656,5719
5656,5726
5656,5731
5656,5732
5656,5734
5656,5735
5656,5878
5656,5978
5656,6691
5656,9052
5656,10631
5656,12536
5656,16231
5656,19090
5656,24011
5656,24486
5656,27661
5656,27991
5656,28112
5656,32797
5656,34312
5656,38904
5656,40976
5656,41317
5656,41774
5656,41781
5656,47725
5656,54454
5656,54688
5656,54786
5656,54808
5656,54841
5656,57469
5656,57537
5656,59708
5656,60147
5656,60164
5656,60184
5656,60198
5656,60754
5656,60795
5656,60831
5656,60835
5656,60843
5656,60852
5656,60854
5656,60865
5656,60953
5656,62924
5656,65999
5656,68740
5656,68844
5656,71158
5656,71329
5656,72054
5656,72467
5656,74989
5656,77993
5656,77999
5656,83786
5656,87177
5656,91270
5656,93860
5656,104741
5656,104865
5656,110634
5656,110635
5656,115237
5656,119607
5656,123606
5656,123620
5656,124087
5656,125017
5656,125889
5656,130881
5656,131536
5656,147912
5656,148192
5656,148211
5656,150311
5656,151165
5656,152945
5656,154059
5656,160051
5656,163742
5656,170361
5656,176870
5656,197712
5656,213039
5656,216239
5656,216326
5656,443871
5656,667490
5656,1349907
5656,3002190
5656,3062316
5656,3081884
5656,3085017
5656,3468412
5656,4183806
5656,4475485
5656,4659568
5656,4659569
5656,5281104
5656,5282226
5656,5311027
5656,5311048
5656,5311181
5656,5311297
5656,5329102
5656,5353980
5656,5381226
5656,5481350
5656,5487301
5656,5493381
5656,5493444
5656,6398525
5656,6398970
5656,6436173
5656,6447131
5672,5732
5672,5746
5672,5978
5672,6691
5672,19090
5672,27661
5672,38904
5672,41781
5672,47725
5672,54454
5672,54688
5672,60198
5672,60831
5672,60835
5672,60843
5672,60953
5672,62924
5672,68740
5672,72467
5672,83786
5672,87177
5672,93860
5672,104741
5672,123631
5672,124087
5672,125889
5672,148211
5672,151165
5672,176870
5672,3468412
5672,4183806
5672,4475485
5672,5311048
5672,5311297
5717,5732
5717,5735
5717,6691
5717,10631
5717,27661
5717,27686
5717,32797
5717,54454
5717,54688
5717,54841
5717,60147
5717,60831
5717,60835
5717,60854
5717,62924
5717,77999
5717,83786
5717,119607
5717,123620
5717,124087
5717,125889
5717,130881
5717,160051
5717,170361
5717,3002190
5717,3468412
5717,4475485
5717,5311297
5717,5487301
5717,6398525
5719,5731
5719,5732
5719,5735
5719,6691
5719,10631
5719,27661
5719,28112
5719,32797
5719,34312
5719,41781
5719,54454
5719,54688
5719,54841
5719,59708
5719,60147
5719,60795
5719,60831
5719,60835
5719,60854
5719,60865
5719,62924
5719,68740
5719,72054
5719,77999
5719,87177
5719,119607
5719,123620
5719,124087
5719,125889
5719,130881
5719,150311
5719,154059
5719,170361
5719,443871
5719,3468412
5719,4475485
5719,5311297
5719,5487301
5719,6398525
5721,54688
5721,5311297
5726,5732
5726,5734
5726,5771
5726,5878
5726,5978
5726,6691
5726,10631
5726,19090
5726,28112
5726,54454
5726,54688
5726,60787
5726,60877
5726,62924
5726,65027
5726,74989
5726,83786
5726,125889
5726,131536
5726,148192
5726,150311
5726,153941
5726,213039
5726,3468412
5726,4475485
5726,5311027
5726,5381226
5726,5481350
5731,5732
5731,5734
5731,5735
5731,6691
5731,10631
5731,54454
5731,60164
5731,60831
5731,60835
5731,60852
5731,62924
5731,77992
5731,77993
5731,87177
5731,119607
5731,123606
5731,123620
5731,124087
5731,125889
5731,150311
5731,170361
5731,4475485
5731,5311297
5731,5487301
5731,6447131
5732,5734
5732,5771
5732,5878
5732,5978
5732,6691
5732,8953
5732,9052
5732,10631
5732,12536
5732,14888
5732,16231
5732,19090
5732,24011
5732,24486
5732,27661
5732,27686
5732,27991
5732,28112
5732,32797
5732,34312
5732,36339
5732,38904
5732,39765
5732,41317
5732,41774
5732,41781
5732,47725
5732,48175
5732,54374
5732,54454
5732,54547
5732,54688
5732,54786
5732,54808
5732,54841
5732,56339
5732,56959
5732,57469
5732,57537
5732,59708
5732,60147
5732,60184
5732,60198
5732,60696
5732,60754
5732,60787
5732,60795
5732,60831
5732,60835
5732,60843
5732,60852
5732,60854
5732,60865
5732,60871
5732,60877
5732,60953
5732,62924
5732,64147
5732,65027
5732,65999
5732,68740
5732,71158
5732,71329
5732,71616
5732,72054
5732,72938
5732,74989
5732,77993
5732,77999
5732,83786
5732,87177
5732,91270
5732,93860
5732,104741
5732,104865
5732,110634
5732,110635
5732,115237
5732,119182
5732,119607
5732,122316
5732,123606
5732,123620
5732,123631
5732,124087
5732,125017
5732,125889
5732,130881
5732,131536
5732,147912
5732,148192
5732,148211
5732,150310
5732,150311
5732,150610
5732,151165
5732,152945
5732,154059
5732,156419
5732,160051
5732,163742
5732,170361
5732,176168
5732,176870
5732,197712
5732,213039
5732,216239
5732,216326
5732,443871
5732,444013
5732,504578
5732,508230
5732,657298
5732,667490
5732,1349907
5732,3002190
5732,3062316
5732,3081884
5732,3085017
5732,3468412
5732,4183806
5732,4475485
5732,4659568
5732,4659569
5732,5281007
5732,5281104
5732,5282226
5732,5311027
5732,5311039
5732,5311048
5732,5311082
5732,5311181
5732,5311297
5732,5329102
5732,5353980
5732,5362070
5732,5381226
5732,5481350
5732,5487301
5732,5493381
5732,5493444
5732,6398525
5732,6398970
5732,6447131
5734,5735
5734,6691
5734,10631
5734,28112
5734,34312
5734,39765
5734,54454
5734,54688
5734,59708
5734,60147
5734,60795
5734,60835
5734,60854
5734,62924
5734,65999
5734,68740
5734,83786
5734,87177
5734,119607
5734,123620
5734,125889
5734,150311
5734,170361
5734,4475485
5734,5311297
5734,5481350
5734,5487301
5734,6398525
5734,6398970
5735,6691
5735,8953
5735,10631
5735,19090
5735,24486
5735,27661
5735,28112
5735,34312
5735,38904
5735,41781
5735,54454
5735,54688
5735,54841
5735,57537
5735,59708
5735,60147
5735,60795
5735,60831
5735,60835
5735,60852
5735,60854
5735,60953
5735,62924
5735,64147
5735,65999
5735,68740
5735,71329
5735,77993
5735,77999
5735,83786
5735,87177
5735,93860
5735,110634
5735,115237
5735,119607
5735,123606
5735,123620
5735,124087
5735,125017
5735,125889
5735,130881
5735,131536
5735,148211
5735,150311
5735,151165
5735,152945
5735,154059
5735,156419
5735,160051
5735,170361
5735,213039
5735,216239
5735,216326
5735,443871
5735,3002190
5735,3081884
5735,3085017
5735,3468412
5735,4475485
5735,4659568
5735,5282226
5735,5311027
5735,5311048
5735,5311297
5735,5353980
5735,5481350
5735,5487301
5735,6398525
5735,6447131
5746,5978
5746,6691
5746,38904
5746,54374
5746,54454
5746,60184
5746,60953
5746,68740
5746,87177
5746,104741
5746,123631
5746,3468412
5746,5311048
5771,6691
5771,36339
5771,39765
5771,47320
5771,51263
5771,148192
5771,4183806
5878,6691
5878,19090
5878,38904
5878,54454
5878,60147
5878,60787
5878,62924
5878,64147
5878,74989
5878,77999
5878,110635
5878,148192
5878,148211
5878,150311
5878,213039
5878,4475485
5878,5481350
5978,6691
5978,8953
5978,13342
5978,14888
5978,19090
5978,24486
5978,27661
5978,38904
5978,41781
5978,54454
5978,54688
5978,59708
5978,60147
5978,60184
5978,60754
5978,60787
5978,60831
5978,62924
5978,65999
5978,68740
5978,71616
5978,72467
5978,77999
5978,83786
5978,87177
5978,93860
5978,123631
5978,125889
5978,147912
5978,148211
5978,150311
5978,151165
5978,152945
5978,216326
5978,444013
5978,667490
5978,3062316
5978,3085017
5978,3468412
5978,4475485
5978,5281007
5978,5311039
5978,5311048
5978,5311297
5978,5353980
5978,5473385
5978,5481350
5978,6398525
6691,8953
6691,9052
6691,9433
6691,10631
6691,12536
6691,13342
6691,14888
6691,16231
6691,19090
6691,24011
6691,24486
6691,27661
6691,27686
6691,28112
6691,32797
6691,34312
6691,36339
6691,38904
6691,39765
6691,41317
6691,41774
6691,41781
6691,47320
6691,47725
6691,48175
6691,54374
6691,54454
6691,54547
6691,54688
6691,54786
6691,54808
6691,54841
6691,56339
6691,56959
6691,57469
6691,57537
6691,59708
6691,60147
6691,60184
6691,60198
6691,60612
6691,60754
6691,60787
6691,60795
6691,60831
6691,60835
6691,60843
6691,60852
6691,60854
6691,60865
6691,60871
6691,60877
6691,60953
6691,62924
6691,64147
6691,65999
6691,68740
6691,68844
6691,71158
6691,71329
6691,71616
6691,72054
6691,72467
6691,72938
6691,77993
6691,77999
6691,82146
6691,83786
6691,87177
6691,91270
6691,93860
6691,104741
6691,104865
6691,110634
6691,110635
6691,115237
6691,119607
6691,122316
6691,123620
6691,123631
6691,124087
6691,125017
6691,125889
6691,130881
6691,148192
6691,148211
6691,150310
6691,150311
6691,150610
6691,151165
6691,152945
6691,154059
6691,156419
6691,160051
6691,163742
6691,170361
6691,176168
6691,176870
6691,197712
6691,213039
6691,216239
6691,216326
6691,443871
6691,444013
6691,504578
6691,508230
6691,657298
6691,667490
6691,1349907
6691,3002190
6691,3062316
6691,3081884
6691,3085017
6691,3468412
6691,4183806
6691,4475485
6691,4659568
6691,5281007
6691,5281104
6691,5282044
6691,5282226
6691,5311027
6691,5311039
6691,5311048
6691,5311082
6691,5311181
6691,5311297
6691,5329102
6691,5353980
6691,5362070
6691,5362420
6691,5381226
6691,5481350
6691,5487301
6691,5493381
6691,5493444
6691,6398525
6691,6398970
6691,6436173
6691,6447131
6691,6918453
8953,9433
8953,10631
8953,19090
8953,24486
8953,27661
8953,36339
8953,36811
8953,38904
8953,39765
8953,41693
8953,41781
8953,47320
8953,51263
8953,54374
8953,54454
8953,54688
8953,60147
8953,60696
8953,60754
8953,60831
8953,60835
8953,62924
8953,64147
8953,65999
8953,68740
8953,71616
8953,74989
8953,77993
8953,77999
8953,83786
8953,87177
8953,93860
8953,123631
8953,125889
8953,130881
8953,145068
8953,147912
8953,150311
8953,156419
8953,176168
8953,216239
8953,444013
8953,508230
8953,667490
8953,3085017
8953,3468412
8953,4475485
8953,5281104
8953,5311048
8953,5311297
8953,5329102
8953,5353980
8953,5481350
8953,5493381
8953,6398525
9052,27661
9052,34312
9052,38904
9052,41781
9052,54454
9052,54688
9052,59708
9052,60184
9052,60831
9052,60843
9052,60953
9052,68740
9052,71616
9052,77999
9052,83786
9052,87177
9052,93860
9052,104865
9052,123631
9052,125889
9052,163742
9052,3085017
9052,4475485
9052,5311048
9052,5493444
9433,27661
9433,36811
9433,39765
9433,54454
9433,54688
9433,60831
9433,62924
9433,83786
9433,87177
9433,5311048
9433,5311297
9433,6398525
10631,16231
10631,19090
10631,27661
10631,28112
10631,32797
10631,34312
10631,38904
10631,54454
10631,54688
10631,54841
10631,59708
10631,60147
10631,60198
10631,60795
10631,60831
10631,60835
10631,60843
10631,60852
10631,60854
10631,60953
10631,62924
10631,65999
10631,68740
10631,77993
10631,77999
10631,83786
10631,87177
10631,91270
10631,93860
10631,104865
10631,115237
10631,119607
10631,123620
10631,124087
10631,125889
10631,130881
10631,148192
10631,150311
10631,154059
10631,170361
10631,176168
10631,667490
10631,3081884
10631,3085017
10631,3468412
10631,4475485
10631,5282226
10631,5311048
10631,5311297
10631,5329102
10631,5353980
10631,5487301
10631,5493381
10631,6398525
10631,6398970
12536,32797
12536,34312
12536,54454
12536,62924
12536,77993
12536,87177
12536,110634
12536,123620
12536,5311297
12536,6447131
13342,38904
13342,65999
13342,68740
13342,72467
13342,83786
13342,151165
13342,667490
13342,4183806
13342,5281007
13342,5311048
13342,5481350
14888,54454
14888,60147
14888,68740
14888,83786
14888,93860
14888,148211
14888,150311
14888,667490
14888,5493381
16231,27661
16231,28112
16231,54454
16231,60831
16231,68740
16231,77999
16231,83786
16231,87177
16231,104865
16231,4475485
16231,5311297
19090,27661
19090,38904
19090,47725
19090,54374
19090,54454
19090,54688
19090,59708
19090,60147
19090,60198
19090,60831
19090,60835
19090,60843
19090,60953
19090,62924
19090,64147
19090,65999
19090,68740
19090,71616
19090,77999
19090,83786
19090,87177
19090,93860
19090,104741
19090,119607
19090,123620
19090,123631
19090,124087
19090,125889
19090,130881
19090,131536
19090,148211
19090,150311
19090,151165
19090,152945
19090,170361
19090,176870
19090,197712
19090,213039
19090,216239
19090,216326
19090,443871
19090,1349907
19090,3085017
19090,3468412
19090,4475485
19090,5281104
19090,5311027
19090,5311048
19090,5311297
19090,5329102
19090,5381226
19090,5481350
19090,5487301
19090,5493381
19090,6398525
24011,24486
24011,38904
24011,41781
24011,54454
24011,60147
24011,60831
24011,60852
24011,62924
24011,68740
24011,77999
24011,83786
24011,87177
24011,110634
24011,123620
24011,130881
24011,150311
24011,152945
24011,216239
24011,3468412
24011,4475485
24011,5311297
24011,5329102
24486,27661
24486,28112
24486,34312
24486,36811
24486,38904
24486,39765
24486,47725
24486,51263
24486,54454
24486,59708
24486,60147
24486,60831
24486,60835
24486,60852
24486,60953
24486,62924
24486,65999
24486,68740
24486,77999
24486,83786
24486,87177
24486,104741
24486,123620
24486,125889
24486,130881
24486,150311
24486,170361
24486,3085017
24486,3468412
24486,4475485
24486,4659568
24486,5311048
24486,5311297
24486,5329102
24486,5487301
24486,6398525
27661,28112
27661,32797
27661,34312
27661,38904
27661,39765
27661,41774
27661,41781
27661,47725
27661,54454
27661,54688
27661,54841
27661,56959
27661,57537
27661,59708
27661,60147
27661,60184
27661,60198
27661,60754
27661,60795
27661,60831
27661,60835
27661,60852
27661,60854
27661,60953
27661,62924
27661,64147
27661,65999
27661,68740
27661,71329
27661,71616
27661,77999
27661,83786
27661,87177
27661,93860
27661,104865
27661,110634
27661,119607
27661,123620
27661,123631
27661,124087
27661,125889
27661,130881
27661,148192
27661,148211
27661,150310
27661,150311
27661,151165
27661,152945
27661,154059
27661,156419
27661,160051
27661,170361
27661,176168
27661,176870
27661,197712
27661,213039
27661,216239
27661,216326
27661,443871
27661,508230
27661,657298
27661,1349907
27661,3002190
27661,3085017
27661,3468412
27661,4183806
27661,4475485
27661,4659568
27661,5281104
27661,5282226
27661,5311027
27661,5311048
27661,5311082
27661,5311181
27661,5311297
27661,5329102
27661,5353980
27661,5381226
27661,5481350
27661,5487301
27661,5493381
27661,5493444
27661,6398525
27686,32797
27686,54454
27686,54688
27686,59708
27686,60831
27686,60835
27686,60865
27686,62924
27686,65999
27686,83786
27686,123620
27686,150311
27686,3468412
27686,5311297
27991,34312
27991,54454
27991,59708
27991,62924
27991,83786
27991,87177
27991,150311
28112,34312
28112,36339
28112,38904
28112,39765
28112,54454
28112,54688
28112,54841
28112,59708
28112,60147
28112,60795
28112,60831
28112,60835
28112,60852
28112,60854
28112,60953
28112,62924
28112,68740
28112,71158
28112,72054
28112,77993
28112,77999
28112,83786
28112,87177
28112,93860
28112,110634
28112,110635
28112,115237
28112,119607
28112,123620
28112,124087
28112,125889
28112,130881
28112,150311
28112,154059
28112,170361
28112,3002190
28112,4475485
28112,5311297
28112,5353980
28112,5487301
28112,6398525
32797,41317
32797,48175
32797,54454
32797,54688
32797,60164
32797,60831
32797,60835
32797,60852
32797,62924
32797,68740
32797,77999
32797,83786
32797,93860
32797,119607
32797,123606
32797,123620
32797,124087
32797,150311
32797,3468412
32797,5311297
32797,5353980
32797,6398525
34312,41781
34312,54454
34312,54688
34312,54841
34312,59708
34312,60147
34312,60795
34312,60831
34312,60835
34312,60852
34312,60854
34312,60865
34312,60953
34312,62924
34312,65999
34312,68740
34312,77999
34312,83786
34312,87177
34312,104865
34312,115237
34312,119607
34312,123620
34312,123631
34312,124087
34312,125017
34312,125889
34312,130881
34312,150311
34312,154059
34312,170361
34312,216239
34312,443871
34312,3081884
34312,3085017
34312,3468412
34312,4475485
34312,5311297
34312,5329102
34312,5481350
34312,5487301
34312,5493381
34312,6398525
34312,6447131
36339,39765
36339,41693
36339,47320
36339,54454
36339,60696
36339,83786
36339,145068
36339,3468412
36339,5311297
36811,51263
36811,54454
36811,62924
36811,87177
36811,145068
36811,3468412
38904,41781
38904,47725
38904,54374
38904,54454
38904,54688
38904,59708
38904,60147
38904,60184
38904,60198
38904,60787
38904,60795
38904,60831
38904,60835
38904,60843
38904,60953
38904,62924
38904,65999
38904,68740
38904,72467
38904,77999
38904,82146
38904,83786
38904,87177
38904,93860
38904,104741
38904,119607
38904,123620
38904,123631
38904,125889
38904,130881
38904,148211
38904,150311
38904,150610
38904,151165
38904,152945
38904,163742
38904,170361
38904,176870
38904,216239
38904,443871
38904,3062316
38904,3468412
38904,4183806
38904,4475485
38904,5281007
38904,5282226
38904,5311027
38904,5311048
38904,5311297
38904,5329102
38904,5353980
38904,5487301
38904,6398525
39765,41693
39765,42113
39765,54454
39765,54688
39765,60612
39765,60696
39765,60815
39765,62924
39765,71273
39765,71616
39765,87177
39765,145068
39860,125889
41317,48175
41317,54454
41317,83786
41317,150311
41317,4475485
41317,5311297
41693,41781
41693,42113
41693,47320
41693,54454
41693,60696
41693,71273
41693,83786
41693,145068
41774,41781
41774,54454
41774,54688
41774,60184
41774,60835
41774,62924
41774,65999
41774,71616
41774,77999
41774,83786
41774,87177
41774,93860
41774,104865
41774,125889
41774,130881
41774,150311
41774,443871
41774,3002190
41774,3085017
41774,4475485
41774,5311297
41774,5353980
41781,47725
41781,54454
41781,54688
41781,54786
41781,59708
41781,60147
41781,60795
41781,60831
41781,60835
41781,60852
41781,62924
41781,64147
41781,65999
41781,68740
41781,71329
41781,71616
41781,77999
41781,83786
41781,87177
41781,93860
41781,104865
41781,119607
41781,123620
41781,123631
41781,125889
41781,130881
41781,150310
41781,150311
41781,152945
41781,154059
41781,163742
41781,176168
41781,197712
41781,216239
41781,216326
41781,443871
41781,508230
41781,3085017
41781,3468412
41781,4475485
41781,4659568
41781,5281104
41781,5311048
41781,5311181
41781,5311297
41781,5329102
41781,5353980
41781,5487301
41781,5493444
41781,6398525
42113,51263
42113,60696
47320,51263
47320,83786
47320,87177
47725,54454
47725,60147
47725,60198
47725,60831
47725,60835
47725,60953
47725,62924
47725,68740
47725,83786
47725,104741
47725,123631
47725,152945
47725,216326
47725,4183806
47725,4475485
47725,5311297
48175,54688
48175,62924
48175,123620
51263,54454
51263,60696
51263,87177
51263,3468412
51263,6398525
51634,59708
54374,54454
54374,60147
54374,62924
54374,64147
54374,68740
54374,77999
54374,83786
54374,87177
54374,93860
54374,104865
54374,130881
54374,216239
54374,4475485
54374,5311039
54374,5311048
54374,5311297
54374,5329102
54374,6398525
54454,54547
54454,54688
54454,54786
54454,54808
54454,54841
54454,56339
54454,56959
54454,57469
54454,57537
54454,59708
54454,60147
54454,60184
54454,60198
54454,60696
54454,60754
54454,60795
54454,60831
54454,60835
54454,60843
54454,60852
54454,60854
54454,60865
54454,60953
54454,62924
54454,64147
54454,65999
54454,68740
54454,68844
54454,71158
54454,71273
54454,71329
54454,71616
54454,72054
54454,72938
54454,77993
54454,77999
54454,82146
54454,83786
54454,87177
54454,91270
54454,93860
54454,104741
54454,104865
54454,110634
54454,110635
54454,115237
54454,119607
54454,122316
54454,123606
54454,123620
54454,123631
54454,124087
54454,125017
54454,125889
54454,130881
54454,147912
54454,148192
54454,148211
54454,150310
54454,150311
54454,150610
54454,151165
54454,154059
54454,156419
54454,160051
54454,163742
54454,170361
54454,176168
54454,176870
54454,197712
54454,213039
54454,216239
54454,216326
54454,443871
54454,444013
54454,508230
54454,667490
54454,1349907
54454,3002190
54454,3062316
54454,3081884
54454,3085017
54454,3468412
54454,4183806
54454,4475485
54454,4479097
54454,4659568
54454,5281007
54454,5281104
54454,5282044
54454,5282226
54454,5311027
54454,5311039
54454,5311048
54454,5311082
54454,5311181
54454,5311297
54454,5329102
54454,5353980
54454,5362070
54454,5362420
54454,5381226
54454,5481350
54454,5487301
54454,5493381
54454,5493444
54454,6398525
54454,6398970
54454,6447131
54547,54688
54547,62924
54547,83786
54547,87177
54547,123620
54547,4475485
54547,5311048
54547,5311297
54688,54841
54688,59708
54688,60147
54688,60696
54688,60787
54688,60795
54688,60831
54688,60835
54688,60843
54688,60852
54688,60854
54688,60865
54688,62924
54688,65999
54688,68740
54688,71616
54688,72054
54688,72467
54688,72938
54688,74989
54688,77999
54688,83786
54688,87177
54688,93860
54688,104865
54688,110634
54688,119607
54688,123620
54688,123631
54688,124087
54688,125889
54688,130881
54688,131536
54688,147912
54688,148192
54688,150311
54688,154059
54688,160051
54688,170361
54688,213039
54688,216326
54688,443871
54688,504578
54688,508230
54688,667490
54688,3002190
54688,3085017
54688,3468412
54688,4183806
54688,4475485
54688,4659568
54688,5282044
54688,5311027
54688,5311039
54688,5311048
54688,5311297
54688,5353980
54688,5381226
54688,5481350
54688,5487301
54688,6398525
54688,6398970
54688,6447131
54688,6918453
54786,60831
54786,62924
54786,83786
54786,104865
54786,197712
54786,5311181
54786,5311297
54808,60147
54808,60831
54808,60865
54808,62924
54808,83786
54808,123620
54808,125889
54808,150311
54808,3468412
54808,5282226
54808,5311027
54841,59708
54841,60147
54841,60795
54841,60835
54841,60854
54841,62924
54841,77993
54841,77999
54841,83786
54841,87177
54841,110635
54841,115237
54841,119607
54841,122316
54841,123620
54841,124087
54841,125889
54841,130881
54841,150311
54841,170361
54841,4475485
54841,5311297
54841,5487301
54841,6398970
56339,59708
56339,65999
56339,3468412
56959,60147
56959,60831
56959,60835
56959,83786
56959,123620
56959,125889
56959,130881
56959,150310
56959,150311
56959,160051
56959,4475485
56959,5311297
57469,62924
57469,150311
57469,5311297
57469,5481350
57537,60147
57537,60835
57537,60852
57537,62924
57537,83786
57537,122316
57537,130881
57537,150311
57537,152945
57537,154059
57537,4659568
59708,60147
59708,60184
59708,60795
59708,60831
59708,60835
59708,60852
59708,60854
59708,60953
59708,62924
59708,64147
59708,68740
59708,72054
59708,72938
59708,74989
59708,77993
59708,77999
59708,83786
59708,87177
59708,93860
59708,110635
59708,115237
59708,119607
59708,123620
59708,123631
59708,124087
59708,125017
59708,125889
59708,130881
59708,148192
59708,148211
59708,150311
59708,151165
59708,152945
59708,154059
59708,156419
59708,163742
59708,170361
59708,176870
59708,213039
59708,216239
59708,216326
59708,3081884
59708,3085017
59708,3468412
59708,4475485
59708,4659569
59708,5281104
59708,5282226
59708,5311027
59708,5311048
59708,5311297
59708,5329102
59708,5353980
59708,5381226
59708,5481350
59708,5487301
59708,5493381
59708,6398525
60147,60184
60147,60754
60147,60795
60147,60831
60147,60835
60147,60852
60147,60854
60147,60953
60147,62924
60147,64147
60147,65999
60147,68740
60147,71329
60147,72054
60147,77999
60147,83786
60147,87177
60147,93860
60147,104865
60147,110634
60147,110635
60147,119607
60147,122316
60147,123620
60147,123631
60147,124087
60147,125889
60147,130881
60147,148192
60147,148211
60147,150311
60147,154059
60147,156419
60147,160051
60147,163742
60147,170361
60147,176168
60147,176870
60147,197712
60147,213039
60147,216239
60147,216326
60147,443871
60147,508230
60147,3002190
60147,3062316
60147,3085017
60147,3468412
60147,4475485
60147,4659568
60147,5281007
60147,5281104
60147,5282226
60147,5311027
60147,5311039
60147,5311048
60147,5311297
60147,5353980
60147,5381226
60147,5481350
60147,5487301
60147,5493381
60147,5493444
60147,6398525
60147,6447131
60164,119607
60164,123631
60164,150311
60164,5311027
60164,6447131
60184,60198
60184,60795
60184,60831
60184,60835
60184,60953
60184,62924
60184,65999
60184,68740
60184,77999
60184,83786
60184,87177
60184,93860
60184,104865
60184,110635
60184,124087
60184,125889
60184,130881
60184,148192
60184,150310
60184,150311
60184,152945
60184,163742
60184,170361
60184,176870
60184,216239
60184,3468412
60184,4475485
60184,5281007
60184,5311048
60184,5311082
60184,5311297
60184,5329102
60184,5353980
60184,5481350
60198,60835
60198,60852
60198,60953
60198,62924
60198,65999
60198,68740
60198,77999
60198,83786
60198,87177
60198,104741
60198,119607
60198,125889
60198,130881
60198,150311
60198,4475485
60198,5311027
60198,5311297
60198,6398525
60612,71616
60696,83786
60696,87177
60696,147912
60696,163742
60696,170361
60754,83786
60754,87177
60754,119607
60754,150311
60754,156419
60754,176168
60754,444013
60754,667490
60754,3085017
60754,5311297
60787,60877
60787,64147
60787,83786
60787,125889
60787,131536
60787,148192
60787,150311
60787,213039
60787,5311039
60787,5381226
60787,5481350
60795,60831
60795,60835
60795,60852
60795,60854
60795,62924
60795,65999
60795,77999
60795,83786
60795,87177
60795,110634
60795,115237
60795,119607
60795,123620
60795,124087
60795,125017
60795,125889
60795,130881
60795,148192
60795,150311
60795,152945
60795,154059
60795,160051
60795,170361
60795,3081884
60795,3468412
60795,4183806
60795,4475485
60795,5311297
60795,5381226
60795,5487301
60795,6398525
60815,71273
60815,163742
60815,5381226
60831,60835
60831,60843
60831,60852
60831,60854
60831,60865
60831,62924
60831,65999
60831,68740
60831,68844
60831,71329
60831,71616
60831,72054
60831,72938
60831,77993
60831,77999
60831,83786
60831,87177
60831,91270
60831,93860
60831,104741
60831,104865
60831,110634
60831,110635
60831,119607
60831,123620
60831,123631
60831,124087
60831,125889
60831,130881
60831,150310
60831,150311
60831,151165
60831,152945
60831,154059
60831,160051
60831,163742
60831,170361
60831,176168
60831,176870
60831,197712
60831,216239
60831,216326
60831,443871
60831,444033
60831,667490
60831,1349907
60831,3002190
60831,3062316
60831,3085017
60831,3468412
60831,4183806
60831,4475485
60831,5281104
60831,5282226
60831,5311027
60831,5311048
60831,5311181
60831,5311297
60831,5329102
60831,5353980
60831,5381226
60831,5481350
60831,5487301
60831,5493381
60831,5493444
60831,6398525
60831,6398970
60835,60852
60835,60854
60835,60865
60835,60953
60835,62924
60835,65999
60835,68740
60835,71158
60835,71616
60835,72054
60835,77992
60835,77993
60835,77999
60835,83786
60835,87177
60835,93860
60835,104865
60835,110634
60835,110635
60835,115237
60835,119607
60835,122316
60835,123606
60835,123620
60835,124087
60835,125017
60835,125889
60835,130881
60835,147912
60835,148192
60835,150310
60835,150311
60835,150610
60835,151165
60835,152945
60835,154059
60835,160051
60835,170361
60835,176870
60835,197712
60835,213039
60835,216239
60835,216326
60835,443871
60835,667490
60835,1349907
60835,3002190
60835,3062316
60835,3081884
60835,3085017
60835,3468412
60835,4183806
60835,4475485
60835,4659568
60835,5282226
60835,5311027
60835,5311297
60835,5329102
60835,5353980
60835,5362070
60835,5381226
60835,5481350
60835,5487301
60835,5493381
60835,6398525
60835,6398970
60843,62924
60843,65999
60843,68740
60843,83786
60843,87177
60843,93860
60843,123631
60843,125889
60843,148211
60843,150311
60843,151165
60843,176870
60843,4183806
60843,4475485
60843,5311048
60843,5311297
60843,5329102
60852,60865
60852,62924
60852,65999
60852,68740
60852,77993
60852,77999
60852,83786
60852,119607
60852,123620
60852,124087
60852,125017
60852,125889
60852,130881
60852,150311
60852,154059
60852,170361
60852,197712
60852,667490
60852,4475485
60852,5282226
60852,5311027
60852,5311297
60852,5362070
60852,5487301
60852,6398525
60854,62924
60854,71158
60854,77999
60854,83786
60854,87177
60854,115237
60854,123620
60854,124087
60854,125017
60854,125889
60854,150311
60854,170361
60854,443871
60854,3468412
60854,4475485
60854,5311297
60854,5487301
60854,6398525
60865,60953
60865,62924
60865,68740
60865,72054
60865,77999
60865,83786
60865,119607
60865,123620
60865,124087
60865,125889
60865,130881
60865,150311
60865,154059
60865,170361
60865,3002190
60865,3468412
60865,4475485
60865,5311297
60865,5487301
60865,6398525
60865,6447131
60871,83786
60871,87177
60871,153941
60871,5481350
60877,62924
60877,65027
60877,77999
60877,131536
60877,148192
60877,5481350
60953,62924
60953,65999
60953,68740
60953,77999
60953,83786
60953,87177
60953,104741
60953,119607
60953,123631
60953,124087
60953,125889
60953,148211
60953,150311
60953,151165
60953,163742
60953,170361
60953,176870
60953,216239
60953,3468412
60953,4475485
60953,5311048
60953,5311297
60953,5329102
60953,6398525
60953,6398970
62924,64147
62924,65999
62924,68740
62924,68844
62924,71329
62924,71616
62924,72054
62924,72938
62924,74989
62924,77993
62924,77999
62924,83786
62924,87177
62924,91270
62924,93860
62924,104741
62924,104865
62924,110634
62924,110635
62924,115237
62924,119607
62924,123606
62924,123620
62924,123631
62924,124087
62924,125889
62924,130881
62924,148192
62924,148211
62924,150311
62924,151165
62924,152945
62924,154059
62924,156419
62924,160051
62924,170361
62924,176870
62924,197712
62924,213039
62924,216239
62924,216326
62924,443871
62924,504578
62924,667490
62924,1349907
62924,3002190
62924,3081884
62924,3085017
62924,3468412
62924,4183806
62924,4475485
62924,4659568
62924,5281104
62924,5282226
62924,5311027
62924,5311048
62924,5311181
62924,5311297
62924,5329102
62924,5353980
62924,5362070
62924,5362420
62924,5481350
62924,5487301
62924,5493381
62924,5493444
62924,6398525
62924,6398970
62924,6447131
64147,71616
64147,74989
64147,77999
64147,83786
64147,87177
64147,123620
64147,148192
64147,148211
64147,213039
64147,443871
64147,508230
64147,3085017
64147,3468412
64147,5311027
64147,5481350
64147,5487301
65027,213039
65027,5481350
65999,68740
65999,68844
65999,71329
65999,71616
65999,77999
65999,83786
65999,87177
65999,93860
65999,110634
65999,110635
65999,119607
65999,123620
65999,124087
65999,125017
65999,125889
65999,130881
65999,148211
65999,150311
65999,150610
65999,151165
65999,152945
65999,154059
65999,156419
65999,160051
65999,163742
65999,170361
65999,176870
65999,197712
65999,216239
65999,443871
65999,3002190
65999,3085017
65999,3468412
65999,4183806
65999,4475485
65999,4659568
65999,5281104
65999,5311027
65999,5311048
65999,5311297
65999,5329102
65999,5353980
65999,5487301
65999,5493444
65999,6398525
68740,68844
68740,72054
68740,77999
68740,83786
68740,87177
68740,93860
68740,104741
68740,119607
68740,123620
68740,123631
68740,124087
68740,125889
68740,130881
68740,148211
68740,150311
68740,151165
68740,152945
68740,156419
68740,170361
68740,176870
68740,216239
68740,216326
68740,443871
68740,1349907
68740,3085017
68740,3468412
68740,4475485
68740,5282226
68740,5311027
68740,5311048
68740,5311297
68740,5329102
68740,5353980
68740,5487301
68740,5493381
68740,6398525
68844,83786
68844,87177
68844,110634
68844,123620
68844,152945
68844,4475485
68844,5282226
68844,5311027
68844,5311297
71158,87177
71158,123620
71273,83786
71273,163742
71329,83786
71329,119607
71329,123620
71329,125889
71329,130881
71329,150310
71329,150311
71329,152945
71329,170361
71329,4475485
71329,5311027
71329,5311297
71616,83786
71616,87177
71616,93860
71616,104865
71616,147912
71616,176870
71616,213039
71616,216326
71616,667490
71616,3468412
71616,5311039
71616,5311048
71616,5381226
71616,5481350
71616,6398525
72054,77999
72054,83786
72054,124087
72054,125889
72054,130881
72054,150311
72054,152945
72054,154059
72054,4475485
72054,5311297
72054,5487301
72467,83786
72467,87177
72467,93860
72467,148192
72467,148211
72467,151165
72467,5281007
72467,5311048
72467,5481350
72938,77999
72938,123620
72938,124087
72938,150311
72938,4475485
72938,5311297
72938,6398970
74989,77999
74989,83786
74989,93860
74989,125889
74989,131536
74989,148192
74989,150311
74989,213039
74989,216326
74989,3468412
74989,5311297
74989,5381226
74989,5481350
77992,83786
77992,123606
77992,5311297
77993,110634
77993,119607
77993,123606
77993,123620
77993,125889
77993,154059
77993,170361
77993,4475485
77993,5311297
77993,5487301
77999,83786
77999,87177
77999,91270
77999,93860
77999,104865
77999,110634
77999,110635
77999,119607
77999,123620
77999,123631
77999,124087
77999,125889
77999,130881
77999,148192
77999,148211
77999,150311
77999,151165
77999,152945
77999,154059
77999,156419
77999,160051
77999,163742
77999,170361
77999,176168
77999,176870
77999,213039
77999,216239
77999,216326
77999,443871
77999,667490
77999,1349907
77999,3002190
77999,3081884
77999,3085017
77999,3468412
77999,4183806
77999,4475485
77999,5281007
77999,5281104
77999,5282226
77999,5311027
77999,5311048
77999,5311082
77999,5311181
77999,5311297
77999,5329102
77999,5353980
77999,5481350
77999,5487301
77999,5493381
77999,6398525
77999,6398970
83786,87177
83786,91270
83786,93860
83786,104865
83786,110634
83786,110635
83786,115237
83786,119182
83786,119607
83786,123620
83786,123631
83786,124087
83786,125017
83786,125889
83786,130881
83786,147912
83786,148192
83786,148211
83786,150310
83786,150311
83786,151165
83786,152945
83786,154059
83786,156419
83786,160051
83786,163742
83786,170361
83786,176168
83786,176870
83786,197712
83786,216239
83786,216326
83786,443871
83786,444013
83786,504578
83786,508230
83786,667490
83786,1349907
83786,3002190
83786,3062316
83786,3085017
83786,3468412
83786,4183806
83786,4475485
83786,5281104
83786,5282226
83786,5311027
83786,5311039
83786,5311048
83786,5311082
83786,5311181
83786,5311297
83786,5329102
83786,5353980
83786,5362070
83786,5362420
83786,5381226
83786,5481350
83786,5487301
83786,5493381
83786,5493444
83786,6398525
83786,6398970
83786,6436173
87177,93860
87177,104865
87177,110634
87177,110635
87177,119607
87177,123620
87177,123631
87177,124087
87177,125889
87177,130881
87177,148211
87177,150310
87177,150311
87177,151165
87177,152945
87177,153941
87177,154059
87177,156419
87177,160051
87177,163742
87177,170361
87177,197712
87177,216239
87177,216326
87177,443871
87177,504578
87177,3085017
87177,3468412
87177,4183806
87177,4475485
87177,4659568
87177,5281104
87177,5282226
87177,5311027
87177,5311039
87177,5311048
87177,5311181
87177,5311297
87177,5329102
87177,5353980
87177,5381226
87177,5481350
87177,5487301
87177,6398525
87177,6436173
91270,123620
91270,125889
91270,150311
91270,4475485
91270,5311297
93860,119607
93860,125889
93860,130881
93860,148211
93860,150310
93860,150311
93860,170361
93860,176870
93860,216326
93860,443871
93860,3085017
93860,3468412
93860,4183806
93860,4475485
93860,5311048
93860,5311297
93860,6398525
104741,123631
104741,148211
104865,110635
104865,119607
104865,123620
104865,124087
104865,125889
104865,150310
104865,150311
104865,197712
104865,657298
104865,3468412
104865,4475485
104865,5311181
104865,5311297
104865,5353980
104865,5487301
104865,6398525
110634,110635
110634,119607
110634,125889
110634,130881
110634,150311
110634,152945
110634,160051
110634,170361
110634,216326
110634,3468412
110634,4475485
110634,5311297
110634,5481350
110635,119607
110635,123620
110635,124087
110635,125889
110635,130881
110635,150311
110635,152945
110635,170361
110635,4475485
110635,4659568
110635,5311297
115237,125889
115237,130881
115237,170361
115237,5311297
119182,3468412
119607,123620
119607,123631
119607,124087
119607,125889
119607,130881
119607,150311
119607,152945
119607,160051
119607,170361
119607,443871
119607,667490
119607,3002190
119607,3085017
119607,3468412
119607,4183806
119607,4475485
119607,5311297
119607,5353980
119607,5487301
119607,6398525
119607,6398970
119607,6447131
122316,124087
122316,150311
122316,4659568
122316,4659569
123606,125889
123606,170361
123606,5311297
123606,5487301
123620,124087
123620,125889
123620,130881
123620,150311
123620,152945
123620,154059
123620,160051
123620,170361
123620,197712
123620,213039
123620,216326
123620,443871
123620,444033
123620,3002190
123620,3062316
123620,3468412
123620,4183806
123620,4475485
123620,5282226
123620,5311027
123620,5311048
123620,5311181
123620,5311297
123620,5329102
123620,5353980
123620,5481350
123620,5487301
123620,5493381
123620,6398525
123620,6398970
123620,6447131
123631,176870
123631,1349907
123631,3468412
123631,4183806
123631,4475485
123631,5311048
123631,5311297
123631,5329102
123631,6398525
124087,125889
124087,130881
124087,148192
124087,150311
124087,152945
124087,154059
124087,160051
124087,170361
124087,213039
124087,3002190
124087,3081884
124087,3468412
124087,4183806
124087,4475485
124087,5281007
124087,5311297
124087,5329102
124087,5353980
124087,5481350
124087,5487301
124087,6398525
124087,6447131
125017,125889
125017,130881
125017,150311
125017,4475485
125017,5311297
125017,6436173
125889,130881
125889,131536
125889,148192
125889,148211
125889,150310
125889,150311
125889,151165
125889,152945
125889,154059
125889,156419
125889,160051
125889,163742
125889,170361
125889,176870
125889,197712
125889,213039
125889,216239
125889,216326
125889,443871
125889,508230
125889,1349907
125889,3002190
125889,3062316
125889,3081884
125889,3085017
125889,3468412
125889,4183806
125889,4475485
125889,4659568
125889,5281104
125889,5282226
125889,5311027
125889,5311048
125889,5311297
125889,5329102
125889,5353980
125889,5381226
125889,5481350
125889,5487301
125889,5493381
125889,5493444
125889,6398525
125889,6398970
125889,6447131
130881,150310
130881,150311
130881,151165
130881,152945
130881,154059
130881,156419
130881,160051
130881,170361
130881,176168
130881,197712
130881,216239
130881,216326
130881,443871
130881,1349907
130881,3002190
130881,3081884
130881,3085017
130881,3468412
130881,4183806
130881,4475485
130881,5281104
130881,5311027
130881,5311048
130881,5311297
130881,5329102
130881,5353980
130881,5487301
130881,5493381
130881,5493444
130881,6398525
130881,6447131
131536,148192
131536,213039
131536,5481350
145068,3468412
147912,216326
147912,508230
147912,667490
147912,5311039
148192,150311
148192,170361
148192,213039
148192,3468412
148192,4475485
148192,5311039
148192,5311297
148192,5381226
148192,5481350
148211,150311
148211,151165
148211,170361
148211,176870
148211,443871
148211,3468412
148211,4475485
148211,5281007
148211,5311027
148211,5311048
148211,6398525
150310,150311
150310,4475485
150310,5493444
150310,6398525
150311,152945
150311,154059
150311,156419
150311,160051
150311,163742
150311,170361
150311,176168
150311,176870
150311,197712
150311,216239
150311,216326
150311,443871
150311,444013
150311,508230
150311,657298
150311,667490
150311,1349907
150311,3002190
150311,3085017
150311,3468412
150311,4183806
150311,4475485
150311,5281104
150311,5282226
150311,5311027
150311,5311048
150311,5311082
150311,5311181
150311,5311297
150311,5329102
150311,5353980
150311,5481350
150311,5487301
150311,5493444
150311,6398525
150311,6447131
150610,152945
150610,5311039
151165,170361
151165,176870
151165,3468412
151165,4475485
151165,5281007
151165,5311048
151165,6398525
152945,154059
152945,160051
152945,170361
152945,216239
152945,216326
152945,3468412
152945,4475485
152945,4659568
152945,5282226
152945,5311027
152945,5311297
152945,5329102
152945,5353980
152945,5487301
152945,5493381
152945,5493444
152945,6398525
153941,5481350
154059,163742
154059,170361
154059,3081884
154059,3468412
154059,4475485
154059,4659568
154059,5282226
154059,5311027
154059,5311297
154059,6398525
156419,176168
156419,444013
156419,3085017
156419,4475485
156419,5281104
156419,5311297
156419,6398525
160051,170361
160051,4475485
160051,5311027
160051,5311297
160051,5487301
160051,5493444
160051,6398525
163742,4475485
163742,5311048
163742,5311297
163742,5381226
170361,443871
170361,1349907
170361,3081884
170361,3468412
170361,4475485
170361,5311027
170361,5311297
170361,5353980
170361,5481350
170361,5487301
170361,6398525
176168,444013
176168,3085017
176168,4475485
176168,5281104
176870,216239
176870,3468412
176870,4475485
176870,5311048
176870,5311297
176870,5329102
176870,6398525
197712,443871
197712,3085017
197712,3468412
197712,4475485
197712,5311027
197712,5311181
197712,5311297
213039,3468412
213039,4475485
213039,5311039
213039,5311297
213039,5481350
216239,443871
216239,3468412
216239,4475485
216239,5311048
216239,5311297
216239,5329102
216239,6398525
216326,3085017
216326,3468412
216326,4475485
216326,5311297
216326,5493381
216326,6398525
443871,3085017
443871,3468412
443871,4475485
443871,5311297
443871,6398525
444013,3085017
444033,5311297
504578,3468412
508230,3468412
657298,3468412
657298,4475485
657298,5311048
667490,3062316
667490,3468412
667490,5311039
667490,5311297
667490,5353980
667490,5362070
667490,5473385
1349907,3468412
1349907,4475485
1349907,5311297
3002190,3468412
3002190,4475485
3002190,5311297
3002190,5487301
3002190,6398970
3002190,6447131
3062316,5281007
3062316,5311297
3081884,4475485
3081884,5311297
3085017,3468412
3085017,4475485
3085017,5281104
3085017,5311297
3085017,5487301
3085017,6398525
3468412,4475485
3468412,5281007
3468412,5281104
3468412,5311039
3468412,5311048
3468412,5311181
3468412,5311297
3468412,5329102
3468412,5353980
3468412,5381226
3468412,5481350
3468412,5487301
3468412,6398525
3468412,6398970
3468412,6447131
4183806,4475485
4183806,5311048
4183806,5311297
4183806,5353980
4183806,5487301
4183806,6398525
4183806,6918453
4475485,4659568
4475485,5281007
4475485,5282226
4475485,5311027
4475485,5311048
4475485,5311181
4475485,5311297
4475485,5329102
4475485,5353980
4475485,5362420
4475485,5381226
4475485,5481350
4475485,5487301
4475485,5493444
4475485,6398525
4475485,6398970
4659568,4659569
5281007,5311048
5281007,5481350
5282044,5311039
5282226,5311027
5282226,5311297
5282226,6398525
5311027,5311297
5311027,5353980
5311027,5487301
5311039,5311048
5311039,5381226
5311039,6398525
5311048,5311297
5311048,5329102
5311048,6398525
5311181,5311297
5311297,5329102
5311297,5353980
5311297,5381226
5311297,5481350
5311297,5487301
5311297,5493381
5311297,5493444
5311297,6398525
5311297,6398970
5311297,6447131
5329102,6398525
