0
6
22
29
38
50
67
80
84
92
95
107
115
123
125
126
128
129
136
143
149
154
155
156
157
160
168
169
171
179
180
183
197
202
205
227
235
236
243
252
259
261
262
271
274
295
298
299
301
308
312
313
327
333
339
347
356
357
364
376
381
395
402
406
412
421
423
432
434
435
452
454
461
464
472
486
487
491
498
499
505
510
528
529
530
537
544
572
581
587
592
595
600
624
626
627
638
644
646
647
662
667
668
673
674
680
682
702
706
707
711
723
734
738
743
750
755
757
762
763
767
776
784
787
792
814
817
818
820
826
835
836
839
842
846
856
869
870
881
887
890
891
895
908
911
927
930
933
958
961
963
976
980
986
990
992
993
994
995
997
1007
1011
1013
1014
1015
1023
1027
1028
1036
1044
1046
1061
1064
1068
1071
1080
1084
1096
1098
1099
1107
1109
1116
1122
1124
1131
1132
1134
1138
1152
1159
1160
1167
1169
1186
1187
1191
1193
1196
1199
1208
1220
1221
1228
1229
1231
1233
1249
1254
1260
1263
1264
1267
1269
1270
1272
1275
1281
1286
1307
1312
1316
1324
1329
1338
1359
1362
1377
1388
1398
1402
1409
1416
1423
1440
1441
1447
1452
1458
1459
1462
1479
1488
1500
1503
1515
1516
1541
1550
1557
1560
1564
1566
1582
1583
1585
1594
1597
1612
1616
1617
1623
1627
1631
1632
1641
1642
1643
1647
1650
1660
1664
1672
1676
1697
1712
1716
1718
1719
1724
1732
1739
1743
1751
1768
1774
1778
1780
1790
1806
1815
1817
1840
1847
1856
1858
1860
1864
1868
1875
1878
1885
1893
1914
1916
1918
1922
1928
1931
1940
1946
1952
1963
1965
1973
1976
1977
1986
1990
1992
1995
1996
1997
1998
2006
2012
2025
2026
2041
2046
2048
2055
2057
2058
2069
2072
2073
2074
2076
2080
2084
2089
2095
2106
2118
2121
2127
2131
2141
2150
2153
2160
2161
2163
2191
2200
2218
2239
2242
2253
2258
2264
2272
2277
2279
2293
2301
2332
2334
2337
2342
2354
2357
2362
2363
2364
2369
2373
2386
2389
2398
2403
2404
2409
2414
2425
2427
2434
2441
2443
2445
2452
2461
2463
2464
2465
2466
2473
2478
2479
2483
2494
2495
2505
2506
2515
2525
2537
2538
2539
2540
2541
2543
2547
2548
2554
2555
2559
2562
2573
2580
2582
2584
2594
2614
2619
2622
2626
2629
2631
2638
2642
2648
2651
2654
2674
2677
2685
2689
2694
2707
2708
2718
2724
2737
2738
2739
2743
2745
2746
2748
2751
2752
2762
2772
2780
2788
2794
2799
2804
2811
2815
2821
2829
2830
2832
2834
2849
2855
2874
2877
2878
2879
2882
2893
2898
2905
2907
2911
2914
2916
2921
2935
2939
2945
2949
2950
2962
2965
2981
2995
2999
3000
3002
3004
3005
3011
3017
3022
3023
3024
3036
3042
3069
3075
3076
3080
3082
3084
3085
3089
3101
3103
3110
3118
3119
3135
3140
3144
3145
3153
3170
3182
3189
3200
3210
3214
3230
3256
3267
3275
3288
3298
3306
3307
3312
3333
3344
3347
3348
3366
3368
3375
3378
3380
3383
3393
3399
3405
3409
3415
3423
3425
3434
3446
3452
3471
3473
3496
3497
3498
3510
3521
3536
3545
3556
3558
3561
3564
3590
3607
3608
3614
3629
3636
3642
3646
3650
3652
3654
3661
3662
3675
3676
3681
3695
3697
3703
3712
3721
3723
3731
3732
3738
3745
3750
3759
3766
3778
3781
3783
3785
3788
3793
3799
3800
3806
3809
3813
3823
3827
3832
3833
3840
3845
3855
3860
3869
3871
3878
3880
3886
3887
3890
3896
3899
3901
3908
3910
3918
3921
3931
3937
3952
3964
3974
3975
3989
3991
3998
4001
4009
4021
4059
4062
4071
4102
4105
4119
4136
4146
4148
4149
4160
4161
4180
4183
4199
4212
4217
4221
4223
4233
4237
4251
4254
4266
4273
4278
4281
4282
4289
4294
4298
4301
4302
4309
4311
4329
4333
4339
4345
4359
4361
4365
4373
4381
4388
4391
4394
4413
4415
4418
4419
4422
4423
4426
4433
4435
4436
4441
4455
4459
4460
4470
4471
4473
4476
4484
4486
4493
4499
4501
4503
4505
4507
4509
4515
4516
4520
4528
4536
4539
4545
4555
4568
4569
4574
4576
4578
4579
4581
4586
4593
4600
4603
4610
4619
4620
4628
4638
4641
4655
4659
4666
4668
4677
4683
4684
4688
4698
4715
4716
4730
4735
4742
4747
4748
4773
4774
4775
4781
4786
4790
4793
4796
4806
4807
4813
4817
4825
4827
4837
4841
4863
4867
4868
4878
4879
4880
4882
4894
4895
4911
4915
4927
4928
4949
4969
4979
4984
4992
4994
4999
5002
5009
5013
5021
5023
5035
5040
5050
5062
5065
5067
5085
5093
5102
5111
5121
5133
5137
5140
5152
5155
5156
5159
5169
5173
5176
5185
5191
5195
5196
5198
5199
5206
5216
5224
5225
5229
5233
5236
5242
5248
5254
5261
5265
5271
5277
5296
5299
5301
5339
5340
5344
5353
5365
5366
5372
5374
5380
5394
5399
5420
5428
5436
5438
5448
5456
5460
5467
5476
5481
5483
5487
5488
5492
5496
5501
5511
5512
5513
5534
5537
5539
5550
5551
5557
5559
5563
5564
5568
5572
5573
5576
5578
5583
5587
5593
5599
5622
5623
5627
5629
5634
5637
5644
5646
5647
5657
5662
5682
5689
5696
5710
5720
5727
5744
5750
5757
5760
5761
5769
5786
5790
5797
5818
5823
5829
5832
5834
5835
5838
5842
5846
5850
5858
5871
5889
5897
5901
5904
5941
5943
5949
5950
5955
5959
5960
5974
5975
5989
6008
6017
6019
6022
6028
6037
6039
6040
6045
6057
6058
6060
6063
6065
6066
6068
6069
6072
6075
6083
6088
6094
6098
6104
6117
6120
6124
6127
6128
6132
6135
6136
6149
6150
6156
6160
6167
6168
6188
6189
6213
6218
6236
6239
6240
6243
6249
6254
6255
6265
6284
6292
6293
6309
6311
6322
6325
6328
6329
6336
6348
6351
6358
6363
6369
6375
6380
6391
6399
6406
6419
6420
6431
6439
6441
6444
6455
6457
6469
6476
6477
6478
6491
6500
6501
6504
6529
6532
6537
6538
6546
6548
6551
6560
6561
6563
6569
6573
6578
6579
6581
6592
6594
6606
6607
6610
6629
6632
6633
6634
6638
6641
6642
6648
6649
6654
6656
6661
6667
6672
6677
6680
6684
6705
6718
6722
6731
6752
6765
6771
6783
6785
6787
6796
6797
6803
6810
6831
6854
6855
6866
6873
6877
6881
6887
6897
6908
6914
6915
6917
6925
6927
6930
6932
6941
6943
6954
6961
6962
6969
6985
6990
6992
6993
6997
6999
7010
7015
7022
7036
7037
7042
7048
7066
7068
7071
7075
7077
7078
7080
7090
7092
7095
7103
7104
7109
7139
7143
7146
7150
7152
7170
7171
7175
7177
7184
7196
7197
7202
7217
7224
7227
7228
7230
7253
7264
7266
7275
7287
7291
7296
7297
7301
7328
7329
7334
7340
7342
7357
7360
7366
7369
7377
7381
7383
7384
7386
7391
7399
7407
7420
7424
7431
7442
7445
7450
7451
7456
7465
7468
7472
7476
7480
7484
7489
7499
7507
7509
7510
7525
7527
7529
7543
7545
7547
7551
7558
7559
7565
7580
7581
7605
7611
7614
7619
7621
7622
7626
7633
7636
7644
7646
7647
7651
7662
7665
7680
7684
7694
7695
7699
7705
7706
7713
7714
7729
7735
7744
7752
7754
7766
7767
7771
7774
7780
7782
7792
7799
7805
7815
7819
7825
7831
7844
7848
7851
7856
7860
7861
7863
7866
7869
7873
7877
7885
7886
7888
7897
7906
7907
7909
7914
7925
7941
7946
7949
7952
7958
7959
7962
7963
7967
7977
7984
7992
7993
7996
8025
8027
8033
8052
8062
8063
8071
8072
8073
8074
8075
8077
8086
8089
8096
8097
8114
8122
8123
8127
8130
8136
8156
8157
8161
8171
8182
8184
8189
8192
8202
8211
8214
8216
8220
8224
8228
8230
8231
8245
8246
8247
8268
8275
8282
8288
8297
8301
8328
8332
8345
8346
8349
8351
8352
8353
8354
8361
8365
8375
8381
8382
8383
8395
8396
8397
8399
8412
8415
8417
8420
8421
8439
8448
8454
8461
8462
8469
8479
8481
8482
8489
8493
8517
8528
8533
8538
8542
8557
8565
8568
8578
8580
8585
8599
8600
8604
8614
8629
8631
8635
8639
8647
8656
8668
8677
8680
8688
8690
8694
8713
8714
8715
8723
8725
8727
8747
8752
8761
8771
8779
8783
8808
8810
8815
8821
8826
8830
8847
8859
8862
8876
8877
8880
8900
8907
8912
8925
8927
8931
8938
8941
8959
8964
8970
8986
8988
9006
9020
9021
9030
9033
9039
9041
9053
9055
9056
9061
9070
9075
9076
9089
9099
9106
9111
9115
9117
9136
9140
9146
9154
9160
9175
9176
9178
9180
9181
9188
9189
9194
9197
9209
9211
9212
9216
9226
9229
9232
9235
9250
9255
9257
9263
9298
9299
9304
9312
9317
9318
9323
9324
9325
9327
9330
9340
9344
9347
9364
9365
9370
9373
9378
9379
9382
9391
9392
9401
9403
9408
9410
9417
9419
9423
9427
9436
9437
9445
9458
9461
9463
9471
9480
9505
9506
9509
9511
9514
9515
9517
9519
9530
9532
9564
9565
9583
9586
9587
9591
9593
9599
9605
9606
9607
9613
9616
9623
9631
9633
9634
9639
9640
9655
9669
9671
9672
9678
9679
9681
9683
9687
9689
9702
9707
9711
9738
9742
9745
9755
9757
9759
9763
9765
9766
9798
9809
9815
9816
9817
9831
9832
9833
9836
9845
9869
9882
9909
9910
9923
9927
9935
9954
9969
9977
9995
10001
10006
10011
10023
10032
10043
10047
10051
10054
10080
10090
10092
10107
10119
10120
10130
10143
10152
10155
10157
10159
10166
10168
10169
10171
10175
10178
10179
10190
10194
10197
10204
10206
10212
10230
10246
10252
10255
10262
10264
10267
10271
10275
10276
10279
10280
10281
10287
10296
10298
10318
10319
10330
10331
10348
10349
10353
10355
10359
10361
10366
10388
10392
10398
10399
10405
10417
10423
10433
10435
10436
10437
10450
10455
10456
10458
10462
10470
10474
10476
10478
10482
10493
10506
10507
10511
10513
10525
10529
10535
10539
10542
10553
10561
10563
10565
10566
10567
10580
10582
10583
10587
10588
10596
10612
10614
10630
10644
10646
10649
10668
10669
10675
10680
10684
10685
10687
10691
10694
10696
10697
10698
10704
10726
10737
10745
10746
10752
10779
10790
10805
10812
10819
10824
10825
10849
10850
10856
10857
10860
10863
10864
10874
10880
10881
10882
10896
10904
10907
10911
10913
10915
10918
10922
10936
10944
10953
10972
10976
10983
10984
10986
10988
11008
11019
11021
11030
11032
11035
11036
11039
11040
11045
11075
11077
11083
11093
11116
11117
11130
11135
11137
11143
11158
11159
11161
11163
11166
11173
11193
11198
11202
11205
11242
11253
11268
11277
11281
11296
11298
11299
11308
11317
11321
11329
11337
11353
11361
11364
11365
11371
11386
11394
11395
11401
11405
11409
11410
11414
11425
11429
11442
11449
11454
11455
11456
11461
11474
11488
11504
11515
11525
11534
11551
11563
11570
11573
11577
11583
11589
11596
11599
11604
11607
11608
11610
11623
11629
11632
11640
11641
11644
11647
11654
11656
11657
11658
11666
11673
11680
11682
11689
11699
11701
11703
11714
11718
11722
11729
11732
11734
11747
11756
11758
11765
11768
11777
11778
11802
11807
11809
11811
11817
11820
11837
11840
11860
11875
11880
11886
11894
11907
11909
11912
11921
11927
11928
11933
11936
11938
11941
11943
11948
11950
11959
11967
11970
11976
11985
11987
11997
12005
12011
12014
12018
12022
12037
12038
12040
12042
12044
12049
12050
12054
12055
12059
12065
12071
12080
12092
12094
12098
12100
12110
12111
12135
12141
12143
12147
12149
12155
12159
12170
12186
12190
12194
12195
12198
12200
12201
12203
12206
12208
12210
12216
12217
12225
12227
12233
12245
12247
12248
12250
12259
12279
12281
12283
12297
12302
12315
12323
12324
12331
12333
12344
12349
12350
12367
12374
12376
12377
12380
12381
12385
12402
12405
12409
12413
12418
12424
12431
12433
12434
12453
12457
12465
12470
12475
12476
12481
12488
12489
12497
12499
12503
12506
12509
12511
12514
12519
12529
12540
12544
12546
12576
12584
12585
12586
12591
12596
12602
12603
12607
12609
12623
12633
12634
12635
12638
12640
12642
12645
12647
12667
12671
12692
12701
12708
12712
12735
12739
12752
12753
12762
12764
12768
12773
12782
12787
12790
12792
12796
12802
12803
12805
12807
12827
12839
12841
12844
12849
12850
12855
12863
12864
12866
12867
12871
12872
12877
12880
12893
12900
12906
12914
12917
12941
12949
12954
12957
12959
12961
12972
12976
12977
12991
13001
13005
13010
13021
13034
13035
13036
13037
13050
13052
13055
13060
13065
13076
13096
13103
13106
13110
13126
13127
13131
13132
13133
13135
13136
13144
13159
13162
13165
13167
13168
13174
13178
13189
13194
13208
13213
13219
13224
13230
13244
13246
13254
13265
13272
13280
13290
13292
13302
13305
13316
13318
13331
13345
13366
13368
13370
13382
13385
13386
13390
13392
13395
13397
13400
13408
13428
13434
13437
13447
13461
13470
13479
13481
13490
13492
13494
13498
13503
13512
13514
13526
13540
13549
13551
13555
13557
13559
13569
13584
13614
13615
13632
13633
13657
13664
13668
13671
13673
13679
13689
13690
13691
13692
13693
13697
13699
13708
13711
13714
13718
13738
13746
13755
13758
13762
13766
13772
13780
13784
13797
13801
13806
13810
13811
13817
13820
13821
13830
13840
13845
13846
13847
13851
13853
13856
13857
13859
13862
13865
13867
13871
13872
13882
13910
13915
13925
13951
13960
13962
13969
13971
13975
14011
14028
14033
14072
14084
14085
14089
14096
14100
14103
14112
14119
14131
14133
14137
14138
14152
14154
14156
14165
14166
14175
14183
14205
14211
14212
14215
14224
14227
14235
14249
14250
14252
14262
14266
14283
14303
14307
14313
14319
14326
14327
14329
14332
14344
14347
14353
14357
14371
14380
14389
14391
14395
14403
14417
14430
14433
14437
14440
14450
14458
14461
14462
14467
14478
14481
14489
14492
14496
14501
14506
14512
14516
14517
14540
14548
14552
14553
14562
14572
14573
14577
14581
14596
14601
14615
14616
14619
14621
14626
14630
14632
14633
14634
14645
14654
14664
14674
14680
14681
14687
14690
14692
14697
14698
14705
14708
14716
14718
14719
14722
14725
14748
14756
14757
14759
14760
14761
14770
14772
14773
14775
14776
14779
14782
14785
14796
14797
14799
14805
14811
14813
14825
14826
14834
14835
14856
14860
14864
14866
14869
14877
14891
14899
14900
14904
14905
14910
14916
14921
14926
14933
14942
14943
14954
14966
14969
14980
14993
14994
14995
15004
15005
15017
15034
15041
15043
15058
15069
15073
15076
15092
15123
15125
15128
15137
15140
15144
15148
15164
15177
15184
15191
15194
15212
15215
15218
15221
15224
15225
15226
15231
15236
15253
15254
15255
15258
15264
15266
15267
15268
15269
15280
15304
15307
15319
15326
15330
15332
15337
15339
15346
15351
15352
15357
15359
15363
15369
15371
15374
15392
15395
15396
15413
15415
15429
15430
15436
15458
15464
15466
15481
15487
15490
15500
15507
15518
15531
15536
15539
15542
15545
15546
15547
15548
15568
15569
15570
15574
15577
15578
15586
15592
15599
15602
15608
15611
15621
15624
15625
15627
15629
15631
15641
15643
15648
15663
15668
15670
15673
15690
15692
15699
15705
15720
15723
15724
15726
15728
15731
15735
15736
15738
15740
15744
15745
15746
15755
15764
15771
15773
15774
15776
15807
15811
15814
15815
15822
15840
15842
15844
15854
15862
15867
15874
15877
15886
15891
15903
15905
15907
15915
15916
15918
15923
15928
15932
15934
15945
15955
15958
15961
15967
15968
15970
15973
15974
15981
15986
15987
15989
15995
16001
16002
16004
16012
16014
16018
16020
16023
16027
16039
16040
16044
16045
16053
16058
16060
16080
16085
16089
16097
16109
16111
16114
16116
16122
16123
16127
16128
16134
16136
16139
16150
16158
16159
16175
16183
16189
16192
16214
16226
16229
16231
16239
16243
16245
16250
16254
16259
16264
16266
16270
16276
16281
16288
16289
16299
16313
16317
16320
16324
16335
16339
16343
16352
16356
16358
16363
16367
16381
16395
16401
16402
16410
16416
16428
16430
16432
16437
16467
16475
16483
16488
16500
16504
16506
16509
16517
16520
16534
16542
16548
16557
16566
16595
16596
16597
16599
16604
16609
16612
16616
16621
16626
16628
16630
16641
16642
16644
16648
16649
16651
16659
16665
16675
16683
16685
16699
16714
16719
16726
16727
16730
16736
16738
16742
16746
16748
16761
16763
16773
16775
16779
16780
16783
16793
16796
16799
16801
16808
16811
16813
16818
16822
16828
16835
16839
16841
16842
16848
16853
16857
16862
16870
16871
16874
16877
16881
16887
16899
16902
16922
16927
16929
16930
16932
16942
16953
16958
16965
16966
16972
16978
16982
16993
16996
17000
17001
17004
17012
17024
17025
17026
17045
17077
17079
17081
17090
17099
17108
17112
17129
17132
17133
17141
17143
17144
17145
17153
17157
17164
17167
17186
17220
17228
17230
17232
17239
17247
17249
17251
17254
17255
17256
17275
17276
17278
17288
17289
17301
17316
17319
17332
17354
17355
17359
17362
17365
17366
17369
17378
17396
17401
17407
17410
17418
17419
17421
17422
17427
17430
17433
17436
17454
17473
17475
17492
17498
17501
17506
17512
17517
17523
17531
17532
17541
17543
17544
17548
17560
17563
17570
17571
17578
17582
17588
17601
17606
17608
17625
17626
17628
17631
17637
17641
17648
17650
17654
17668
17669
17670
17676
17677
17678
17695
17697
17698
17705
17707
17719
17723
17724
17728
17729
17733
17739
17749
17750
17753
17754
17768
17770
17772
17785
17786
17791
17792
17795
17806
17823
17824
17829
17830
17831
17832
17839
17842
17847
17857
17859
17862
17866
17877
17878
17880
17883
17896
17900
17902
17907
17910
17915
17917
17921
17931
17938
17945
17954
17958
17961
17964
17976
17982
17983
17998
17999
18006
18007
18010
18012
18013
18022
18024
18028
18043
18044
18045
18048
18052
18053
18060
18062
18063
18078
18083
18090
18092
18101
18105
18117
18124
18126
18143
18144
18145
18149
18153
18157
18174
18176
18184
18190
18192
18199
18204
18216
18225
18226
18227
18237
18243
18245
18246
18253
18255
18258
18265
18281
18297
18299
18304
18305
18311
18319
18320
18330
18331
18338
18348
18367
18368
18373
18385
18389
18396
18408
18414
18433
18435
18439
18442
18444
18452
18456
18460
18462
18469
18478
18481
18482
18489
18501
18504
18506
18511
18515
18519
18532
18566
18570
18575
18577
18585
18602
18616
18631
18641
18642
18656
18657
18662
18667
18672
18673
18685
18695
18708
18713
18716
18717
18721
18734
18745
18746
18752
18766
18770
18775
18777
18779
18781
18787
18792
18794
18803
18808
18810
18816
18817
18818
18825
18836
18838
18844
18845
18848
18854
18855
18857
18866
18875
18891
18895
18896
18910
18912
18914
18920
18936
18940
18944
18952
18955
18967
18972
18981
18988
18997
19001
19007
19014
19021
19024
19027
19029
19031
19037
19040
19041
19043
19044
19047
19050
19055
19061
19063
19071
19072
19078
19080
19082
19083
19100
19101
19103
19112
19119
19121
19124
19129
19130
19132
19141
19142
19154
19156
19163
19164
19174
19186
19199
19204
19210
19214
19216
19231
19237
19241
19258
19263
19268
19280
19293
19302
19306
19307
19314
19318
19323
19339
19340
19342
19345
19362
19364
19372
19376
19381
19395
19397
19400
19405
19423
19434
19440
19442
19446
19463
19469
19471
19472
19479
19480
19485
19486
19495
19497
19505
19510
19512
19516
19519
19527
19532
19534
19544
19547
19548
19550
19555
19562
19563
19579
19590
19598
19604
19605
19606
19608
19610
19613
19618
19634
19635
19654
19657
19658
19667
19686
19687
19698
19699
19702
19704
19708
19717
19739
19745
19752
19759
19760
19766
19786
19789
19796
19799
19800
19801
19802
19805
19807
19813
19814
19816
19822
19833
19836
19839
19841
19845
19853
19868
19869
19873
19890
19891
19896
19898
19901
19902
19904
19906
19926
19929
19932
19949
19951
19955
19963
19973
19990
20002
20011
20016
20031
20034
20049
20054
20065
20066
20083
20087
20096
20101
20106
20108
20120
20126
20129
20135
20136
20141
20155
20156
20168
20169
20170
20200
20201
20209
20222
20230
20235
20239
20241
20277
20280
20295
20296
20297
20299
20302
20315
20322
20324
20330
20335
20338
20339
20350
20351
20353
20356
20360
20363
20371
20375
20376
20378
20380
20383
20384
20388
20395
20405
20408
20426
20427
20435
20436
20453
20456
20461
20465
20469
20470
20476
20481
20485
20488
20497
20506
20518
20522
20523
20538
20552
20554
20556
20558
20563
20566
20570
20572
20586
20597
20615
20621
20628
20642
20649
20658
20659
20681
20688
20692
20699
20700
20701
20704
20705
20706
20711
20714
20717
20724
20726
20738
20740
20741
20742
20743
20744
20747
20753
20754
20755
20760
20765
20777
20786
20791
20796
20800
20810
20814
20817
20819
20821
20823
20825
20828
20832
20833
20837
20838
20844
20846
20855
20871
20872
20875
20877
20884
20887
20888
20890
20899
20900
20903
20904
20905
20909
20911
20912
20913
20921
20925
20937
20947
20950
20951
20953
20958
20960
20961
20963
20968
20979
20980
20990
20993
21008
21025
21032
21040
21041
21042
21043
21046
21064
21082
21094
21095
21096
21099
21100
21102
21103
21108
21110
21111
21113
21145
21155
21159
21168
21173
21180
21182
21205
21210
21212
21236
21238
21239
21243
21245
21251
21253
21259
21262
21275
21276
21278
21297
21300
21301
21312
21313
21318
21319
21327
21334
21340
21347
21352
21355
21380
21381
21385
21397
21400
21403
21429
21434
21452
21461
21479
21482
21485
21488
21501
21504
21516
21519
21525
21531
21532
21538
21543
21552
21557
21566
21571
21577
21584
21589
21596
21604
21610
21612
21623
21624
21627
21638
21640
21652
21653
21657
21661
21664
21667
21682
21685
21687
21691
21692
21698
21703
21704
21717
21725
21727
21731
21733
21749
21754
21758
21762
21764
21767
21769
21771
21772
21776
21787
21794
21801
21826
21828
21852
21858
21860
21863
21873
21875
21885
21889
21891
21892
21893
21896
21911
21914
21933
21941
21942
21944
21945
21950
21951
21966
21970
21978
21979
21988
21990
22003
22006
22009
22011
22014
22028
22030
22033
22038
22044
22046
22048
22055
22058
22077
22078
22087
22097
22103
22104
22109
22110
22124
22125
22129
22131
22144
22153
22154
22165
22172
22174
22177
22179
22191
22208
22214
22227
22229
22242
22245
22246
22248
22249
22251
22256
22258
22259
22269
22272
22278
22281
22308
22311
22324
22327
22334
22336
22338
22346
22349
22351
22356
22357
22364
22380
22389
22399
22407
22412
22419
22420
22427
22428
22438
22450
22456
22458
22459
22464
22465
22471
22472
22485
22490
22493
22499
22504
22509
22523
22527
22553
22560
22567
22569
22576
22577
22588
22593
22594
22606
22611
22613
22618
22622
22623
22635
22641
22642
22652
22656
22658
22661
22665
22667
22674
22677
22682
22683
22688
22690
22703
22727
22732
22734
22738
22741
22746
22752
22761
22770
22780
22783
22786
22789
22795
22797
22803
22820
22822
22825
22828
22831
22839
22841
22842
22847
22848
22853
22857
22859
22862
22863
22874
22877
22881
22896
22901
22911
22915
22920
22924
22934
22935
22940
22945
22953
22957
22959
22961
22969
22974
22994
22995
23009
23010
23019
23030
23035
23055
23058
23062
23065
23073
23074
23077
23078
23079
23080
23085
23086
23088
23089
23103
23106
23108
23114
23124
23136
23140
23143
23150
23153
23159
23162
23163
23170
23179
23182
23186
23192
23198
23206
23213
23229
23233
23234
23239
23243
23248
23259
23261
23289
23298
23306
23310
23313
23315
23318
23321
23332
23346
23349
23355
23362
23363
23381
23390
23396
23398
23406
23407
23411
23412
23413
23422
23452
23479
23484
23498
23501
23508
23535
23562
23575
23577
23580
23584
23586
23595
23605
23613
23616
23618
23619
23620
23631
23634
23653
23656
23663
23665
23674
23681
23683
23686
23692
23693
23695
23722
23740
23754
23765
23771
23785
23791
23792
23797
23799
23801
23803
23804
23806
23814
23837
23844
23853
23865
23873
23877
23880
23882
23883
23901
23911
23913
23918
23919
23928
23931
23937
23945
23962
23974
23978
23984
23991
24010
24015
24019
24023
24030
24036
24045
24051
24052
24055
24060
24061
24064
24073
24076
24085
24088
24090
24095
24099
24100
24102
24103
24113
24115
24117
24118
24123
24131
24133
24136
24141
24142
24156
24160
24165
24170
24184
24187
24202
24207
24215
24216
24222
24224
24226
24228
24233
24235
24241
24247
24257
24265
24273
24277
24279
24281
24292
24295
24303
24321
24341
24361
24374
24380
24383
24397
24402
24416
24422
24450
24451
24462
24467
24469
24475
24481
24486
24492
24493
24496
24497
24499
24519
24529
24531
24532
24533
24538
24542
24544
24546
24552
24557
24570
24582
24584
24586
24589
24597
24600
24619
24621
24628
24631
24636
24641
24644
24652
24660
24669
24675
24687
24690
24696
24699
24703
24708
24717
24719
24733
24735
24739
24741
24742
24744
24751
24752
24766
24770
24773
24778
24780
24799
24802
24809
24815
24816
24822
24847
24867
24869
24870
24871
24872
24879
24881
24884
24898
24901
24904
24905
24915
24919
24928
24939
24944
24956
24959
24965
24971
24980
24996
25008
25009
25010
25012
25017
25020
25024
25039
25044
25046
25048
25060
25061
25065
25067
25076
25077
25082
25089
25092
25099
25111
25116
25120
25124
25131
25151
25153
25155
25160
25166
25180
25184
25196
25201
25208
25217
25222
25227
25230
25234
25236
25239
25246
25249
25252
25253
25257
25260
25263
25266
25279
25301
25302
25308
25309
25314
25323
25324
25327
25328
25332
25334
25336
25356
25359
25364
25366
25367
25375
25382
25387
25394
25398
25400
25409
25411
25419
25424
25431
25433
25438
25439
25441
25442
25445
25453
25454
25464
25468
25470
25478
25490
25493
25509
25512
25513
25521
25528
25533
25544
25546
25551
25561
25577
25581
25586
25590
25623
25625
25629
25639
25645
25654
25655
25678
25680
25686
25691
25702
25706
25707
25716
25725
25728
25729
25732
25733
25741
25742
25752
25753
25758
25771
25778
25784
25789
25790
25798
25804
25812
25816
25824
25832
25840
25852
25867
25871
25874
25879
25882
25894
25897
25902
25909
25917
25921
25923
25924
25942
25946
25954
25956
25967
25970
25982
26006
26007
26020
26022
26037
26048
26050
26052
26062
26065
26076
26083
26084
26103
26120
26124
26127
26135
26141
26142
26148
26177
26178
26184
26186
26193
26194
26209
26213
26214
26215
26216
26217
26219
26225
26233
26240
26244
26249
26251
26257
26262
26267
26269
26271
26278
26281
26282
26284
26287
26288
26292
26299
26303
26318
26329
26345
26350
26354
26356
26374
26380
26385
26391
26395
26402
26405
26406
26419
26420
26438
26440
26449
26461
26465
26471
26472
26473
26482
26499
26505
26506
26516
26520
26536
26537
26545
26567
26571
26574
26593
26594
26602
26607
26609
26622
26640
26646
26654
26681
26692
26695
26696
26700
26707
26723
26735
26736
26737
26741
26743
26746
26749
26754
26765
26769
26770
26774
26786
26790
26802
26805
26806
26807
26808
26809
26825
26829
26832
26835
26837
26839
26851
26857
26867
26869
26877
26878
26881
26888
26894
26901
26915
26917
26921
26928
26929
26930
26931
26939
26941
26946
26950
26956
26973
26988
27026
27030
27031
27037
27039
27040
27045
27046
27048
27060
27067
27071
27074
27078
27080
27098
27104
27106
27107
27114
27120
27122
27130
27136
27146
27156
27159
27160
27161
27165
27175
27186
27200
27202
27204
27217
27220
27234
27236
27242
27243
27248
27255
27257
27262
27270
27272
27282
27289
27291
27308
27310
27319
27325
27358
27362
27368
27370
27382
27392
27395
27401
27406
27413
27415
27417
27419
27425
27435
27438
27446
27460
27461
27472
27477
27485
27490
27491
27502
27509
27510
27512
27519
27521
27526
27528
27529
27531
27532
27533
27543
27550
27552
27558
27562
27574
27577
27580
27600
27617
27629
27632
27643
27645
27648
27653
27666
27668
27669
27671
27682
27690
27695
27711
27716
27722
27724
27727
27731
27732
27734
27737
27743
27746
27748
27750
27755
27756
27759
27763
27799
27823
27838
27842
27845
27846
27848
27851
27862
27875
27892
27897
27909
27910
27917
27918
27919
27925
27937
27940
27941
27944
27949
27971
27974
27978
27981
27986
27992
27995
28006
28010
28016
28025
28026
28028
28032
28036
28043
28068
28073
28075
28091
28101
28106
28109
28114
28115
28117
28120
28132
28139
28148
28159
28160
28162
28164
28182
28193
28206
28207
28209
28215
28222
28226
28248
28249
28250
28254
28262
28265
28266
28267
28268
28279
28283
28284
28296
28297
28298
28304
28308
28316
28324
28325
28327
28342
28346
28353
28361
28371
28377
28382
28383
28385
28388
28389
28391
28394
28402
28406
28408
28409
28418
28432
28440
28461
28463
28473
28481
28496
28500
28504
28507
28508
28513
28515
28516
28517
28518
28521
28522
28526
28527
28563
28566
28575
28576
28587
28588
28596
28600
28602
28614
28624
28625
28632
28641
28642
28647
28658
28660
28663
28669
28671
28673
28692
28693
28704
28710
28711
28713
28717
28732
28733
28745
28747
28750
28754
28768
28775
28777
28783
28785
28787
28796
28804
28805
28807
28818
28821
28829
28834
28836
28839
28844
28845
28853
28856
28857
28858
28861
28862
28864
28872
28880
28887
28888
28892
28894
28900
28905
28906
28907
28909
28917
28920
28942
28946
28951
28957
28966
28971
28974
28983
28985
28989
28994
28997
28998
29001
29008
29011
29018
29026
29027
29028
29029
29031
29037
29041
29043
29048
29059
29063
29064
29069
29076
29078
29079
29083
29088
29091
29092
29105
29135
29146
29147
29148
29153
29157
29161
29163
29165
29169
29173
29184
29203
29211
29216
29219
29222
29230
29231
29242
29247
29270
29271
29275
29283
29289
29291
29292
29300
29304
29309
29335
29338
29347
29350
29356
29360
29368
29370
29386
29388
29389
29396
29409
29410
29416
29426
29433
29442
29453
29465
29466
29469
29478
29487
29488
29489
29494
29501
29507
29508
29514
29516
29519
29525
29533
29534
29540
29554
29556
29557
29564
29570
29581
29582
29583
29588
29606
29623
29640
29648
29653
29658
29659
29661
29662
29665
29668
29673
29683
29692
29703
29706
29708
29710
29713
29716
29719
29726
29727
29733
29736
29737
29757
29765
29766
29771
29777
29781
29788
29792
29794
29804
29805
29817
29818
29831
29834
29836
29837
29840
29844
29845
29848
29850
29853
29867
29875
29880
29882
29884
29909
29919
29922
29946
29951
29955
29959
29964
29967
29985
30001
30022
30024
30026
30040
30041
30042
30043
30047
30048
30051
30057
30068
30070
30071
30085
30094
30096
30098
30099
30108
30120
30123
30142
30143
30148
30151
30155
30156
30158
30162
30180
30188
30194
30195
30211
30215
30218
30225
30235
30243
30252
30253
30262
30266
30270
30275
30278
30280
30284
30285
30288
30297
30298
30300
30315
30316
30319
30322
30330
30334
30343
30346
30351
30352
30371
30372
30383
30398
30412
30413
30416
30418
30457
30470
30472
30473
30479
30482
30483
30487
30492
30493
30495
30499
30511
30512
30516
30519
30523
30527
30529
30537
30551
30553
30555
30556
30559
30561
30566
30568
30576
30580
30582
30586
30588
30592
30606
30609
30614
30624
30639
30651
30656
30660
30685
30689
30693
30694
30697
30701
30704
30713
30724
30727
30730
30738
30743
30745
30752
30803
30804
30806
30811
30814
30817
30819
30821
30825
30827
30828
30831
30832
30839
30840
30842
30844
30848
30861
30878
30882
30884
30886
30890
30906
30909
30913
30923
30926
30929
30948
30953
30959
30969
30972
30979
30985
30999
31010
31013
31022
31027
31030
31033
31039
31044
31052
31062
31064
31073
31083
31090
31098
31102
31106
31112
31115
31120
31131
31141
31143
31145
31150
31151
31153
31155
31156
31167
31169
31171
31174
31180
31182
31189
31195
31204
31205
31206
31214
31215
31220
31223
31247
31249
31256
31257
31258
31263
31265
31268
31270
31277
31278
31286
31287
31299
31308
31309
31311
31328
31332
31353
31357
31361
31378
31390
31400
31401
31407
31410
31450
31456
31458
31461
31483
31489
31491
31493
31494
31495
31498
31501
31506
31515
31531
31533
31538
31539
31546
31549
31551
31553
31554
31556
31559
31564
31565
31578
31588
31589
31598
31603
31613
31614
31619
31622
31643
31650
31659
31660
31671
31688
31693
31696
31697
31698
31703
31713
31715
31731
31752
31755
31757
31758
31763
31767
31768
31776
31779
31784
31786
31789
31792
31807
31821
31826
31829
31832
31839
31843
31852
31856
31864
31869
31872
31878
31887
31899
31900
31905
31908
31909
31916
31917
31919
31931
31934
31939
31944
31950
31954
31960
31972
31979
31999
32000
32006
32017
32024
32025
32029
32043
32048
32055
32068
32070
32077
32081
32082
32099
32101
32102
32118
32131
32138
32144
32147
32152
32156
32159
32168
32172
32180
32189
32192
32194
32202
32214
32219
32223
32225
32241
32251
32253
32257
32261
32264
32268
32269
32273
32283
32285
32289
32307
32316
32320
32322
32324
32331
32334
32344
32345
32346
32347
32348
32352
32354
32356
32358
32380
32386
32388
32412
32413
32416
32419
32430
32439
32444
32447
32449
32450
32452
32466
32467
32469
32472
32483
32485
32491
32510
32514
32520
32522
32526
32528
32532
32533
32542
32545
32548
32553
32554
32560
32570
32574
32581
32588
32590
32607
32608
32611
32615
32621
32623
32625
32641
32645
32660
32662
32678
32679
32684
32697
32699
32700
32703
32719
32721
32739
32745
32757
32758
32759
32766
32769
32775
32783
32801
32805
32810
32825
32839
32842
32843
32850
32852
32860
32868
32872
32917
32920
32924
32950
32956
32958
32962
32966
32968
32972
32992
32997
32998
33001
33008
33013
33021
33032
33038
33045
33047
33060
33062
33084
33085
33087
33091
33100
33103
33108
33109
33116
33117
33126
33128
33144
33149
33151
33155
33158
33160
33185
33195
33203
33206
33213
33224
33225
33227
33233
33242
33243
33247
33249
33258
33269
33272
33273
33283
33293
33294
33298
33314
33315
33316
33328
33330
33332
33340
33341
33344
33345
33346
33348
33351
33360
33370
33378
33392
33405
33406
33410
33418
33422
33428
33442
33460
33463
33473
33477
33483
33500
33501
33504
33505
33518
33532
33534
33536
33543
33545
33547
33549
33553
33555
33563
33571
33572
33591
33608
33609
33621
33636
33642
33649
33650
33657
33661
33669
33672
33697
33703
33704
33720
33726
33731
33735
33736
33739
33742
33744
33764
33765
33790
33792
33794
33805
33822
33832
33838
33843
33855
33858
33860
33862
33867
33871
33886
33890
33891
33904
33908
33916
33917
33918
33939
33947
33952
33960
33977
33995
33996
34003
34011
34014
34023
34024
34026
34028
34031
34040
34046
34048
34050
34054
34061
34067
34075
34078
34079
34085
34092
34094
34100
34109
34111
34112
34119
34132
34136
34139
34146
34157
34171
34189
34190
34194
34200
34205
34207
34216
34219
34222
34229
34235
34238
34246
34247
34248
34253
34257
34259
34281
34286
34306
34310
34321
34324
34326
34336
34339
34345
34350
34351
34354
34362
34366
34374
34385
34388
34391
34397
34405
34407
34421
34425
34430
34438
34441
34450
34462
34492
34500
34516
34517
34518
34525
34529
34532
34533
34534
34538
34549
34574
34580
34581
34583
34599
34600
34609
34613
34614
34642
34651
34653
34654
34656
34660
34667
34670
34671
34678
34682
34688
34696
34700
34705
34714
34732
34738
34749
34761
34764
34766
34768
34769
34771
34776
34777
34780
34783
34785
34787
34799
34808
34810
34815
34822
34830
34832
34849
34850
34858
34859
34880
34882
34889
34905
34914
34917
34923
34925
34932
34941
34944
34967
34999
35011
35014
35033
35038
35045
35050
35064
35082
35085
35092
35101
35109
35113
35124
35127
35133
35143
35158
35163
35164
35169
35170
35172
35173
35189
35190
35191
35201
35203
35204
35210
35211
35213
35215
35216
35221
35222
35224
35229
35246
35258
35270
35280
35305
35313
35320
35321
35322
35330
35332
35334
35337
35341
35342
35346
35353
35357
35361
35364
35367
35369
35375
35376
35377
35389
35392
35395
35414
35415
35420
35421
35424
35425
35429
35431
35434
35439
35446
35470
35474
35484
35485
35487
35490
35494
35505
35510
35542
35552
35554
35556
35560
35571
35576
35590
35605
35607
35610
35623
35627
35635
35638
35640
35646
35651
35653
35656
35658
35659
35660
35666
35676
35678
35680
35686
35690
35698
35718
35724
35733
35734
35751
35756
35757
35764
35776
35780
35791
35792
35797
35798
35799
35800
35801
35803
35816
35818
35825
35831
35835
35840
35841
35851
35860
35864
35885
35890
35893
35897
35903
35915
35918
35923
35924
35937
35944
35953
35955
35956
35966
35970
35976
35983
35984
36012
36013
36017
36018
36028
36029
36031
36036
36042
36050
36058
36060
36084
36085
36088
36090
36093
36097
36100
36103
36107
36108
36112
36126
36137
36151
36153
36181
36182
36185
36200
36204
36212
36218
36219
36220
36234
36244
36253
36272
36277
36279
36285
36288
36290
36298
36299
36300
36301
36311
36314
36315
36317
36325
36331
36337
36338
36341
36353
36354
36360
36365
36390
36392
36400
36403
36405
36406
36408
36422
36437
36440
36442
36453
36457
36458
36461
36478
36490
36494
36500
36503
36514
36515
36521
36523
36524
36527
36543
36548
36549
36556
36601
36605
36614
36617
36622
36634
36648
36656
36660
36664
36677
36683
36684
36689
36695
36707
36710
36712
36716
36727
36729
36742
36746
36749
36751
36755
36757
36761
36766
36772
36777
36779
36782
36789
36790
36791
36814
36820
36830
36835
36839
36848
36851
36857
36860
36861
36864
36867
36871
36881
36892
36893
36905
36919
36922
36923
36928
36933
36935
36938
36939
36946
36956
36976
36979
36983
36984
36989
36993
37012
37013
37026
37028
37033
37035
37050
37054
37056
37074
37086
37088
37089
37095
37104
37107
37110
37116
37124
37140
37141
37145
37168
37179
37181
37182
37183
37185
37187
37191
37196
37211
37223
37224
37230
37232
37238
37245
37253
37255
37257
37266
37267
37272
37295
37304
37306
37308
37311
37315
37317
37327
37335
37343
37346
37350
37352
37359
37362
37366
37374
37376
37378
37387
37409
37417
37420
37429
37431
37434
37438
37441
37445
37453
37454
37456
37458
37460
37463
37468
37473
37487
37492
37493
37509
37521
37523
37525
37532
37534
37541
37550
37551
37555
37561
37576
37580
37583
37586
37595
37614
37616
37620
37621
37638
37649
37654
37667
37668
37671
37680
37701
37706
37708
37716
37717
37723
37734
37736
37754
37763
37771
37793
37794
37812
37820
37824
37826
37843
37854
37868
37870
37888
37892
37900
37906
37910
37915
37920
37922
37925
37931
37932
37942
37946
37951
37959
37963
37965
37978
37979
37982
37984
37989
37999
38013
38015
38028
38032
38033
38037
38043
38046
38054
38058
38062
38070
38072
38089
38092
38103
38110
38113
38122
38128
38140
38148
38150
38165
38166
38168
38177
38181
38182
38183
38187
38188
38191
38192
38193
38197
38206
38208
38212
38214
38226
38227
38230
38231
38242
38244
38257
38262
38269
38276
38277
38278
38308
38309
38311
38314
38331
38333
38336
38339
38347
38350
38355
38359
38364
38367
38373
38378
38395
38401
38402
38411
38418
38420
38423
38437
38444
38452
38455
38456
38469
38471
38478
38480
38485
38498
38499
38503
38504
38510
38511
38530
38532
38533
38537
38540
38542
38550
38558
38563
38568
38569
38577
38580
38584
38585
38591
38597
38604
38611
38617
38620
38625
38626
38631
38636
38644
38648
38662
38671
38672
38674
38679
38680
38688
38689
38696
38700
38702
38703
38704
38732
38738
38740
38743
38746
38756
38766
38775
38779
38780
38788
38794
38795
38798
38802
38827
38837
38840
38853
38866
38869
38877
38886
38891
38900
38909
38930
38937
38939
38942
38946
38949
38954
38957
38963
38965
38973
39005
39008
39010
39013
39015
39019
39036
39040
39041
39047
39048
39055
39060
39063
39064
39065
39069
39072
39076
39077
39094
39097
39104
39110
39111
39120
39127
39136
39142
39148
39161
39170
39191
39195
39196
39207
39218
39226
39239
39241
39255
39258
39259
39270
39275
39282
39291
39305
39308
39318
39327
39329
39335
39345
39347
39369
39371
39378
39381
39382
39388
39397
39405
39407
39408
39409
39412
39413
39414
39428
39430
39432
39435
39445
39446
39455
39471
39476
39478
39481
39482
39489
39493
39495
39497
39499
39509
39524
39538
39559
39568
39575
39581
39582
39588
39589
39592
39597
39602
39603
39610
39611
39615
39616
39624
39625
39627
39632
39636
39637
39653
39668
39672
39675
39677
39682
39689
39693
39697
39698
39699
39703
39704
39712
39714
39717
39725
39758
39762
39769
39775
39777
39779
39781
39787
39789
39795
39796
39800
39802
39837
39842
39850
39857
39866
39871
39874
39885
39896
39916
39918
39924
39927
39944
39962
39964
39969
39981
39993
39995
39996
40017
40018
40037
40039
40041
40058
40060
40101
40104
40112
40116
40125
40127
40130
40143
40147
40155
40160
40161
40163
40167
40198
40199
40200
40204
40206
40208
40210
40211
40213
40215
40218
40219
40220
40226
40231
40232
40233
40241
40244
40245
40259
40266
40277
40284
40288
40293
40295
40296
40302
40308
40313
40336
40337
40340
40367
40370
40372
40385
40391
40394
40396
40403
40407
40409
40413
40446
40448
40462
40470
40480
40483
40486
40521
40525
40539
40545
40556
40585
40605
40611
40637
40638
40639
40647
40649
40656
40660
40664
40666
40667
40672
40675
40678
40680
40683
40693
40694
40695
40700
40703
40704
40707
40715
40726
40728
40733
40736
40738
40753
40759
40766
40769
40776
40777
40782
40787
40798
40815
40818
40828
40833
40851
40856
40861
40869
40875
40889
40897
40906
40919
40920
40923
40928
40939
40945
40947
40948
40955
40958
40965
40982
40995
41000
41002
41003
41022
41026
41027
41042
41043
41045
41047
41070
41078
41089
41097
41098
41099
41105
41112
41114
41125
41129
41136
41151
41155
41165
41168
41175
41176
41182
41190
41196
41199
41203
41204
41209
41212
41222
41224
41225
41227
41251
41256
41258
41259
41260
41278
41285
41298
41304
41309
41315
41317
41318
41325
41327
41328
41330
41337
41357
41358
41362
41366
41380
41386
41388
41400
41402
41403
41406
41415
41418
41419
41423
41427
41429
41441
41445
41448
41449
41460
41464
41472
41473
41474
41479
41486
41487
41488
41496
41504
41506
41513
41518
41539
41541
41546
41551
41552
41553
41554
41557
41561
41565
41570
41576
41587
41588
41592
41597
41605
41606
41612
41629
41631
41653
41654
41655
41656
41659
41664
41679
41683
41701
41703
41714
41719
41721
41728
41740
41747
41748
41751
41776
41792
41800
41802
41803
41804
41807
41808
41814
41819
41824
41835
41846
41852
41861
41864
41869
41875
41878
41895
41899
41901
41904
41909
41922
41923
41928
41929
41930
41931
41940
41946
41949
41953
41960
41962
41968
41970
41971
41973
41985
41988
41996
42007
42011
42015
42016
42022
42024
42038
42041
42046
42051
42052
42059
42064
42076
42084
42088
42089
42097
42098
42112
42115
42120
42121
42124
42127
42136
42137
42140
42143
42148
42158
42160
42167
42172
42179
42199
42207
42223
42224
42226
42228
42241
42249
42250
42256
42269
42270
42280
42281
42282
42283
42285
42290
42299
42302
42306
42321
42324
42329
42330
42331
42338
42343
42351
42352
42354
42368
42374
42376
42378
42383
42387
42394
42395
42397
42398
42405
42413
42418
42435
42437
42439
42443
42492
42494
42496
42508
42512
42513
42514
42527
42531
42534
42535
42542
42549
42554
42563
42573
42588
42594
42599
42601
42603
42605
42606
42610
42624
42655
42660
42674
42683
42684
42689
42691
42697
42700
42702
42704
42705
42724
42727
42728
42736
42740
42741
42744
42750
42753
42759
42772
42778
42779
42784
42785
42786
42789
42797
42806
42808
42824
42830
42831
42832
42833
42835
42841
42851
42856
42857
42860
42863
42874
42881
42884
42889
42913
42915
42920
42927
42937
42954
42956
42957
42962
42968
42977
42979
42985
42995
43001
43007
43024
43033
43040
43054
43062
43069
43079
43086
43096
43105
43127
43134
43136
43145
43156
43158
43171
43174
43178
43181
43194
43196
43202
43210
43219
43223
43226
43235
43237
43241
43251
43254
43258
43262
43267
43278
43284
43302
43325
43332
43353
43373
43376
43388
43414
43415
43421
43445
43457
43459
43471
43472
43473
43476
43479
43481
43482
43492
43493
43505
43519
43528
43533
43541
43543
43553
43557
43558
43565
43568
43579
43583
43584
43586
43591
43592
43595
43599
43604
43612
43622
43629
43630
43631
43637
43667
43675
43682
43684
43690
43692
43710
43711
43712
43714
43715
43722
43733
43735
43742
43743
43748
43750
43763
43793
43800
43808
43815
43817
43818
43824
43825
43827
43833
43837
43838
43841
43843
43850
43855
43858
43862
43870
43873
43885
43887
43892
43898
43904
43905
43908
43915
43924
43925
43933
43937
43939
43946
43953
43957
43958
43961
43963
43964
43969
43980
43986
43989
44001
44008
44022
44025
44028
44043
44048
44049
44062
44064
44065
44078
44079
44080
44086
44089
44093
44096
44100
44102
44103
44106
44108
44112
44115
44117
44129
44134
44144
44145
44146
44153
44157
44173
44176
44195
44205
44206
44216
44217
44223
44228
44233
44244
44246
44249
44254
44266
44268
44277
44279
44286
44287
44288
44297
44300
44305
44309
44321
44332
44337
44344
44348
44349
44352
44355
44356
44360
44375
44376
44379
44380
44381
44382
44383
44385
44391
44399
44401
44403
44415
44419
44421
44432
44433
44437
44445
44448
44456
44469
44471
44473
44490
44510
44511
44517
44519
44525
44527
44531
44532
44533
44535
44536
44546
44556
44564
44576
44577
44581
44585
44593
44613
44620
44628
44633
44642
44644
44648
44659
44668
44669
44673
44691
44695
44701
44708
44713
44714
44717
44719
44720
44723
44724
44726
44730
44742
44743
44749
44752
44755
44762
44763
44785
44786
44794
44802
44803
44817
44835
44838
44842
44844
44847
44859
44860
44866
44874
44876
44879
44904
44919
44922
44923
44924
44935
44944
44947
44949
44962
44978
44990
44991
44998
45012
45014
45018
45025
45033
45036
45040
45042
45045
45049
45068
45073
45079
45082
45087
45088
45089
45095
45097
45110
45127
45130
45131
45133
45138
45139
45141
45143
45168
45184
45192
45199
45200
45210
45212
45214
45215
45222
45223
45232
45234
45236
45240
45258
45265
45271
45276
45277
45281
45285
45288
45291
45292
45295
45308
45312
45326
45330
45342
45343
45354
45357
45360
45367
45370
45379
45380
45381
45393
45395
45397
45405
45407
45410
45421
45425
45434
45445
45446
45459
45461
45473
45474
45486
45487
45490
45502
45504
45505
45506
45509
45522
45530
45539
45541
45555
45566
45567
45571
45581
45584
45601
45611
45617
45623
45634
45636
45639
45647
45650
45651
45654
45660
45682
45684
45686
45687
45702
45722
45726
45735
45744
45745
45749
45750
45754
45759
45769
45774
45800
45811
45817
45821
45832
45834
45836
45837
45842
45846
45850
45856
45864
45872
45874
45875
45889
45893
45910
45912
45915
45917
45926
45930
45944
45954
45966
45970
45975
45976
45980
45985
45991
45992
46010
46018
46020
46029
46030
46035
46037
46040
46041
46050
46053
46059
46063
46068
46075
46081
46084
46090
46092
46100
46105
46107
46111
46122
46135
46141
46150
46152
46157
46161
46162
46173
46180
46182
46187
46200
46201
46202
46209
46223
46228
46229
46231
46234
46235
46244
46245
46251
46254
46255
46256
46260
46262
46265
46284
46285
46287
46292
46300
46301
46303
46326
46328
46345
46352
46355
46357
46363
46364
46373
46374
46388
46393
46430
46431
46439
46440
46441
46442
46454
46460
46463
46471
46477
46488
46491
46507
46510
46518
46523
46531
46533
46546
46551
46571
46574
46576
46579
46584
46585
46586
46587
46592
46593
46596
46601
46603
46605
46616
46621
46627
46630
46632
46637
46639
46645
46651
46657
46668
46669
46671
46675
46680
46685
46693
46694
46704
46708
46711
46733
46740
46743
46749
46754
46757
46759
46769
46772
46773
46774
46790
46791
46803
46811
46813
46821
46822
46830
46840
46843
46851
46852
46866
46867
46893
46894
46902
46910
46916
46923
46925
46947
46962
47009
47014
47019
47029
47034
47035
47043
47044
47046
47048
47055
47057
47066
47067
47075
47083
47091
47096
47109
47121
47128
47135
47148
47153
47155
47171
47189
47196
47207
47217
47226
47243
47249
47252
47253
47260
47261
47264
47265
47266
47272
47275
47301
47308
47310
47313
47317
47323
47334
47338
47341
47344
47353
47360
47361
47363
47369
47370
47374
47380
47383
47387
47389
47399
47401
47404
47406
47408
47412
47415
47426
47428
47436
47450
47453
47469
47471
47488
47494
47495
47497
47499
47507
47517
47520
47524
47531
47552
47564
47568
47573
47597
47606
47622
47638
47639
47641
47642
47647
47652
47659
47664
47672
47694
47697
47703
47708
47721
47733
47738
47753
47759
47763
47764
47765
47772
47807
47808
47811
47825
47828
47841
47845
47850
47868
47891
47901
47903
47904
47908
47912
47919
47930
47945
47948
47960
47965
47973
47981
47988
47994
48001
48010
48012
48013
48032
48035
48036
48039
48058
48060
48069
48070
48089
48092
48099
48107
48111
48118
48120
48124
48132
48141
48146
48151
48157
48170
48174
48175
48176
48180
48182
48187
48189
48195
48226
48234
48241
48242
48250
48252
48254
48255
48257
48266
48270
48286
48289
48290
48295
48304
48306
48308
48319
48321
48324
48329
48331
48342
48345
48348
48354
48366
48377
48394
48395
48400
48401
48419
48423
48426
48442
48448
48460
48480
48487
48491
48493
48499
48516
48518
48527
48530
48546
48555
48564
48582
48583
48586
48592
48624
48625
48626
48633
48642
48650
48656
48666
48672
48676
48681
48682
48687
48691
48697
48699
48700
48701
48709
48711
48719
48728
48740
48765
48774
48775
48778
48782
48787
48797
48800
48803
48806
48813
48822
48836
48841
48847
48848
48854
48864
48868
48870
48874
48883
48895
48902
48903
48908
48909
48920
48922
48940
48945
48947
48965
48966
48972
48975
48976
48990
49000
49009
49011
49028
49029
49030
49032
49035
49041
49042
49056
49059
49062
49066
49081
49086
49090
49101
49104
49116
49127
49129
49130
49139
49140
49161
49174
49184
49186
49190
49194
49203
49205
49215
49231
49239
49240
49242
49253
49272
49277
49286
49290
49291
49299
49316
49320
49325
49327
49328
49330
49331
49333
49340
49342
49355
49359
49361
49363
49376
49392
49397
49402
49414
49416
49433
49435
49440
49455
49465
49470
49490
49491
49509
49515
49516
49524
49529
49530
49541
49545
49552
49553
49554
49567
49568
49578
49581
49582
49585
49589
49595
49596
49604
49609
49621
49622
49657
49660
49661
49663
49666
49668
49669
49673
49684
49692
49707
49710
49713
49716
49722
49733
49737
49739
49742
49750
49760
49762
49782
49786
49797
49806
49816
49818
49825
49830
49832
49841
49847
49850
49861
49862
49875
49894
49908
49916
49920
49926
49936
49937
49956
49965
49970
49972
49976
49982
49986
49994
50004
50021
50033
50036
50037
50049
50054
50059
50060
50065
50068
50077
50082
50086
50090
50107
50112
50120
50128
50136
50137
50140
50148
50153
50160
50178
50179
50197
50206
50216
50232
50235
50246
50247
50248
50249
50256
50258
50260
50262
50265
50272
50276
50281
50285
50290
50292
50295
50309
50312
50321
50325
50328
50336
50345
50351
50352
50356
50359
50361
50365
50366
50380
50386
50390
50391
50392
50402
50410
50414
50420
50425
50428
50429
50448
50449
50452
50457
50464
50469
50476
50483
50484
50493
50497
50499
50509
50521
50522
50530
50536
50537
50545
50546
50554
50556
50558
50563
50566
50568
50571
50572
50575
50581
50584
50589
50590
50592
50593
50596
50597
50599
50616
50619
50623
50625
50631
50636
50638
50640
50648
50649
50650
50658
50667
50669
50673
50678
50686
50693
50706
50709
50712
50713
50724
50729
50731
50733
50737
50746
50753
50760
50764
50771
50786
50801
50807
50814
50818
50823
50836
50841
50842
50861
50862
50868
50870
50884
50888
50890
50905
50910
50911
50913
50915
50919
50923
50925
50935
50939
50943
50944
50962
50963
50974
50988
50990
50994
51004
51006
51007
51012
51030
51046
51052
51054
51058
51069
51071
51078
51079
51081
51084
51085
51091
51095
51096
51102
51103
51107
51128
51135
51150
51153
51162
51168
51175
51178
51191
51207
51212
51216
51222
51227
51230
51232
51233
51234
51235
51240
51241
51246
51250
51253
51260
51268
51271
51274
51276
51281
51282
51284
51285
51288
51297
51298
51309
51310
51311
51313
51315
51322
51361
51363
51365
51366
51367
51387
51398
51399
51401
51405
51407
51412
51444
51456
51462
51475
51478
51488
51497
51501
51506
51511
51514
51527
51529
51532
51537
51546
51550
51565
51570
51572
51575
51597
51603
51607
51620
51622
51625
51636
51638
51640
51650
51654
51655
51658
51660
51661
51679
51682
51688
51697
51711
51726
51729
51733
51745
51753
51758
51761
51768
51772
51774
51780
51791
51795
51796
51802
51812
51813
51816
51819
51820
51832
51840
51862
51873
51878
51882
51913
51917
51926
51939
51954
51981
51985
51989
51990
51996
52005
52009
52011
52014
52016
52021
52024
52027
52032
52033
52034
52045
52047
52053
52055
52058
52062
52064
52065
52073
52080
52083
52086
52094
52095
52098
52099
52100
52111
52113
52117
52132
52137
52140
52143
52144
52150
52157
52161
52163
52167
52168
52175
52181
52183
52193
52214
52218
52221
52222
52227
52229
52238
52246
52249
52255
52275
52278
52280
52282
52290
52293
52300
52303
52305
52309
52310
52311
52313
52316
52330
52336
52340
52352
52353
52354
52357
52365
52366
52369
52371
52385
52391
52392
52399
52403
52407
52415
52418
52419
52425
52428
52432
52444
52455
52457
52458
52462
52468
52476
52486
52489
52498
52504
52514
52518
52528
52537
52542
52547
52556
52557
52570
52580
52589
52595
52596
52608
52615
52625
52629
52641
52644
52647
52650
52687
52691
52695
52707
52712
52730
52738
52741
52744
52753
52760
52773
52780
52785
52792
52794
52807
52815
52822
52823
52826
52830
52833
52834
52835
52836
52837
52838
52853
52859
52864
52871
52876
52877
52882
52895
52902
52904
52912
52918
52921
52925
52933
52934
52939
52950
52955
52956
52959
52964
52987
52989
53003
53006
53009
53027
53032
53037
53039
53044
53045
53059
53060
53065
53073
53083
53093
53102
53104
53108
53115
53116
53117
53120
53128
53132
53136
53137
53140
53146
53150
53161
53169
53171
53173
53174
53176
53177
53179
53196
53198
53215
53245
53255
53272
53273
53278
53285
53286
53296
53302
53304
53311
53316
53319
53321
53326
53329
53347
53349
53355
53357
53359
53371
53373
53375
53380
53382
53386
53433
53441
53447
53450
53457
53459
53465
53470
53474
53477
53489
53501
53507
53519
53538
53544
53546
53556
53559
53571
53580
53602
53605
53622
53630
53633
53635
53658
53664
53678
53681
53684
53690
53692
53697
53703
53704
53708
53713
53714
53720
53749
53772
53777
53781
53786
53788
53789
53791
53801
53803
53810
53819
53820
53821
53823
53829
53832
53836
53847
53850
53851
53852
53862
53867
53878
53883
53884
53886
53893
53897
53900
53901
53903
53904
53907
53908
53913
53917
53933
53940
53947
53948
53949
53952
53955
53972
53975
53976
54004
54012
54014
54016
54018
54037
54045
54059
54060
54070
54075
54078
54086
54091
54101
54106
54117
54127
54128
54129
54143
54146
54147
54152
54156
54177
54178
54183
54190
54196
54202
54206
54207
54209
54211
54219
54225
54226
54235
54244
54249
54252
54265
54275
54281
54288
54290
54291
54296
54299
54301
54311
54318
54326
54328
54350
54352
54363
54370
54374
54379
54386
54404
54406
54419
54425
54429
54435
54446
54448
54452
54453
54454
54463
54464
54467
54477
54487
54491
54495
54508
54518
54525
54526
54530
54535
54550
54556
54567
54607
54612
54626
54631
54633
54642
54656
54661
54665
54672
54676
54677
54690
54699
54704
54723
54730
54749
54766
54775
54777
54785
54792
54806
54808
54814
54819
54823
54825
54826
54829
54834
54840
54849
54851
54855
54858
54866
54870
54873
54874
54880
54887
54892
54896
54904
54907
54916
54918
54923
54931
54932
54945
54954
54969
54983
54985
54989
54992
54995
54997
54999
55003
55006
55007
55011
55019
55033
55036
55041
55048
55053
55055
55056
55060
55065
55066
55075
55081
55085
55093
55100
55112
55115
55118
55131
55140
55156
55159
55162
55166
55171
55173
55174
55181
55212
55215
55219
55220
55222
55226
55231
55232
55233
55246
55248
55251
55258
55269
55281
55291
55311
55316
55318
55320
55326
55334
55340
55356
55371
55380
55381
55383
55384
55386
55389
55391
55398
55410
55413
55417
55430
55437
55440
55443
55447
55456
55460
55462
55471
55481
55499
55509
55522
55526
55545
55548
55550
55573
55574
55585
55588
55589
55599
55603
55606
55607
55608
55626
55631
55637
55651
55658
55660
55662
55667
55691
55707
55709
55712
55714
55717
55723
55733
55736
55745
55748
55752
55757
55758
55759
55762
55770
55775
55776
55797
55813
55822
55827
55828
55835
55836
55840
55846
55853
55862
55865
55866
55869
55875
55879
55880
55881
55885
55888
55890
55894
55903
55904
55909
55910
55913
55916
55918
55920
55921
55927
55931
55932
55933
55943
55947
55956
55962
55973
55974
55977
55984
55985
55995
56003
56011
56013
56015
56018
56023
56034
56035
56037
56039
56049
56062
56070
56081
56082
56083
56096
56100
56104
56105
56111
56113
56117
56121
56123
56124
56130
56153
56154
56161
56164
56165
56169
56184
56189
56199
56215
56225
56233
56234
56236
56240
56248
56250
56251
56252
56260
56264
56273
56282
56289
56291
56293
56305
56312
56318
56328
56332
56348
56362
56365
56370
56372
56374
56409
56410
56414
56416
56420
56430
56436
56446
56449
56467
56475
56477
56480
56482
56490
56491
56503
56504
56505
56515
56518
56524
56526
56528
56532
56537
56543
56544
56549
56553
56555
56556
56558
56560
56563
56586
56588
56589
56601
56605
56606
56609
56620
56622
56624
56629
56631
56649
56654
56656
56662
56663
56664
56668
56670
56672
56673
56677
56679
56683
56688
56694
56704
56710
56715
56716
56720
56722
56727
56749
56756
56766
56774
56783
56791
56804
56812
56815
56820
56822
56824
56827
56829
56849
56852
56853
56854
56856
56860
56861
56862
56865
56872
56884
56907
56919
56925
56935
56938
56943
56945
56947
56955
56956
56959
56965
56966
56975
56989
56992
57014
57017
57020
57023
57026
57031
57043
57047
57050
57062
57067
57068
57070
57072
57075
57079
57082
57088
57091
57098
57104
57119
57121
57124
57128
57132
57137
57142
57157
57158
57159
57164
57165
57174
57175
57188
57195
57201
57208
57212
57218
57226
57228
57229
57231
57243
57248
57249
57256
57258
57260
57261
57262
57265
57274
57275
57278
57284
57289
57291
57298
57300
57306
57309
57316
57319
57329
57344
57345
57347
57351
57354
57356
57360
57361
57373
57380
57387
57392
57394
57416
57424
57444
57450
57452
57455
57458
57467
57472
57473
57475
57478
57480
57484
57489
57491
57500
57505
57506
57508
57509
57514
57515
57525
57531
57536
57537
57539
57544
57557
57563
57565
57567
57569
57575
57581
57582
57585
57592
57604
57606
57623
57629
57633
57635
57647
57653
57657
57672
57683
57684
57687
57688
57692
57698
57717
57721
57738
57741
57742
57748
57750
57773
57778
57781
57783
57789
57814
57819
57833
57842
57856
57874
57878
57879
57884
57888
57892
57896
57897
57910
57924
57925
57929
57932
57938
57944
57946
57949
57950
57958
57974
57980
57989
57992
57999
58000
58018
58020
58024
58026
58039
58058
58068
58071
58072
58096
58100
58110
58114
58115
58121
58122
58123
58137
58141
58142
58147
58158
58159
58160
58165
58168
58174
58175
58183
58185
58187
58188
58193
58213
58216
58223
58239
58246
58256
58260
58266
58287
58288
58290
58291
58308
58327
58335
58374
58377
58384
58398
58401
58404
58408
58410
58420
58428
58434
58444
58448
58458
58471
58473
58477
58481
58484
58491
58499
58500
58516
58517
58520
58523
58533
58556
58561
58563
58565
58567
58568
58596
58604
58616
58622
58629
58636
58647
58649
58651
58660
58668
58669
58674
58683
58689
58699
58705
58708
58715
58719
58723
58724
58725
58730
58773
58775
58779
58807
58814
58817
58825
58829
58843
58854
58856
58861
58871
58876
58882
58891
58898
58899
58900
58902
58903
58913
58914
58916
58920
58925
58929
58937
58938
58943
58947
58948
58950
58986
58987
59013
59016
59018
59021
59022
59027
59033
59038
59047
59053
59055
59059
59069
59072
59084
59095
59097
59104
59105
59106
59110
59114
59116
59117
59121
59122
59124
59130
59133
59138
59151
59153
59154
59160
59163
59166
59175
59176
59186
59217
59227
59228
59235
59240
59241
59249
59267
59268
59284
59286
59289
59296
59306
59313
59315
59326
59333
59341
59352
59372
59373
59374
59383
59386
59387
59411
59412
59419
59420
59437
59443
59445
59447
59455
59457
59465
59466
59469
59470
59477
59482
59490
59494
59500
59503
59515
59523
59529
59546
59561
59563
59575
59590
59593
59609
59621
59623
59630
59648
59657
59667
59674
59683
59695
59698
59699
59700
59709
59714
59715
59717
59718
59728
59742
59746
59750
59754
59755
59761
59768
59774
59792
59796
59797
59801
59810
59815
59831
59832
59836
59860
59862
59866
59873
59876
59880
59881
59882
59898
59900
59902
59904
59911
59914
59920
59924
59925
59939
59943
59959
59960
59967
59976
59992
59995
59996
60000
60010
60013
60033
60043
60047
60051
60055
60058
60063
60065
60067
60071
60085
60096
60098
60106
60109
60111
60136
60138
60154
60157
60161
60162
60163
60166
60170
60197
60198
60219
60224
60225
60250
60277
60279
60284
60288
60290
60305
60307
60316
60318
60320
60323
60326
60327
60332
60336
60349
60364
60365
60369
60372
60373
60388
60396
60397
60429
60432
60435
60439
60440
60449
60452
60454
60460
60463
60473
60475
60476
60483
60485
60487
60494
60502
60528
60533
60536
60540
60544
60547
60549
60550
60552
60557
60560
60563
60568
60572
60575
60582
60588
60596
60623
60624
60628
60671
60680
60688
60691
60693
60694
60707
60710
60711
60717
60721
60728
60740
60746
60754
60756
60763
60769
60778
60785
60791
60797
60807
60810
60813
60816
60826
60837
60853
60858
60871
60874
60876
60882
60893
60908
60919
60922
60930
60938
60948
60949
60956
60976
60981
60987
60989
60993
60994
61008
61010
61011
61015
61019
61022
61029
61033
61034
61038
61040
61061
61062
61107
61121
61125
61146
61149
61150
61151
61156
61157
61164
61170
61173
61177
61185
61190
61195
61205
61226
61234
61242
61247
61255
61264
61267
61269
61271
61274
61278
61281
61288
61298
61307
61311
61313
61317
61326
61348
61357
61371
61376
61391
61395
61397
61405
61411
61416
61419
61421
61422
61436
61441
61452
61453
61457
61462
61466
61467
61475
61479
61480
61484
61493
61494
61513
61519
61520
61537
61560
61573
61576
61580
61582
61590
61592
61596
61597
61603
61606
61609
61610
61611
61621
61624
61630
61634
61635
61646
61649
61658
61666
61667
61674
61675
61679
61688
61696
61701
61703
61708
61716
61718
61722
61727
61731
61739
61740
61748
61759
61760
61761
61762
61768
61779
61790
61816
61817
61824
61827
61831
61835
61842
61849
61851
61863
61876
61891
61912
61924
61925
61947
61952
61954
61957
61959
61965
61970
61972
61979
61995
62007
62020
62021
62027
62028
62032
62040
62041
62044
62059
62074
62076
62082
62084
62093
62094
62100
62103
62121
62123
62154
62158
62167
62169
62178
62181
62184
62185
62199
62209
62215
62216
62230
62232
62246
62253
62260
62277
62279
62280
62295
62301
62307
62314
62317
62321
62323
62345
62346
62354
62355
62362
62364
62365
62369
62377
62389
62392
62399
62400
62407
62409
62411
62416
62424
62445
62454
62457
62460
62469
62474
62475
62487
62491
62492
62497
62501
62510
62513
62518
62520
62537
62551
62555
62560
62563
62565
62570
62571
62577
62586
62588
62589
62591
62612
62616
62617
62623
62629
62630
62651
62663
62669
62672
62673
62687
62703
62711
62713
62718
62720
62722
62734
62742
62748
62752
62758
62760
62763
62771
62789
62791
62792
62794
62798
62806
62808
62811
62820
62828
62831
62835
62840
62843
62851
62855
62858
62864
62868
62871
62877
62888
62891
62915
62916
62918
62920
62921
62926
62936
62941
62945
62951
62954
62956
62960
62963
62975
62979
62983
62988
62995
63006
63013
63016
63027
63032
63036
63043
63045
63046
63049
63050
63064
63070
63072
63074
63075
63081
63088
63090
63101
63125
63128
63130
63150
63158
63168
63171
63172
63185
63206
63207
63208
63215
63218
63221
63224
63228
63230
63236
63239
63245
63256
63271
63280
63285
63287
63304
63305
63306
63318
63321
63338
63352
63376
63385
63387
63393
63417
63428
63435
63442
63451
63452
63457
63459
63461
63465
63474
63477
63490
63492
63501
63503
63517
63519
63545
63550
63560
63562
63572
63575
63579
63580
63582
63596
63601
63602
63603
63604
63609
63610
63613
63617
63619
63626
63627
63637
63640
63645
63648
63655
63677
63684
63685
63691
63697
63701
63717
63720
63721
63723
63739
63742
63750
63774
63782
63784
63787
63789
63791
63793
63808
63809
63813
63817
63819
63824
63843
63850
63855
63866
63869
63874
63882
63885
63890
63897
63909
63912
63918
63922
63938
63941
63944
63946
63961
63965
63974
63979
63987
63988
63989
64007
64025
64034
64035
64036
64038
64042
64044
64057
64059
64073
64083
64088
64103
64104
64112
64115
64117
64121
64125
64129
64134
64135
64156
64161
64170
64182
64185
64190
64198
64210
64212
64219
64222
64223
64225
64229
64236
64244
64250
64262
64265
64275
64277
64282
64286
64292
64299
64323
64328
64332
64333
64338
64342
64347
64361
64372
64381
64385
64386
64388
64393
64394
64398
64422
64430
64431
64433
64440
64447
64451
64462
64468
64471
64479
64491
64498
64516
64534
64537
64541
64552
64564
64593
64598
64600
64604
64607
64612
64629
64633
64635
64642
64645
64652
64661
64663
64665
64669
64704
64710
64715
64723
64727
64730
64737
64740
64744
64749
64756
64761
64763
64782
64784
64785
64795
64799
64808
64816
64820
64823
64827
64846
64848
64851
64853
64856
64858
64860
64870
64881
64885
64887
64892
64893
64895
64900
64918
64919
64922
64926
64929
64932
64945
64962
64969
64982
65002
65008
65031
65035
65036
65043
65045
65046
65060
65076
65091
65096
65097
65106
65110
65116
65117
65136
65153
65156
65167
65173
65178
65180
65192
65199
65207
65222
65224
65233
65235
65242
65255
65258
65269
65270
65280
65285
65293
65297
65302
65306
65312
65320
65322
65325
65326
65331
65346
65357
65359
65364
65370
65378
65380
65383
65396
65414
65421
65423
65428
65435
65456
65461
65462
65477
65482
65494
65495
65499
65512
65527
65529
65546
65548
65549
65551
65559
65564
65568
65588
65590
65593
65606
65607
65615
65620
65623
65625
65638
65645
65653
65665
65689
65708
65719
65720
65725
65727
65729
65732
65736
65738
65739
65748
65753
65767
65768
65772
65783
65808
65813
65816
65818
65831
65833
65837
65843
65849
65863
65870
65881
65886
65888
65889
65890
65891
65893
65900
65910
65911
65916
65921
65941
65942
65947
65955
65963
65964
65968
65974
65979
65980
65984
65993
65998
66001
66002
66009
66011
66014
66016
66022
66024
66029
66048
66056
66064
66065
66066
66067
66068
66071
66079
66084
66096
66106
66109
66110
66116
66136
66137
66157
66160
66168
66175
66195
66196
66198
66209
66216
66218
66219
66222
66226
66243
66245
66252
66258
66266
66269
66274
66275
66278
66296
66299
66306
66317
66336
66354
66358
66363
66371
66376
66386
66388
66393
66401
66417
66418
66420
66423
66429
66437
66439
66445
66447
66457
66460
66470
66471
66474
66475
66481
66485
66492
66504
66506
66507
66509
66514
66517
66518
66530
66531
66534
66546
66553
66559
66560
66564
66567
66570
66588
66612
66621
66624
66632
66653
66663
66665
66667
66680
66692
66694
66701
66708
66717
66725
66751
66753
66764
66769
66775
66781
66783
66800
66811
66834
66840
66849
66860
66877
66888
66890
66895
66905
66906
66908
66911
66913
66921
66923
66927
66928
66933
66936
66949
66952
66953
66958
66965
66974
66976
66998
66999
67004
67007
67018
67053
67056
67058
67076
67078
67079
67081
67100
67107
67108
67109
67120
67125
67128
67131
67136
67153
67159
67164
67172
67187
67188
67191
67193
67201
67206
67207
67218
67227
67229
67240
67253
67268
67269
67279
67281
67283
67288
67295
67296
67298
67300
67316
67317
67320
67321
67323
67336
67337
67343
67353
67360
67362
67364
67368
67369
67374
67375
67383
67386
67387
67392
67396
67422
67424
67429
67447
67448
67452
67455
67457
67459
67460
67461
67483
67489
67493
67494
67496
67497
67500
67504
67505
67510
67523
67532
67548
67559
67562
67567
67569
67574
67576
67577
67583
67591
67593
67606
67611
67617
67624
67626
67627
67635
67639
67641
67642
67645
67651
67669
67678
67683
67685
67686
67693
67697
67700
67703
67730
67735
67737
67749
67752
67756
67774
67788
67791
67792
67795
67805
67813
67822
67828
67834
67836
67849
67852
67873
67876
67884
67889
67894
67899
67900
67901
67915
67921
67923
67924
67925
67933
67937
67942
67944
67954
67956
67963
67971
67999
68017
68060
68066
68067
68070
68078
68079
68083
68092
68097
68099
68100
68102
68104
68111
68117
68124
68131
68132
68133
68135
68138
68151
68157
68161
68177
68184
68188
68202
68205
68206
68219
68223
68224
68233
68239
68243
68253
68262
68263
68265
68270
68272
68274
68286
68292
68296
68308
68311
68318
68327
68330
68334
68335
68341
68346
68353
68375
68379
68384
68399
68406
68408
68424
68428
68436
68447
68453
68457
68462
68463
68477
68478
68495
68497
68504
68507
68509
68510
68512
68515
68523
68527
68528
68530
68533
68538
68555
68571
68572
68578
68582
68585
68592
68596
68597
68603
68604
68607
68608
68609
68613
68617
68627
68634
68642
68646
68648
68649
68671
68672
68679
68681
68689
68690
68695
68710
68712
68723
68724
68725
68734
68736
68739
68742
68746
68760
68770
68793
68797
68798
68800
68801
68809
68811
68812
68815
68817
68830
68845
68848
68852
68860
68861
68870
68875
68877
68881
68889
68890
68899
68914
68917
68918
68924
68940
68944
68945
68946
68950
68951
68959
68962
68981
68983
69002
69004
69008
69025
69031
69035
69052
69054
69059
69075
69084
69105
69116
69119
69124
69128
69137
69148
69152
69168
69170
69171
69175
69179
69195
69203
69204
69207
69218
69229
69234
69237
69245
69252
69254
69256
69261
69271
69279
69280
69286
69288
69294
69296
69299
69300
69303
69311
69312
69313
69315
69316
69318
69319
69325
69335
69337
69338
69351
69357
69367
69371
69384
69385
69396
69405
69406
69407
69410
69413
69414
69420
69429
69434
69438
69443
69450
69452
69464
69473
69481
69488
69493
69499
69504
69523
69524
69526
69548
69553
69555
69562
69565
69571
69572
69588
69595
69598
69600
69616
69652
69670
69677
69684
69701
69720
69723
69725
69726
69731
69737
69740
69747
69759
69766
69771
69780
69781
69809
69811
69812
69816
69820
69821
69830
69841
69842
69844
69855
69856
69857
69859
69860
69867
69869
69870
69871
69872
69887
69889
69897
69901
69909
69913
69914
69922
69925
69932
69933
69935
69936
69942
69952
69953
69960
69969
69970
69983
69995
70004
70007
70009
70011
70022
70028
70031
70036
70040
70041
70046
70056
70065
70068
70069
70071
70074
70080
70082
70083
70084
70085
70093
70095
70099
70107
70109
70117
70121
70123
70128
70130
70133
70134
70146
70150
70154
70159
70167
70171
70194
70195
70196
70212
70218
70221
70223
70225
70234
70235
70246
70268
70270
70282
70283
70287
70288
70289
70297
70299
70303
70304
70308
70310
70312
70314
70318
70319
70326
70333
70337
70340
70347
70349
70354
70358
70360
70376
70379
70385
70389
70398
70399
70400
70404
70415
70420
70434
70444
70446
70456
70458
70461
70469
70485
70490
70507
70509
70514
70518
70520
70523
70525
70526
70534
70538
70553
70560
70571
70573
70590
70600
70611
70612
70613
70615
70618
70619
70621
70634
70645
70649
70656
70664
70669
70699
70711
70717
70719
70722
70741
70746
70755
70761
70766
70768
70769
70778
70783
70784
70796
70826
70830
70836
70839
70840
70842
70845
70853
70856
70857
70865
70866
70878
70884
70888
70890
70891
70901
70902
70910
70912
70914
70923
70932
70945
70946
70950
70954
70968
70970
70976
70989
70997
70998
71009
71011
71023
71028
71030
71031
71033
71035
71036
71038
71047
71052
71054
71057
71067
71068
71073
71081
71085
71088
71093
71096
71112
71116
71117
71119
71120
71123
71129
71139
71144
71148
71150
71175
71176
71185
71188
71193
71197
71198
71200
71226
71237
71239
71242
71245
71247
71250
71252
71259
71260
71270
71272
71276
71300
71301
71303
71312
71315
71317
71330
71331
71348
71353
71364
71385
71389
71392
71396
71402
71403
71419
71421
71430
71452
71458
71463
71464
71468
71470
71475
71480
71486
71492
71502
71506
71518
71519
71524
71529
71533
71535
71537
71542
71548
71557
71560
71565
71567
71580
71585
71592
71599
71602
71609
71614
71629
71638
71647
71650
71651
71653
71654
71659
71662
71666
71668
71671
71672
71673
71681
71682
71685
71688
71700
71701
71711
71718
71722
71724
71727
71730
71733
71737
71738
71739
71744
71753
71760
71763
71765
71766
71767
71774
71777
71786
71813
71814
71815
71819
71826
71835
71836
71841
71853
71860
71864
71876
71881
71925
71930
71952
71964
71969
71972
71978
71981
71985
71991
71995
71999
72006
72014
72032
72051
72060
72068
72069
72074
72076
72086
72092
72096
72102
72107
72111
72112
72122
72124
72129
72134
72152
72155
72161
72164
72170
72171
72183
72186
72188
72191
72207
72208
72209
72212
72214
72217
72218
72221
72238
72241
72242
72248
72249
72252
72257
72259
72273
72274
72304
72306
72316
72317
72350
72351
72356
72365
72367
72384
72386
72388
72393
72401
72405
72406
72409
72410
72413
72428
72430
72436
72437
72441
72442
72444
72451
72459
72461
72477
72489
72492
72495
72499
72504
72507
72508
72519
72533
72538
72548
72554
72560
72563
72581
72585
72589
72590
72606
72612
72615
72619
72620
72623
72625
72636
72639
72648
72652
72655
72657
72659
72669
72677
72705
72709
72714
72715
72725
72728
72733
72739
72752
72755
72762
72764
72765
72769
72773
72818
72820
72831
72833
72836
72839
72844
72863
72865
72867
72868
72871
72873
72875
72876
72878
72880
72894
72895
72904
72914
72917
72919
72922
72951
72960
72969
72970
72981
72983
72991
72993
72995
72996
73010
73015
73020
73031
73035
73040
73047
73055
73066
73070
73098
73118
73120
73122
73125
73132
73135
73140
73144
73146
73149
73153
73159
73163
73165
73170
73183
73196
73205
73219
73241
73243
73245
73248
73251
73260
73264
73273
73274
73283
73285
73290
73305
73308
73312
73324
73328
73329
73336
73337
73338
73346
73348
73352
73359
73363
73366
73371
73372
73374
73381
73382
73401
73402
73404
73405
73407
73429
73434
73438
73440
73444
73445
73447
73449
73456
73459
73462
73471
73481
73488
73497
73506
73515
73531
73534
73535
73540
73545
73546
73548
73554
73565
73566
73568
73570
73582
73599
73602
73605
73624
73625
73629
73634
73663
73673
73681
73692
73695
73703
73705
73708
73714
73763
73769
73783
73801
73817
73825
73826
73837
73842
73843
73857
73860
73875
73889
73912
73913
73922
73924
73925
73926
73935
73938
73939
73942
73943
73944
73954
73956
73957
73958
73961
73962
73972
73981
74006
74008
74012
74017
74021
74023
74035
74046
74047
74049
74053
74057
74058
74059
74062
74063
74073
74079
74088
74091
74093
74094
74096
74101
74108
74121
74124
74139
74146
74151
74152
74153
74160
74167
74171
74185
74190
74196
74217
74219
74226
74228
74233
74250
74253
74259
74261
74266
74276
74292
74294
74301
74305
74315
74333
74335
74336
74337
74342
74343
74346
74376
74395
74403
74412
74414
74421
74422
74428
74436
74442
74444
74453
74458
74464
74473
74483
74489
74493
74508
74518
74522
74526
74539
74547
74549
74552
74553
74555
74562
74570
74572
74576
74580
74582
74586
74589
74600
74604
74605
74614
74627
74634
74637
74638
74639
74647
74649
74651
74652
74657
74660
74664
74665
74670
74674
74683
74684
74698
74706
74712
74715
74716
74724
74732
74736
74744
74748
74749
74751
74753
74764
74771
74778
74780
74793
74794
74795
74804
74805
74813
74815
74823
74835
74840
74843
74854
74856
74866
74885
74897
74900
74903
74906
74913
74916
74926
74928
74939
74941
74949
74955
74980
74984
74988
74990
74993
74995
74996
75004
75005
75017
75018
75022
75033
75039
75041
75049
75065
75068
75071
75075
75088
75107
75109
75111
75112
75114
75120
75125
75127
75128
75129
75133
75144
75161
75166
75169
75177
75183
75184
75189
75197
75200
75202
75212
75225
75226
75228
75243
75245
75250
75261
75270
75274
75285
75286
75296
75299
75304
75329
75331
75340
75350
75353
75354
75366
75394
75398
75401
75421
75434
75436
75441
75443
75444
75445
75460
75464
75466
75467
75474
75478
75479
75485
75491
75495
75500
75504
75506
75512
75513
75520
75534
75550
75553
75561
75573
75574
75577
75582
75589
75594
75598
75606
75608
75610
75619
75629
75652
75654
75655
75666
75671
75677
75682
75683
75690
75691
75692
75701
75702
75727
75731
75735
75741
75747
75750
75751
75757
75763
75772
75775
75776
75783
75797
75805
75806
75808
75809
75811
75816
75818
75821
75822
75823
75828
75833
75842
75847
75854
75866
75869
75873
75893
75897
75898
75918
75921
75924
75926
75935
75946
75947
75951
75954
75956
75978
75981
75988
75989
76002
76004
76008
76014
76015
76023
76026
76037
76039
76043
76045
76053
76054
76068
76069
76086
76087
76094
76097
76099
76108
76109
76112
76115
76119
76121
76131
76147
76148
76151
76169
76171
76174
76186
76187
76188
76190
76214
76220
76221
76234
76236
76252
76253
76255
76268
76273
76285
76306
76322
76335
76344
76346
76350
76358
76363
76367
76372
76374
76377
76382
76384
76386
76395
76407
76408
76409
76410
76412
76413
76415
76429
76430
76434
76436
76437
76440
76442
76447
76463
76478
76482
76497
76513
76518
76523
76524
76528
76534
76543
76554
76557
76559
76564
76565
76566
76567
76568
76569
76570
76573
76587
76590
76605
76609
76612
76614
76624
76626
76633
76643
76645
76652
76665
76676
76688
76696
76714
76721
76730
76731
76742
76749
76752
76753
76755
76763
76765
76768
76769
76773
76784
76802
76805
76806
76808
76811
76821
76822
76829
76836
76839
76850
76859
76862
76871
76877
76880
76886
76891
76897
76902
76908
76910
76912
76913
76920
76925
76928
76929
76931
76936
76937
76942
76946
76948
76954
76958
76959
76964
76971
76987
76988
76989
76999
77002
77003
77019
77025
77026
77033
77042
77043
77047
77051
77060
77072
77076
77085
77092
77097
77101
77105
77108
77110
77116
77117
77119
77122
77124
77126
77133
77135
77143
77160
77177
77180
77194
77199
77205
77207
77211
77229
77231
77247
77259
77266
77276
77278
77281
77293
77299
77320
77323
77328
77330
77338
77341
77349
77351
77352
77355
77363
77367
77371
77378
77380
77388
77391
77403
77422
77424
77425
77431
77436
77439
77455
77459
77461
77471
77472
77473
77474
77480
77482
77494
77522
77536
77538
77539
77549
77554
77563
77566
77568
77573
77574
77576
77580
77581
77590
77605
77609
77611
77631
77634
77644
77659
77665
77670
77674
77675
77676
77677
77679
77680
77682
77690
77691
77694
77695
77706
77707
77714
77716
77724
77732
77750
77752
77761
77762
77763
77764
77768
77769
77775
77792
77802
77809
77815
77826
77838
77840
77843
77845
77865
77867
77881
77887
77888
77898
77905
77909
77912
77916
77920
77924
77935
77937
77944
77946
77948
77952
77957
77961
77962
77966
77968
77970
77971
77981
77984
77987
77996
78012
78017
78020
78027
78029
78038
78040
78042
78047
78052
78056
78066
78076
78097
78111
78114
78121
78133
78150
78165
78166
78167
78168
78173
78178
78189
78194
78195
78197
78198
78204
78210
78216
78222
78230
78241
78248
78263
78264
78265
78274
78283
78301
78306
78312
78314
78316
78322
78323
78335
78348
78360
78363
78393
78397
78407
78415
78426
78437
78440
78451
78458
78461
78466
78475
78477
78481
78490
78491
78501
78503
78510
78522
78525
78538
78546
78548
78554
78560
78571
78575
78580
78585
78586
78589
78598
78606
78611
78630
78631
78641
78656
78658
78663
78664
78666
78670
78673
78677
78683
78685
78696
78699
78706
78718
78722
78723
78756
78760
78765
78772
78786
78805
78806
78813
78815
78818
78821
78824
78831
78832
78835
78842
78847
78854
78855
78857
78867
78880
78881
78895
78902
78903
78909
78914
78916
78919
78929
78946
78947
78950
78951
78952
78957
78962
78967
78968
78999
79003
79005
79016
79018
79031
79033
79038
79059
79067
79070
79071
79073
79099
79104
79107
79108
79109
79116
79117
79120
79125
79133
79139
79140
79141
79142
79164
79168
79175
79178
79181
79188
79217
79219
79220
79222
79250
79255
79258
79261
79263
79264
79280
79281
79286
79292
79300
79304
79305
79309
79310
79316
79330
79336
79345
79347
79350
79353
79377
79381
79387
79390
79394
79404
79413
79417
79418
79426
79435
79437
79446
79450
79452
79453
79459
79460
79461
79463
79479
79481
79482
79483
79499
79501
79507
79512
79516
79529
79531
79536
79546
79547
79566
79568
79587
79592
79600
79602
79604
79619
79620
79623
79627
79631
79633
79641
79646
79659
79678
79681
79688
79689
79695
79701
79703
79704
79707
79710
79712
79723
79738
79741
79742
79746
79750
79752
79755
79757
79771
79773
79776
79777
79781
79783
79784
79799
79800
79813
79830
79849
79868
79875
79877
79878
79885
79886
79887
79888
79890
79895
79905
79915
79916
79926
79934
79948
79961
79971
79974
79978
79983
79984
79993
79995
80002
80005
80016
80019
80023
80029
80040
80044
80045
80056
80062
80067
80075
80099
80104
80106
80115
80116
80117
80118
80119
80123
80134
80153
80165
80166
80175
80177
80179
80183
80189
80191
80202
80205
80208
80212
80229
80230
80233
80241
80245
80253
80259
80265
80268
80273
80282
80284
80299
80303
80311
80315
80318
80319
80326
80327
80333
80335
80346
80365
80368
80371
80372
80374
80375
80378
80383
80385
80395
80401
80403
80408
80416
80417
80421
80427
80438
80444
80450
80495
80498
80501
80514
80523
80526
80528
80529
80540
80552
80555
80557
80564
80567
80568
80570
80574
80575
80583
80584
80589
80590
80595
80599
80620
80621
80629
80637
80644
80650
80669
80675
80676
80681
80689
80690
80701
80704
80706
80708
80710
80711
80719
80726
80731
80735
80739
80748
80755
80761
80766
80769
80775
80776
80777
80778
80780
80787
80791
80815
80817
80820
80823
80831
80834
80842
80861
80867
80870
80871
80875
80883
80889
80896
80900
80906
80907
80908
80909
80924
80926
80938
80945
80946
80954
80955
80965
80966
80971
80981
80983
80990
80993
80998
80999
81009
81011
81018
81024
81025
81026
81029
81031
81040
81041
81047
81051
81053
81057
81067
81068
81072
81073
81078
81080
81081
81082
81084
81091
81094
81099
81106
81107
81114
81115
81118
81122
81124
81150
81151
81154
81171
81177
81178
81179
81181
81182
81189
81195
81216
81224
81227
81228
81230
81241
81242
81251
81258
81265
81269
81276
81297
81298
81299
81303
81314
81321
81323
81326
81333
81336
81339
81340
81361
81367
81369
81374
81384
81394
81395
81397
81411
81413
81429
81430
81437
81444
81446
81449
81456
81462
81466
81469
81471
81491
81492
81503
81508
81510
81518
81519
81524
81525
81526
81531
81533
81538
81547
81560
81567
81585
81588
81610
81615
81620
81639
81643
81644
81665
81676
81677
81682
81689
81692
81696
81704
81708
81709
81713
81736
81743
81748
81752
81754
81764
81773
81775
81783
81791
81795
81799
81811
81825
81826
81831
81832
81838
81848
81855
81856
81858
81859
81860
81868
81878
81880
81888
81891
81897
81901
81903
81905
81906
81909
81910
81914
81922
81923
81925
81931
81932
81940
81947
81949
81952
81954
81961
81969
81971
81980
82004
82025
82027
82034
82035
82038
82047
82056
82061
82069
82074
82096
82100
82107
82113
82121
82131
82141
82165
82187
82212
82223
82226
82238
82243
82253
82269
82274
82291
82294
82296
82299
82303
82305
82312
82320
82331
82338
82367
82378
82383
82388
82407
82409
82411
82425
82445
82455
82471
82480
82484
82490
82493
82496
82501
82504
82506
82511
82512
82518
82523
82524
82532
82536
82539
82540
82543
82546
82552
82565
82569
82578
82579
82587
82591
82594
82605
82621
82622
82627
82628
82631
82638
82649
82656
82658
82664
82669
82679
82682
82693
82694
82695
82698
82701
82704
82710
82723
82724
82725
82727
82751
82754
82756
82763
82765
82768
82772
82776
82782
82798
82800
82803
82805
82810
82813
82816
82817
82824
82827
82831
82833
82838
82839
82856
82857
82859
82866
82871
82873
82898
82918
82931
82932
82935
82942
82948
82959
82976
82988
83000
83003
83008
83010
83012
83025
83034
83042
83046
83051
83056
83060
83068
83077
83083
83090
83094
83102
83111
83116
83120
83122
83126
83137
83164
83170
83175
83176
83180
83188
83191
83202
83209
83218
83227
83240
83243
83244
83252
83259
83265
83269
83277
83281
83282
83289
83290
83294
83296
83304
83312
83315
83338
83341
83344
83351
83352
83359
83364
83368
83372
83375
83384
83387
83392
83399
83402
83403
83406
83413
83419
83421
83427
83428
83433
83434
83438
83441
83444
83452
83459
83463
83466
83467
83471
83477
83500
83516
83526
83529
83531
83532
83535
83539
83543
83550
83558
83563
83573
83579
83580
83603
83611
83613
83629
83642
83649
83651
83654
83655
83666
83681
83685
83686
83688
83709
83710
83722
83723
83730
83744
83750
83773
83780
83783
83786
83790
83814
83818
83819
83825
83828
83829
83840
83845
83858
83869
83874
83876
83882
83890
83893
83913
83924
83928
83931
83934
83936
83937
83939
83942
83947
83948
83952
83959
83960
83962
83983
83986
84006
84025
84033
84035
84037
84038
84073
84082
84083
84084
84087
84088
84093
84099
84109
84119
84120
84121
84122
84137
84151
84161
84164
84169
84173
84184
84185
84186
84210
84217
84221
84222
84226
84227
84232
84233
84240
84246
84250
84257
84277
84284
84296
84302
84303
84314
84333
84334
84336
84349
84350
84351
84353
84361
84363
84375
84386
84388
84389
84400
84405
84414
84422
84430
84433
84436
84437
84443
84449
84459
84465
84468
84472
84479
84484
84498
84500
84503
84510
84512
84520
84528
84529
84532
84541
84546
84547
84548
84549
84550
84556
84570
84580
84601
84602
84614
84619
84621
84635
84638
84639
84640
84649
84654
84656
84658
84671
84678
84681
84683
84686
84690
84691
84701
84706
84708
84728
84729
84751
84758
84764
84768
84793
84811
84814
84842
84843
84856
84860
84862
84873
84878
84879
84886
84890
84891
84913
84914
84919
84923
84932
84941
84949
84954
84967
84980
84985
84988
84991
85031
85039
85043
85047
85065
85067
85071
85072
85077
85081
85093
85095
85099
85100
85103
85131
85135
85149
85150
85161
85168
85173
85178
85180
85184
85196
85208
85209
85212
85217
85219
85229
85232
85235
85236
85263
85275
85278
85305
85306
85313
85320
85329
85335
85338
85340
85345
85346
85354
85361
85365
85422
85431
85449
85451
85453
85456
85458
85462
85468
85473
85487
85488
85492
85496
85501
85532
85539
85540
85544
85547
85568
85574
85585
85591
85593
85598
85614
85615
85616
85622
85628
85635
85640
85642
85643
85647
85656
85678
85683
85697
85702
85723
85733
85752
85764
85788
85789
85794
85795
85800
85801
85804
85816
85828
85835
85836
85837
85853
85856
85861
85863
85866
85867
85869
85873
85880
85882
85885
85886
85898
85902
85904
85919
85925
85926
85933
85935
85949
85957
85961
85962
85974
85981
85983
85987
85992
85998
86002
86007
86015
86017
86020
86026
86039
86042
86043
86051
86065
86066
86074
86118
86125
86138
86140
86142
86145
86154
86157
86159
86162
86163
86164
86194
86201
86203
86204
86206
86214
86217
86222
86225
86230
86231
86232
86238
86253
86261
86264
86268
86270
86300
86305
86306
86307
86310
86312
86316
86318
86320
86329
86337
86344
86347
86361
86364
86370
86371
86372
86380
86382
86385
86387
86405
86412
86415
86416
86425
86428
86431
86439
86441
86446
86447
86451
86454
86458
86459
86463
86470
86472
86477
86479
86481
86483
86491
86500
86501
86502
86505
86513
86535
86536
86537
86544
86548
86552
86555
86566
86574
86576
86580
86583
86585
86587
86609
86610
86612
86620
86634
86636
86645
86651
86658
86667
86668
86671
86675
86697
86713
86714
86715
86732
86734
86738
86745
86748
86759
86760
86762
86769
86771
86776
86782
86783
86786
86795
86801
86802
86811
86813
86816
86829
86830
86831
86832
86836
86847
86867
86869
86880
86890
86891
86898
86936
86937
86946
86956
86958
86960
86964
86971
86992
86999
87009
87016
87024
87032
87033
87039
87040
87044
87052
87057
87069
87070
87073
87074
87078
87086
87089
87091
87100
87101
87105
87107
87117
87119
87146
87152
87159
87162
87181
87182
87183
87186
87193
87196
87227
87228
87231
87243
87251
87265
87268
87272
87273
87275
87279
87282
87287
87305
87306
87312
87320
87330
87331
87333
87338
87339
87345
87349
87351
87356
87362
87365
87367
87368
87369
87375
87394
87416
87426
87431
87437
87452
87459
87467
87468
87469
87481
87482
87512
87535
87537
87559
87564
87567
87569
87575
87587
87595
87596
87605
87606
87615
87623
87625
87626
87631
87633
87648
87649
87673
87679
87691
87695
87707
87708
87711
87719
87741
87742
87743
87747
87761
87764
87767
87776
87782
87783
87788
87796
87801
87803
87807
87815
87818
87829
87832
87840
87853
87856
87861
87866
87868
87874
87881
87883
87887
87889
87892
87897
87913
87915
87916
87920
87923
87929
87932
87934
87935
87947
87949
87955
87962
87963
87964
87968
87969
87971
87973
87976
87986
87988
87990
87995
88001
88004
88007
88014
88020
88033
88044
88054
88056
88068
88069
88071
88077
88084
88093
88110
88111
88112
88113
88115
88118
88121
88126
88127
88132
88135
88136
88144
88152
88160
88170
88178
88187
88203
88214
88215
88220
88227
88235
88238
88242
88255
88262
88263
88272
88283
88293
88300
88314
88327
88350
88352
88356
88360
88377
88389
88396
88410
88419
88421
88426
88447
88449
88452
88462
88465
88481
88484
88492
88499
88501
88508
88517
88523
88527
88544
88557
88558
88562
88568
88570
88581
88582
88588
88590
88591
88602
88611
88622
88632
88633
88637
88638
88646
88656
88667
88674
88675
88680
88684
88688
88704
88709
88710
88724
88728
88754
88758
88777
88783
88792
88799
88812
88816
88820
88835
88837
88839
88866
88873
88894
88896
88897
88901
88904
88906
88908
88921
88927
88929
88937
88942
88951
88953
88959
88976
88981
89003
89011
89018
89039
89040
89060
89062
89090
89093
89097
89099
89100
89109
89111
89115
89118
89121
89131
89133
89136
89142
89153
89158
89163
89174
89184
89191
89193
89201
89204
89207
89222
89240
89243
89249
89250
89252
89258
89264
89269
89271
89273
89277
89283
89286
89307
89311
89314
89315
89319
89323
89328
89330
89336
89337
89339
89343
89344
89348
89350
89356
89363
89379
89385
89392
89402
89406
89410
89416
89419
89434
89439
89445
89456
89465
89471
89479
89481
89486
89491
89495
89502
89503
89506
89512
89514
89515
89516
89524
89532
89534
89536
89540
89550
89552
89566
89578
89595
89597
89606
89609
89624
89625
89626
89652
89654
89658
89661
89668
89671
89675
89676
89681
89694
89699
89704
89710
89714
89718
89721
89738
89740
89747
89752
89755
89763
89765
89769
89773
89774
89777
89778
89793
89797
89800
89805
89809
89813
89821
89826
89827
89830
89836
89839
89849
89851
89853
89856
89858
89861
89871
89876
89880
89882
89884
89886
89887
89914
89923
89934
89939
89943
89946
89948
89952
89954
89955
89958
89968
89975
89981
89986
89988
90003
90004
90005
90017
90025
90035
90037
90038
90067
90071
90088
90091
90094
90097
90115
90118
90125
90127
90131
90138
90148
90154
90159
90184
90192
90199
90210
90215
90220
90222
90242
90244
90251
90259
90264
90292
90299
90315
90322
90328
90332
90355
90368
90371
90380
90382
90393
90394
90399
90406
90411
90416
90417
90427
90431
90442
90453
90464
90484
90486
90487
90490
90491
90493
90503
90507
90518
90528
90530
90532
90542
90557
90561
90573
90577
90580
90583
90585
90590
90599
90604
90605
90608
90619
90623
90626
90630
90655
90670
90676
90677
90681
90686
90702
90706
90713
90716
90722
90725
90730
90743
90749
90761
90765
90769
90774
90788
90789
90802
90811
90817
90823
90836
90842
90843
90848
90849
90854
90857
90864
90873
90878
90883
90890
90894
90895
90902
90906
90909
90927
90929
90930
90934
90946
90948
90950
90958
90959
90966
90969
90970
90985
90992
90999
91001
91002
91003
91031
91038
91043
91046
91049
91053
91055
91072
91076
91081
91088
91089
91098
91108
91132
91136
91144
91148
91162
91164
91177
91184
91189
91197
91204
91219
91227
91233
91236
91243
91247
91254
91257
91259
91279
91280
91281
91285
91287
91292
91294
91299
91303
91326
91336
91353
91358
91359
91370
91371
91377
91378
91379
91384
91387
91388
91400
91405
91408
91411
91418
91424
91443
91445
91448
91449
91464
91465
91466
91470
91476
91486
91487
91493
91507
91527
91528
91552
91584
91589
91594
91603
91606
91609
91629
91636
91639
91641
91651
91652
91657
91658
91662
91667
91673
91681
91685
91693
91703
91704
91715
91718
91719
91723
91725
91733
91763
91774
91780
91796
91807
91808
91811
91813
91815
91822
91838
91841
91842
91843
91848
91851
91875
91883
91884
91887
91897
91902
91907
91910
91913
91918
91920
91964
91968
91975
91977
91979
91983
91996
91997
92006
92008
92009
92021
92030
92035
92037
92040
92049
92060
92083
92084
92086
92096
92106
92107
92112
92113
92119
92122
92129
92130
92131
92134
92138
92142
92156
92162
92170
92177
92182
92206
92214
92221
92222
92223
92224
92225
92232
92258
92263
92269
92274
92278
92285
92286
92303
92308
92309
92321
92332
92339
92345
92347
92348
92356
92362
92364
92368
92371
92386
92388
92390
92397
92400
92401
92412
92416
92430
92437
92441
92443
92457
92458
92463
92472
92476
92479
92491
92503
92507
92510
92513
92514
92517
92519
92522
92528
92532
92537
92541
92543
92548
92549
92560
92566
92589
92591
92594
92596
92624
92627
92631
92636
92637
92651
92655
92657
92664
92670
92672
92678
92685
92694
92720
92721
92741
92743
92755
92775
92777
92778
92780
92785
92790
92799
92805
92808
92810
92834
92836
92845
92846
92852
92863
92873
92874
92877
92882
92892
92902
92910
92914
92916
92920
92925
92932
92937
92946
92947
92950
92956
92963
92967
92971
92974
92975
92980
92982
92984
92993
92996
93003
93006
93011
93017
93019
93020
93027
93036
93040
93047
93062
93066
93087
93091
93099
93100
93116
93120
93128
93147
93149
93154
93157
93164
93169
93176
93181
93188
93194
93198
93201
93202
93206
93228
93230
93232
93244
93248
93253
93254
93260
93263
93268
93272
93275
93281
93288
93292
93294
93300
93302
93303
93307
93311
93312
93330
93334
93338
93341
93347
93352
93354
93355
93356
93363
93364
93374
93379
93384
93388
93389
93402
93408
93410
93415
93424
93436
93456
93460
93464
93478
93501
93502
93512
93516
93563
93566
93570
93572
93583
93586
93590
93594
93603
93608
93610
93612
93629
93634
93644
93648
93652
93653
93659
93670
93676
93678
93697
93705
93719
93720
93725
93729
93738
93742
93753
93754
93764
93770
93775
93776
93778
93782
93783
93792
93793
93813
93826
93830
93831
93836
93842
93845
93849
93873
93878
93880
93881
93882
93892
93895
93900
93901
93904
93920
93922
93940
93947
93949
93953
93960
93962
93965
93968
93969
93982
93991
93997
93998
94011
94012
94033
94034
94045
94047
94052
94058
94059
94061
94073
94077
94080
94083
94084
94092
94102
94105
94109
94115
94128
94129
94131
94133
94139
94144
94148
94155
94156
94161
94166
94168
94172
94185
94198
94207
94213
94218
94220
94222
94223
94226
94240
94242
94243
94250
94255
94256
94257
94260
94270
94274
94285
94286
94288
94292
94295
94299
94304
94314
94315
94321
94322
94323
94324
94325
94326
94327
94329
94333
94334
94343
94348
94350
94351
94371
94379
94381
94383
94395
94400
94409
94411
94414
94424
94427
94434
94438
94439
94444
94448
94461
94462
94478
94496
94503
94507
94509
94513
94520
94533
94535
94538
94539
94543
94549
94553
94556
94558
94567
94572
94579
94580
94583
94584
94588
94594
94603
94618
94627
94632
94639
94642
94659
94663
94664
94666
94668
94677
94696
94717
94718
94720
94721
94724
94726
94732
94734
94735
94736
94738
94748
94769
94798
94804
94809
94811
94826
94838
94839
94846
94847
94853
94861
94862
94875
94879
94883
94886
94897
94898
94901
94905
94909
94914
94919
94925
94932
94949
94953
94955
94956
94960
94976
94980
94983
94989
94994
95012
95013
95019
95021
95029
95030
95033
95045
95048
95062
95070
95072
95074
95079
95080
95081
95084
95090
95097
95101
95106
95111
95118
95119
95120
95125
95127
95147
95148
95153
95156
95164
95165
95177
95185
95191
95206
95210
95212
95214
95223
95227
95234
95236
95237
95240
95250
95257
95258
95268
95272
95286
95303
95306
95312
95326
95328
95333
95337
95344
95354
95380
95381
95389
95395
95396
95411
95436
95437
95438
95443
95446
95457
95462
95472
95483
95488
95492
95501
95507
95510
95519
95522
95525
95528
95532
95535
95555
95557
95563
95573
95576
95579
95580
95582
95583
95586
95591
95605
95623
95627
95638
95645
95647
95649
95667
95674
95679
95680
95689
95692
95694
95704
95713
95716
95718
95734
95736
95740
95752
95753
95768
95776
95787
95788
95793
95816
95831
95859
95862
95865
95869
95874
95901
95920
95927
95932
95936
95937
95943
95947
95957
95965
95993
96007
96008
96021
96025
96027
96033
96037
96044
96046
96048
96055
96065
96066
96067
96075
96079
96081
96082
96086
96109
96110
96115
96124
96127
96132
96134
96137
96145
96146
96152
96153
96162
96163
96170
96172
96200
96206
96217
96225
96250
96253
96254
96257
96262
96265
96269
96271
96276
96282
96288
96292
96317
96344
96347
96352
96355
96356
96366
96373
96375
96380
96387
96401
96403
96457
96465
96469
96475
96484
96491
96494
96495
96496
96516
96522
96527
96528
96537
96539
96543
96547
96555
96557
96568
96569
96570
96603
96606
96612
96616
96620
96621
96631
96634
96636
96637
96638
96652
96656
96659
96671
96677
96678
96687
96689
96692
96705
96706
96707
96710
96716
96722
96728
96745
96751
96752
96754
96758
96759
96766
96771
96772
96782
96784
96785
96788
96791
96793
96799
96805
96806
96809
96821
96825
96830
96833
96836
96847
96857
96861
96870
96872
96890
96905
96914
96918
96926
96927
96933
96934
96944
96946
96951
96952
96956
96963
96970
96985
96987
96988
96991
96996
96997
97002
97006
97030
97038
97054
97076
97095
97096
97101
97102
97117
97122
97134
97147
97153
97159
97162
97171
97172
97182
97185
97186
97190
97193
97196
97197
97199
97204
97221
97226
97235
97239
97242
97249
97254
97259
97270
97277
97280
97285
97299
97309
97310
97312
97320
97321
97345
97346
97350
97352
97358
97360
97371
97372
97377
97411
97418
97427
97445
97452
97460
97463
97465
97470
97474
97482
97490
97494
97497
97502
97508
97510
97531
97544
97550
97553
97566
97567
97569
97577
97583
97590
97592
97601
97609
97631
97634
97641
97648
97654
97660
97664
97665
97670
97675
97683
97684
97690
97691
97697
97701
97714
97728
97729
97732
97738
97742
97745
97746
97747
97767
97788
97793
97795
97797
97802
97811
97815
97818
97821
97822
97826
97830
97834
97835
97840
97846
97847
97849
97861
97866
97869
97871
97879
97882
97890
97919
97920
97923
97927
97930
97932
97941
97942
97946
97947
97956
97958
97959
97960
97972
97981
97984
97999
98009
98027
98032
98038
98041
98049
98057
98065
98073
98074
98075
98077
98081
98109
98112
98117
98118
98119
98121
98123
98128
98129
98130
98152
98154
98162
98165
98182
98190
98202
98204
98205
98207
98217
98228
98229
98236
98247
98253
98254
98258
98259
98260
98262
98265
98268
98270
98271
98277
98281
98285
98288
98304
98305
98309
98312
98328
98342
98345
98372
98396
98407
98420
98423
98437
98439
98445
98477
98478
98480
98481
98482
98488
98493
98494
98496
98499
98501
98502
98507
98513
98515
98522
98524
98528
98529
98530
98531
98534
98541
98547
98554
98562
98563
98584
98600
98608
98618
98624
98628
98632
98639
98652
98682
98708
98709
98710
98713
98714
98723
98725
98746
98752
98760
98763
98776
98778
98779
98786
98787
98798
98808
98810
98815
98823
98839
98847
98848
98851
98856
98867
98870
98883
98886
98888
98890
98897
98904
98910
98913
98918
98922
98924
98926
98927
98930
98936
98942
98947
98952
98960
98972
98975
98978
98988
98990
99009
99015
99025
99032
99034
99037
99038
99041
99045
99048
99049
99058
99072
99081
99085
99086
99091
99093
99096
99102
99118
99120
99123
99133
99143
99145
99146
99147
99149
99156
99172
99176
99184
99185
99188
99193
99202
99203
99215
99218
99219
99223
99229
99230
99237
99243
99247
99265
99266
99267
99288
99319
99321
99322
99323
99329
99331
99354
99356
99358
99383
99384
99387
99390
99398
99405
99416
99421
99430
99432
99443
99445
99448
99459
99461
99464
99474
99482
99486
99490
99497
99510
99518
99520
99524
99530
99531
99532
99536
99562
99569
99576
99577
99579
99590
99598
99611
99613
99622
99630
99640
99645
99660
99670
99672
99674
99676
99678
99680
99689
99690
99695
99696
99706
99709
99711
99720
99723
99735
99743
99747
99753
99770
99775
99776
99779
99791
99797
99801
99806
99811
99812
99830
99843
99856
99869
99870
99871
99872
99882
99886
99887
99895
99902
99904
99907
99909
99926
99933
99939
99956
99965
99968
99973
99978
99983
99984
99988
99993
100006
100016
100018
100020
100040
100042
100048
100053
100058
100066
100070
100084
100085
100086
100088
100089
100090
100093
100097
100105
100108
100113
100120
100123
100124
100152
100162
100168
100174
100177
100194
100206
100208
100209
100212
100215
100218
100228
100243
100245
100248
100249
100250
100254
100256
100269
100279
100284
100285
100312
100319
100330
100331
100333
100335
100339
100340
100344
100349
100351
100359
100361
100374
100375
100376
100380
100388
100389
100392
100398
100399
100425
100438
100454
100459
100461
100473
100474
100476
100487
100523
100529
100538
100551
100559
100561
100567
100570
100578
100581
100583
100595
100596
100603
100608
100610
100612
100618
100621
100626
100627
100628
100649
100650
100653
100654
100662
100685
100708
100710
100729
100741
100754
100764
100766
100773
100774
100777
100780
100785
100786
100794
100815
100833
100834
100836
100840
100850
100883
100892
100919
100920
100921
100928
100935
100936
100938
100942
100947
100949
100956
100957
100967
100975
100995
100996
101002
101007
101011
101018
101026
101035
101041
101043
101044
101048
101051
101061
101062
101064
101066
101077
101081
101098
101110
101124
101125
101133
101135
101141
101149
101153
101159
101161
101172
101173
101186
101196
101213
101217
101225
101238
101239
101244
101245
101253
101256
101272
101277
101293
101295
101301
101303
101306
101323
101325
101342
101343
101344
101349
101350
101359
101364
101365
101381
101386
101413
101418
101419
101426
101433
101436
101444
101445
101454
101457
101463
101467
101468
101486
101501
101505
101506
101515
101523
101525
101528
101529
101540
101553
101565
101568
101573
101582
101586
101605
101614
101620
101622
101634
101642
101643
101646
101648
101656
101661
101668
101669
101674
101675
101679
101686
101688
101703
101711
101730
101734
101737
101739
101742
101746
101764
101767
101770
101773
101778
101785
101810
101811
101813
101819
101820
101827
101835
101837
101838
101851
101852
101865
101868
101872
101875
101895
101898
101903
101907
101934
101949
101952
101954
101955
101990
101992
102006
102009
102010
102016
102017
102018
102035
102038
102047
102048
102060
102064
102071
102072
102087
102088
102092
102096
102101
102102
102105
102118
102127
102128
102151
102162
102163
102173
102176
102180
102194
102199
102211
102214
102220
102222
102225
102226
102229
102235
102241
102253
102258
102269
102273
102274
102280
102281
102282
102289
102290
102291
102296
102302
102303
102304
102308
102309
102313
102315
102318
102319
102321
102328
102329
102335
102336
102340
102347
102348
102353
102357
102359
102363
102371
102373
102377
102379
102385
102386
102393
102399
102410
102420
102422
102425
102430
102436
102438
102444
102445
102466
102470
102473
102474
102475
102476
102479
102484
102492
102493
102510
102514
102515
102518
102528
102530
102537
102548
102557
102558
102565
102579
102585
102588
102590
102592
102605
102618
102633
102648
102655
102658
102678
102685
102688
102698
102711
102715
102718
102721
102724
102725
102730
102733
102735
102742
102747
102761
102762
102763
102771
102772
102773
102778
102781
102813
102818
102847
102849
102851
102852
102864
102867
102881
102890
102901
102925
102930
102931
102939
102942
102944
102945
102964
102968
102969
102981
102993
102994
102999
103003
103004
103006
103019
103021
103033
103034
103035
103054
103057
103060
103061
103064
103074
103077
103080
103087
103088
103094
103097
103101
103103
103105
103111
103123
103124
103131
103138
103151
103154
103155
103165
103168
103171
103181
103184
103194
103198
103201
103211
103217
103229
103235
103241
103271
103274
103294
103302
103306
103307
103313
103320
103352
103354
103359
103360
103368
103371
103372
103373
103391
103401
103410
103412
103428
103435
103437
103438
103444
103449
103453
103455
103461
103473
103477
103483
103484
103486
103492
103502
103504
103507
103511
103512
103517
103549
103552
103553
103558
103580
103585
103589
103594
103599
103609
103629
103630
103631
103635
103643
103648
103650
103654
103655
103657
103662
103663
103664
103665
103666
103667
103671
103682
103684
103687
103691
103694
103699
103707
103711
103714
103720
103725
103727
103728
103730
103731
103734
103749
103753
103767
103775
103780
103792
103817
103819
103824
103833
103838
103839
103844
103846
103856
103859
103879
103884
103889
103890
103908
103909
103918
103935
103937
103970
103971
103976
103977
103995
104003
104005
104006
104012
104013
104025
104028
104029
104033
104036
104038
104049
104051
104053
104055
104058
104064
104070
104071
104078
104081
104094
104096
104103
104108
104114
104127
104134
104137
104140
104142
104165
104169
104174
104200
104208
104215
104218
104225
104260
104275
104277
104284
104287
104293
104300
104305
104308
104321
104325
104330
104334
104345
104349
104366
104367
104370
104375
104382
104383
104396
104409
104410
104414
104418
104419
104420
104424
104433
104440
104446
104448
104456
104460
104469
104488
104491
104493
104498
104501
104507
104514
104518
104521
104524
104529
104533
104553
104562
104571
104590
104597
104606
104612
104615
104616
104627
104629
104641
104642
104652
104657
104659
104671
104684
104690
104693
104702
104708
104712
104716
104717
104719
104720
104725
104745
104748
104757
104760
104762
104766
104782
104784
104810
104811
104816
104835
104856
104866
104883
104884
104894
104898
104899
104900
104912
104914
104916
104918
104920
104921
104922
104930
104936
104938
104943
104948
104954
104962
104976
104978
104982
104983
104999
105011
105036
105042
105049
105055
105069
105073
105074
105084
105094
105106
105109
105110
105114
105121
105126
105130
105136
105148
105163
105170
105171
105187
105192
105193
105201
105214
105220
105221
105224
105228
105229
105243
105244
105255
105256
105259
105265
105278
105284
105287
105297
105298
105303
105304
105314
105320
105324
105326
105333
105336
105347
105352
105358
105361
105362
105372
105381
105392
105399
105408
105409
105410
105412
105413
105414
105416
105419
105421
105426
105430
105438
105447
105450
105452
105453
105463
105469
105471
105473
105480
105482
105484
105504
105505
105506
105524
105531
105533
105538
105539
105554
105567
105577
105586
105587
105597
105598
105600
105602
105610
105621
105630
105632
105637
105638
105640
105653
105667
105668
105682
105687
105693
105702
105711
105715
105717
105722
105724
105727
105736
105746
105748
105755
105769
105787
105794
105796
105798
105805
105807
105812
105816
105828
105830
105844
105854
105857
105859
105861
105862
105864
105896
105903
105915
105922
105925
105933
105937
105938
105941
105942
105944
105952
105965
105973
105977
105980
105991
105997
105999
106032
106035
106039
106040
106056
106059
106061
106065
106070
106078
106085
106090
106091
106092
106096
106100
106101
106103
106105
106107
106108
106115
106119
106131
106132
106139
106155
106158
106163
106169
106171
106176
106179
106180
106198
106199
106202
106203
106206
106207
106208
106213
106220
106221
106227
106228
106233
106234
106252
106259
106260
106272
106279
106283
106294
106297
106298
106318
106319
106322
106323
106329
106335
106336
106342
106347
106362
106371
106377
106384
106387
106395
106399
106402
106404
106416
106424
106426
106436
106440
106441
106459
106460
106463
106466
106469
106475
106492
106498
106499
106512
106517
106518
106528
106542
106551
106554
106559
106560
106564
106565
106567
106568
106573
106600
106606
106619
106628
106634
106641
106643
106645
106653
106659
106660
106667
106668
106669
106678
106685
106693
106694
106695
106696
106702
106704
106719
106723
106732
106734
106737
106741
106746
106754
106755
106760
106765
106776
106778
106783
106787
106812
106828
106834
106839
106845
106852
106853
106875
106889
106891
106902
106905
106906
106907
106933
106947
106949
106954
106958
106965
106968
106973
106986
106995
107006
107012
107013
107028
107034
107035
107038
107039
107042
107044
107048
107056
107072
107094
107099
107101
107109
107115
107121
107122
107127
107129
107131
107141
107157
107160
107173
107174
107178
107182
107199
107202
107222
107226
107228
107231
107253
107256
107275
107278
107281
107282
107285
107288
107296
107325
107326
107327
107332
107335
107354
107356
107369
107374
107380
107390
107392
107399
107401
107406
107409
107412
107413
107417
107428
107430
107436
107437
107444
107450
107451
107468
107469
107473
107479
107493
107496
107510
107511
107515
107524
107533
107538
107546
107547
107550
107553
107554
107569
107574
107580
107601
107610
107628
107632
107636
107654
107659
107669
107673
107683
107690
107693
107694
107702
107706
107710
107721
107727
107733
107736
107743
107744
107745
107746
107756
107764
107775
107776
107792
107796
107807
107811
107813
107814
107821
107822
107823
107844
107847
107851
107855
107867
107868
107876
107878
107879
107889
107896
107897
107905
107906
107912
107917
107919
107920
107932
107934
107937
107939
107957
107962
107970
107973
107981
107983
108006
108015
108017
108036
108041
108043
108060
108069
108072
108075
108081
108088
108091
108093
108094
108095
108098
108102
108109
108111
108116
108124
108125
108130
108139
108140
108144
108145
108150
108155
108157
108158
108163
108164
108170
108178
108179
108180
108188
108209
108210
108212
108222
108235
108236
108251
108261
108263
108269
108274
108279
108280
108283
108286
108292
108296
108298
108306
108308
108314
108321
108324
108330
108333
108341
108348
108351
108352
108363
108368
108375
108391
108401
108403
108406
108407
108414
108418
108424
108428
108431
108463
108478
108482
108487
108490
108499
108507
108518
108524
108540
108543
108546
108551
108554
108555
108561
108564
108569
108571
108572
108586
108589
108591
108598
108599
108606
108607
108611
108625
108627
108628
108636
108640
108645
108656
108657
108659
108669
108696
108698
108715
108732
108741
108747
108748
108772
108773
108775
108781
108791
108793
108795
108797
108807
108811
108815
108816
108826
108827
108838
108847
108848
108853
108861
108862
108874
108888
108889
108898
108906
108913
108917
108920
108922
108929
108939
108957
108960
108962
108966
108972
108973
108998
109032
109033
109037
109038
109042
109044
109060
109069
109074
109075
109077
109085
109089
109090
109091
109093
109094
109101
109105
109110
109117
109118
109137
109142
109147
109163
109165
109170
109189
109190
109201
109206
109217
109222
109232
109239
109240
109248
109251
109253
109285
109299
109314
109315
109325
109339
109353
109359
109370
109372
109376
109378
109381
109391
109403
109406
109410
109432
109443
109450
109463
109464
109466
109467
109468
109476
109481
109492
109498
109511
109522
109525
109531
109533
109534
109540
109543
109559
109563
109569
109574
109578
109587
109601
109603
109609
109620
109622
109627
109629
109634
109635
109643
109648
109649
109651
109669
109670
109675
109676
109686
109687
109696
109707
109714
109719
109721
109728
109729
109731
109744
109747
109758
109770
109773
109775
109783
109790
109794
109811
109826
109836
109837
109838
109840
109842
109858
109859
109863
109868
109873
109875
109877
109879
109880
109886
109891
109900
109902
109912
109920
109932
109934
109942
109947
109951
109952
109960
109963
109967
109971
109979
109980
109982
109984
109986
109993
109995
109998
109999
110004
110007
110008
110019
110024
110030
110037
110039
110040
110041
110042
110053
110056
110061
110073
110076
110080
110086
110088
110089
110093
110094
110100
110114
110116
110124
110126
110127
110134
110137
110157
110164
110175
110176
110180
110191
110196
110207
110211
110212
110213
110217
110221
110225
110233
110238
110242
110246
110255
110263
110265
110273
110287
110289
110296
110327
110358
110364
110366
110376
110383
110384
110387
110389
110390
110393
110408
110418
110421
110422
110433
110436
110441
110443
110444
110449
110462
110464
110467
110471
110474
110477
110478
110482
110488
110495
110496
110506
110521
110526
110542
110564
110567
110568
110589
110595
110599
110610
110620
110621
110622
110629
110641
110648
110652
110656
110670
110671
110672
110677
110678
110680
110685
110690
110691
110697
110698
110700
110710
110715
110724
110729
110737
110747
110750
110752
110754
110757
110759
110770
110773
110778
110781
110782
110783
110789
110794
110795
110799
110802
110810
110829
110832
110837
110852
110860
110867
110872
110873
110889
110910
110917
110923
110928
110931
110939
110945
110948
110949
110950
110955
110958
110974
110978
110980
110985
110991
110993
111013
111014
111015
111017
111026
111042
111055
111056
111059
111065
111077
111080
111088
111092
111100
111102
111107
111123
111126
111128
111140
111142
111153
111157
111169
111176
111186
111188
111189
111190
111192
111198
111200
111206
111217
111221
111224
111232
111233
111235
111251
111260
111265
111278
111283
111285
111288
111289
111291
111299
111305
111307
111308
111310
111314
111325
111328
111331
111337
111340
111341
111344
111345
111353
111357
111364
111365
111366
111367
111374
111376
111382
111383
111388
111400
111402
111415
111421
111426
111440
111443
111450
111458
111464
111465
111467
111472
111476
111502
111509
111514
111520
111524
111529
111530
111537
111547
111550
111551
111553
111556
111559
111572
111578
111579
111582
111586
111597
111601
111605
111611
111616
111628
111633
111634
111647
111649
111652
111654
111657
111659
111662
111678
111681
111687
111688
111696
111712
111728
111741
111745
111749
111751
111754
111755
111759
111807
111808
111809
111811
111817
111831
111834
111836
111842
111843
111848
111851
111856
111861
111863
111871
111878
111892
111903
111904
111907
111915
111925
111932
111934
111935
111958
111961
111962
111969
111979
111999
112011
112012
112013
112021
112025
112029
112047
112065
112068
112079
112104
112117
112119
112120
112137
112142
112145
112147
112149
112155
112171
112172
112174
112177
112187
112193
112196
112197
112199
112203
112205
112206
112207
112213
112226
112234
112239
112250
112251
112256
112264
112269
112277
112278
112294
112301
112308
112337
112338
112340
112343
112346
112350
112351
112355
112356
112363
112366
112377
112390
112396
112403
112405
112417
112427
112428
112432
112437
112439
112447
112453
112456
112458
112460
112462
112463
112471
112475
112478
112481
112485
112494
112498
112509
112521
112522
112534
112538
112563
112569
112583
112589
112592
112593
112599
112603
112606
112613
112615
112623
112626
112629
112631
112639
112640
112659
112662
112671
112684
112685
112688
112697
112701
112705
112709
112726
112728
112733
112737
112748
112750
112751
112752
112776
112797
112802
112804
112812
112814
112815
112821
112828
112832
112843
112846
112855
112870
112873
112889
112902
112904
112919
112924
112931
112933
112940
112941
112949
112965
112966
112967
112968
112972
112974
112978
112986
112987
112989
113014
113015
113023
113026
113030
113038
113041
113057
113062
113064
113068
113073
113082
113088
113089
113101
113107
113110
113123
113129
113144
113146
113155
113159
113177
113180
113183
113186
113193
113203
113204
113222
113223
113226
113233
113238
113240
113241
113253
113254
113255
113263
113268
113269
113270
113276
113281
113290
113293
113307
113324
113326
113343
113351
113360
113364
113367
113376
113382
113392
113395
113402
113414
113417
113427
113430
113443
113452
113455
113462
113476
113477
113489
113492
113538
113540
113556
113559
113573
113587
113589
113595
113610
113611
113631
113635
113637
113644
113653
113657
113668
113669
113683
113694
113701
113703
113719
113725
113736
113741
113743
113750
113751
113755
113763
113767
113771
113773
113774
113782
113792
113793
113795
113801
113802
113804
113805
113806
113811
113816
113824
113826
113827
113840
113841
113849
113852
113859
113873
113876
113878
113881
113882
113892
113897
113899
113905
113908
113918
113921
113922
113932
113935
113941
113942
113947
113964
113972
113976
113978
113987
113995
113997
114026
114027
114035
114037
114040
114041
114050
114063
114068
114072
114073
114075
114077
114078
114083
114090
114094
114100
114103
114117
114119
114124
114134
114140
114149
114151
114159
114169
114173
114184
114190
114196
114199
114200
114201
114209
114213
114224
114229
114251
114253
114254
114260
114265
114270
114273
114287
114296
114301
114307
114309
114311
114316
114322
114326
114327
114329
114338
114343
114345
114347
114348
114358
114367
114373
114376
114378
114385
114387
114390
114403
114407
114412
114417
114421
114422
114430
114439
114451
114453
114454
114458
114470
114489
114491
114510
114511
114530
114541
114548
114549
114551
114554
114557
114560
114573
114582
114616
114621
114629
114632
114637
114643
114654
114661
114666
114672
114676
114691
114699
114700
114704
114710
114711
114717
114723
114729
114730
114734
114740
114757
114764
114768
114780
114787
114792
114793
114798
114806
114809
114829
114833
114842
114843
114859
114863
114865
114867
114889
114890
114900
114908
114918
114949
114966
114968
114978
114980
114983
114997
115006
115008
115010
115013
115024
115030
115033
115034
115039
115042
115047
115049
115059
115063
115066
115067
115069
115076
115085
115087
115092
115095
115097
115098
115107
115116
115140
115143
115151
115152
115153
115154
115155
115158
115162
115165
115173
115187
115194
115199
115201
115209
115214
115215
115231
115233
115236
115249
115253
115255
115263
115266
115271
115274
115275
115282
115294
115295
115303
115305
115310
115314
115315
115316
115339
115346
115347
115355
115357
115364
115367
115377
115379
115380
115388
115395
115404
115418
115445
115456
115459
115464
115472
115480
115481
115486
115487
115491
115496
115518
115526
115528
115545
115549
115553
115554
115556
115557
115559
115561
115565
115567
115571
115573
115574
115575
115579
115581
115583
115593
115596
115604
115614
115615
115626
115633
115640
115652
115654
115664
115666
115676
115685
115696
115699
115700
115706
115721
115734
115743
115744
115749
115761
115765
115769
115770
115787
115789
115796
115803
115807
115815
115816
115821
115822
115825
115831
115842
115844
115847
115849
115868
115869
115872
115903
115906
115913
115927
115939
115942
115945
115947
115969
115973
115985
115992
115995
115997
115998
116000
116004
116012
116020
116021
116031
116035
116036
116038
116048
116050
116063
116067
116074
116076
116077
116079
116081
116090
116104
116114
116128
116146
116148
116154
116155
116157
116160
116167
116169
116178
116192
116193
116196
116202
116216
116217
116238
116241
116244
116248
116249
116250
116251
116254
116257
116260
116261
116262
116264
116268
116270
116289
116290
116298
116302
116303
116313
116333
116336
116344
116353
116357
116372
116374
116406
116408
116414
116419
116424
116431
116437
116452
116455
116469
116471
116472
116484
116487
116490
116491
116502
116510
116515
116517
116522
116526
116528
116533
116534
116543
116551
116557
116559
116585
116591
116595
116603
116609
116626
116630
116635
116636
116640
116647
116650
116654
116658
116661
116666
116668
116671
116678
116695
116706
116707
116709
116711
116719
116729
116731
116739
116744
116750
116754
116765
116766
116777
116778
116785
116792
116795
116799
116801
116812
116815
116829
116840
116850
116856
116859
116861
116862
116877
116884
116885
116886
116900
116901
116902
116906
116908
116918
116924
116925
116928
116933
116938
116948
116949
116952
116963
116967
116988
116993
117011
117029
117037
117039
117045
117049
117052
117055
117058
117060
117070
117080
117081
117090
117108
117111
117113
117119
117124
117141
117143
117144
117149
117150
117152
117155
117157
117163
117164
117170
117175
117186
117194
117197
117206
117210
117230
117233
117243
117258
117260
117278
117280
117284
117296
117297
117300
117313
117329
117332
117336
117338
117340
117341
117347
117357
117358
117366
117371
117383
117390
117399
117402
117404
117410
117426
117428
117434
117437
117453
117459
117462
117472
117482
117484
117486
117487
117499
117509
117514
117530
117537
117544
117554
117558
117561
117574
117578
117579
117582
117586
117591
117593
117595
117596
117613
117619
117632
117639
117647
